  0
SECTION
  2
ENTITIES
  0
POLYLINE
  8
Paper
 70
1
 62
0
 10
0
 20
0
  0
VERTEX
 10
354.495944
 20
-354.495944
  0
VERTEX
 10
354.495944
 20
354.495944
  0
VERTEX
 10
-354.495944
 20
354.495944
  0
VERTEX
 10
-354.495944
 20
-354.495944
  0
SEQEND
  0
POLYLINE
  8
Paper
 70
1
 62
0
 10
0
 20
0
  0
VERTEX
 10
-352.822607
 20
-5.744060
  0
VERTEX
 10
-354.495944
 20
-30.825538
  0
VERTEX
 10
-352.692469
 20
-65.219802
  0
VERTEX
 10
-352.686206
 20
-65.339236
  0
VERTEX
 10
-350.882731
 20
-99.733489
  0
VERTEX
 10
-350.881279
 20
-99.761181
  0
VERTEX
 10
-349.077805
 20
-134.155434
  0
VERTEX
 10
-349.077805
 20
-134.155434
  0
VERTEX
 10
-347.274329
 20
-168.549696
  0
VERTEX
 10
-347.274329
 20
-168.549696
  0
VERTEX
 10
-316.248360
 20
-192.209746
  0
VERTEX
 10
-316.248360
 20
-192.209746
  0
VERTEX
 10
-284.626968
 20
-215.067921
  0
VERTEX
 10
-281.050395
 20
-217.484414
  0
VERTEX
 10
-248.043498
 20
-238.291997
  0
VERTEX
 10
-245.037619
 20
-240.021266
  0
VERTEX
 10
-210.458355
 20
-258.095696
  0
VERTEX
 10
-207.038639
 20
-259.691335
  0
VERTEX
 10
-170.972838
 20
-274.579877
  0
VERTEX
 10
-165.040192
 20
-276.703909
  0
VERTEX
 10
-127.720173
 20
-288.089278
  0
VERTEX
 10
-118.884940
 20
-290.316346
  0
VERTEX
 10
-80.627206
 20
-297.981610
  0
VERTEX
 10
-69.843202
 20
-299.587028
  0
VERTEX
 10
-31.011748
 20
-303.398056
  0
VERTEX
 10
-19.294544
 20
-303.956017
  0
VERTEX
 10
19.723383
 20
-303.852096
  0
VERTEX
 10
31.333878
 20
-303.238487
  0
VERTEX
 10
70.145404
 20
-299.229155
  0
VERTEX
 10
80.600307
 20
-297.622206
  0
VERTEX
 10
118.824393
 20
-289.790936
  0
VERTEX
 10
127.075671
 20
-287.680538
  0
VERTEX
 10
164.365837
 20
-276.197815
  0
VERTEX
 10
169.383486
 20
-274.397229
  0
VERTEX
 10
205.466308
 20
-259.550012
  0
VERTEX
 10
207.474296
 20
-258.626103
  0
VERTEX
 10
242.224181
 20
-240.881978
  0
VERTEX
 10
243.005750
 20
-240.452209
  0
VERTEX
 10
276.603724
 20
-220.613236
  0
VERTEX
 10
276.603724
 20
-220.613236
  0
VERTEX
 10
309.890819
 20
-200.256958
  0
VERTEX
 10
315.728355
 20
-191.793079
  0
VERTEX
 10
322.084808
 20
-157.943215
  0
VERTEX
 10
323.955855
 20
-147.979373
  0
VERTEX
 10
330.312307
 20
-114.129518
  0
VERTEX
 10
332.807765
 20
-100.840521
  0
VERTEX
 10
339.164216
 20
-66.990666
  0
VERTEX
 10
343.110528
 20
-45.975470
  0
VERTEX
 10
349.466982
 20
-12.125605
  0
VERTEX
 10
352.102498
 20
1.909245
  0
VERTEX
 10
352.822608
 20
5.744025
  0
VERTEX
 10
354.495944
 20
30.825506
  0
VERTEX
 10
352.692468
 20
65.219765
  0
VERTEX
 10
352.686205
 20
65.339210
  0
VERTEX
 10
350.882728
 20
99.733471
  0
VERTEX
 10
350.881275
 20
99.761182
  0
VERTEX
 10
349.077798
 20
134.155441
  0
VERTEX
 10
349.077798
 20
134.155441
  0
VERTEX
 10
347.274322
 20
168.549702
  0
VERTEX
 10
347.274321
 20
168.549702
  0
VERTEX
 10
316.248351
 20
192.209751
  0
VERTEX
 10
316.248351
 20
192.209751
  0
VERTEX
 10
284.626957
 20
215.067926
  0
VERTEX
 10
281.050393
 20
217.484412
  0
VERTEX
 10
248.043518
 20
238.291980
  0
VERTEX
 10
245.037631
 20
240.021254
  0
VERTEX
 10
210.458390
 20
258.095672
  0
VERTEX
 10
207.038686
 20
259.691305
  0
VERTEX
 10
170.972895
 20
274.579845
  0
VERTEX
 10
165.040204
 20
276.703893
  0
VERTEX
 10
127.720197
 20
288.089260
  0
VERTEX
 10
118.884933
 20
290.316337
  0
VERTEX
 10
80.627211
 20
297.981601
  0
VERTEX
 10
69.843185
 20
299.587022
  0
VERTEX
 10
31.011686
 20
303.398055
  0
VERTEX
 10
19.294463
 20
303.956017
  0
VERTEX
 10
-19.723464
 20
303.852094
  0
VERTEX
 10
-31.333945
 20
303.238485
  0
VERTEX
 10
-70.145425
 20
299.229159
  0
VERTEX
 10
-80.600297
 20
297.622214
  0
VERTEX
 10
-118.824395
 20
289.790944
  0
VERTEX
 10
-127.075647
 20
287.680554
  0
VERTEX
 10
-164.365827
 20
276.197829
  0
VERTEX
 10
-169.383432
 20
274.397259
  0
VERTEX
 10
-205.466263
 20
259.550040
  0
VERTEX
 10
-207.474253
 20
258.626129
  0
VERTEX
 10
-242.224161
 20
240.881993
  0
VERTEX
 10
-243.005730
 20
240.452224
  0
VERTEX
 10
-276.603727
 20
220.613238
  0
VERTEX
 10
-276.603727
 20
220.613238
  0
VERTEX
 10
-309.890820
 20
200.256959
  0
VERTEX
 10
-315.728346
 20
191.793093
  0
VERTEX
 10
-322.084799
 20
157.943231
  0
VERTEX
 10
-323.955846
 20
147.979392
  0
VERTEX
 10
-330.312299
 20
114.129531
  0
VERTEX
 10
-332.807759
 20
100.840519
  0
VERTEX
 10
-339.164212
 20
66.990657
  0
VERTEX
 10
-343.110527
 20
45.975443
  0
VERTEX
 10
-349.466979
 20
12.125583
  0
VERTEX
 10
-352.102498
 20
-1.909280
  0
SEQEND
  0
POLYLINE
  8
Polygon
 70
1
 62
0
 10
0
 20
0
  0
VERTEX
 10
1.950876
 20
14.972612
  0
VERTEX
 10
4.522204
 20
49.318002
  0
VERTEX
 10
-4.522260
 20
49.318002
  0
VERTEX
 10
-1.950930
 20
14.972612
  0
SEQEND
  0
POLYLINE
  8
Polygon
 70
1
 62
0
 10
0
 20
0
  0
VERTEX
 10
4.519700
 20
87.998634
  0
VERTEX
 10
10.723049
 20
121.876890
  0
VERTEX
 10
-10.736888
 20
121.874112
  0
VERTEX
 10
-4.524764
 20
87.997464
  0
SEQEND
  0
POLYLINE
  8
Polygon
 70
1
 62
0
 10
0
 20
0
  0
VERTEX
 10
10.712687
 20
152.971524
  0
VERTEX
 10
16.902228
 20
186.852303
  0
VERTEX
 10
-16.973176
 20
186.834110
  0
VERTEX
 10
-10.747247
 20
152.960000
  0
SEQEND
  0
POLYLINE
  8
Polygon
 70
1
 62
0
 10
0
 20
0
  0
VERTEX
 10
16.870010
 20
220.442482
  0
VERTEX
 10
19.393894
 20
254.791394
  0
VERTEX
 10
-19.624135
 20
254.737497
  0
VERTEX
 10
-17.005368
 20
220.395689
  0
SEQEND
  0
POLYLINE
  8
Polygon
 70
1
 62
0
 10
0
 20
0
  0
VERTEX
 10
19.624059
 20
-254.737496
  0
VERTEX
 10
17.005291
 20
-220.395686
  0
VERTEX
 10
-16.870082
 20
-220.442476
  0
VERTEX
 10
-19.393970
 20
-254.791387
  0
SEQEND
  0
POLYLINE
  8
Polygon
 70
1
 62
0
 10
0
 20
0
  0
VERTEX
 10
16.973104
 20
-186.834105
  0
VERTEX
 10
10.747182
 20
-152.960000
  0
VERTEX
 10
-10.712751
 20
-152.971522
  0
VERTEX
 10
-16.902297
 20
-186.852293
  0
SEQEND
  0
POLYLINE
  8
Polygon
 70
1
 62
0
 10
0
 20
0
  0
VERTEX
 10
10.736827
 20
-121.874129
  0
VERTEX
 10
4.524709
 20
-87.997487
  0
VERTEX
 10
-4.519756
 20
-87.998658
  0
VERTEX
 10
-10.723110
 20
-121.876904
  0
SEQEND
  0
POLYLINE
  8
Polygon
 70
1
 62
0
 10
0
 20
0
  0
VERTEX
 10
4.522205
 20
-49.318035
  0
VERTEX
 10
1.950876
 20
-14.972640
  0
VERTEX
 10
-1.950930
 20
-14.972640
  0
VERTEX
 10
-4.522260
 20
-49.318035
  0
SEQEND
  0
POLYLINE
  8
Polygon
 70
1
 62
0
 10
0
 20
0
  0
VERTEX
 10
38.511231
 20
14.773493
  0
VERTEX
 10
41.420463
 20
49.091912
  0
VERTEX
 10
32.376438
 20
49.180928
  0
VERTEX
 10
34.609613
 20
14.811894
  0
SEQEND
  0
POLYLINE
  8
Polygon
 70
1
 62
0
 10
0
 20
0
  0
VERTEX
 10
42.180099
 20
87.301878
  0
VERTEX
 10
49.398312
 20
120.978504
  0
VERTEX
 10
27.947973
 20
121.620356
  0
VERTEX
 10
33.139683
 20
87.572391
  0
SEQEND
  0
POLYLINE
  8
Polygon
 70
1
 62
0
 10
0
 20
0
  0
VERTEX
 10
50.633219
 20
151.404296
  0
VERTEX
 10
58.567146
 20
184.919522
  0
VERTEX
 10
24.736155
 20
186.653750
  0
VERTEX
 10
29.201420
 20
152.502923
  0
SEQEND
  0
POLYLINE
  8
Polygon
 70
1
 62
0
 10
0
 20
0
  0
VERTEX
 10
60.613575
 20
217.578451
  0
VERTEX
 10
65.715092
 20
251.640046
  0
VERTEX
 10
26.803641
 20
254.522451
  0
VERTEX
 10
26.830725
 20
220.080950
  0
SEQEND
  0
POLYLINE
  8
Polygon
 70
1
 62
0
 10
0
 20
0
  0
VERTEX
 10
65.855524
 20
-251.480047
  0
VERTEX
 10
60.674839
 20
-217.430404
  0
VERTEX
 10
26.897899
 20
-220.011428
  0
VERTEX
 10
26.950878
 20
-254.452900
  0
SEQEND
  0
POLYLINE
  8
Polygon
 70
1
 62
0
 10
0
 20
0
  0
VERTEX
 10
58.586452
 20
-184.874383
  0
VERTEX
 10
50.631167
 20
-151.364226
  0
VERTEX
 10
29.200077
 20
-152.476509
  0
VERTEX
 10
24.756575
 20
-186.630167
  0
SEQEND
  0
POLYLINE
  8
Polygon
 70
1
 62
0
 10
0
 20
0
  0
VERTEX
 10
49.388317
 20
-120.974449
  0
VERTEX
 10
42.170759
 20
-87.297691
  0
VERTEX
 10
33.130335
 20
-87.568029
  0
VERTEX
 10
27.937971
 20
-121.615887
  0
SEQEND
  0
POLYLINE
  8
Polygon
 70
1
 62
0
 10
0
 20
0
  0
VERTEX
 10
41.414111
 20
-49.094949
  0
VERTEX
 10
38.509319
 20
-14.776149
  0
VERTEX
 10
34.607696
 20
-14.814045
  0
VERTEX
 10
32.370072
 20
-49.182794
  0
SEQEND
  0
POLYLINE
  8
Polygon
 70
1
 62
0
 10
0
 20
0
  0
VERTEX
 10
74.755014
 20
14.229548
  0
VERTEX
 10
77.984151
 20
48.519345
  0
VERTEX
 10
68.941348
 20
48.692696
  0
VERTEX
 10
70.853924
 20
14.304332
  0
SEQEND
  0
POLYLINE
  8
Polygon
 70
1
 62
0
 10
0
 20
0
  0
VERTEX
 10
79.425917
 20
85.519653
  0
VERTEX
 10
87.611284
 20
118.974360
  0
VERTEX
 10
66.188344
 20
120.233885
  0
VERTEX
 10
70.397044
 20
86.050489
  0
SEQEND
  0
POLYLINE
  8
Polygon
 70
1
 62
0
 10
0
 20
0
  0
VERTEX
 10
89.930686
 20
147.855206
  0
VERTEX
 10
99.540753
 20
180.928824
  0
VERTEX
 10
65.839863
 20
184.362928
  0
VERTEX
 10
68.581307
 20
150.030698
  0
SEQEND
  0
POLYLINE
  8
Polygon
 70
1
 62
0
 10
0
 20
0
  0
VERTEX
 10
103.382618
 20
211.547075
  0
VERTEX
 10
110.993744
 20
245.137081
  0
VERTEX
 10
72.402792
 20
250.894513
  0
VERTEX
 10
69.878034
 20
216.545666
  0
SEQEND
  0
POLYLINE
  8
Polygon
 70
1
 62
0
 10
0
 20
0
  0
VERTEX
 10
110.876271
 20
-244.964655
  0
VERTEX
 10
103.238582
 20
-211.380679
  0
VERTEX
 10
69.737963
 20
-216.405767
  0
VERTEX
 10
72.289885
 20
-250.752607
  0
SEQEND
  0
POLYLINE
  8
Polygon
 70
1
 62
0
 10
0
 20
0
  0
VERTEX
 10
99.417535
 20
-180.923485
  0
VERTEX
 10
89.834935
 20
-147.841905
  0
VERTEX
 10
68.483755
 20
-149.999669
  0
VERTEX
 10
65.713806
 20
-184.329606
  0
SEQEND
  0
POLYLINE
  8
Polygon
 70
1
 62
0
 10
0
 20
0
  0
VERTEX
 10
87.542821
 20
-118.998261
  0
VERTEX
 10
79.385688
 20
-85.536665
  0
VERTEX
 10
70.356371
 20
-86.059884
  0
VERTEX
 10
66.118823
 20
-120.239707
  0
SEQEND
  0
POLYLINE
  8
Polygon
 70
1
 62
0
 10
0
 20
0
  0
VERTEX
 10
77.966248
 20
-48.532741
  0
VERTEX
 10
74.749762
 20
-14.241750
  0
VERTEX
 10
70.848645
 20
-14.315095
  0
VERTEX
 10
68.923383
 20
-48.702756
  0
SEQEND
  0
POLYLINE
  8
Polygon
 70
1
 62
0
 10
0
 20
0
  0
VERTEX
 10
110.411217
 20
13.392980
  0
VERTEX
 10
113.905454
 20
47.656778
  0
VERTEX
 10
104.864263
 20
47.900060
  0
VERTEX
 10
106.510823
 20
13.497933
  0
SEQEND
  0
POLYLINE
  8
Polygon
 70
1
 62
0
 10
0
 20
0
  0
VERTEX
 10
115.860662
 20
82.794338
  0
VERTEX
 10
124.897920
 20
116.029045
  0
VERTEX
 10
103.514138
 20
117.835382
  0
VERTEX
 10
106.848295
 20
83.555635
  0
SEQEND
  0
POLYLINE
  8
Polygon
 70
1
 62
0
 10
0
 20
0
  0
VERTEX
 10
127.996739
 20
142.573782
  0
VERTEX
 10
139.137238
 20
175.163762
  0
VERTEX
 10
105.632925
 20
180.164228
  0
VERTEX
 10
106.771891
 20
145.741556
  0
SEQEND
  0
POLYLINE
  8
Polygon
 70
1
 62
0
 10
0
 20
0
  0
VERTEX
 10
144.258034
 20
202.731484
  0
VERTEX
 10
154.235056
 20
235.696264
  0
VERTEX
 10
116.150331
 20
244.179376
  0
VERTEX
 10
111.192945
 20
210.096506
  0
SEQEND
  0
POLYLINE
  8
Polygon
 70
1
 62
0
 10
0
 20
0
  0
VERTEX
 10
153.699538
 20
-235.712037
  0
VERTEX
 10
143.810625
 20
-202.720718
  0
VERTEX
 10
110.725981
 20
-209.997369
  0
VERTEX
 10
115.592283
 20
-244.093364
  0
SEQEND
  0
POLYLINE
  8
Polygon
 70
1
 62
0
 10
0
 20
0
  0
VERTEX
 10
138.815973
 20
-175.330721
  0
VERTEX
 10
127.802847
 20
-142.697483
  0
VERTEX
 10
106.565791
 20
-145.782336
  0
VERTEX
 10
105.292389
 20
-180.200290
  0
SEQEND
  0
POLYLINE
  8
Polygon
 70
1
 62
0
 10
0
 20
0
  0
VERTEX
 10
124.782587
 20
-116.126604
  0
VERTEX
 10
115.817032
 20
-82.872491
  0
VERTEX
 10
106.803041
 20
-83.614346
  0
VERTEX
 10
103.394961
 20
-117.886816
  0
SEQEND
  0
POLYLINE
  8
Polygon
 70
1
 62
0
 10
0
 20
0
  0
VERTEX
 10
113.899083
 20
-47.677881
  0
VERTEX
 10
110.409426
 20
-13.413611
  0
VERTEX
 10
106.509017
 20
-13.518042
  0
VERTEX
 10
104.857857
 20
-47.919954
  0
SEQEND
  0
POLYLINE
  8
Polygon
 70
1
 62
0
 10
0
 20
0
  0
VERTEX
 10
145.344162
 20
12.374627
  0
VERTEX
 10
148.976559
 20
46.624053
  0
VERTEX
 10
139.936422
 20
46.903797
  0
VERTEX
 10
141.444222
 20
12.495309
  0
SEQEND
  0
POLYLINE
  8
Polygon
 70
1
 62
0
 10
0
 20
0
  0
VERTEX
 10
151.178853
 20
79.385657
  0
VERTEX
 10
160.847045
 20
112.442334
  0
VERTEX
 10
139.501518
 20
114.655350
  0
VERTEX
 10
142.182609
 20
80.318351
  0
SEQEND
  0
POLYLINE
  8
Polygon
 70
1
 62
0
 10
0
 20
0
  0
VERTEX
 10
164.297128
 20
135.991643
  0
VERTEX
 10
176.715198
 20
168.116543
  0
VERTEX
 10
143.434347
 20
174.435448
  0
VERTEX
 10
143.213842
 20
139.994645
  0
SEQEND
  0
POLYLINE
  8
Polygon
 70
1
 62
0
 10
0
 20
0
  0
VERTEX
 10
182.405343
 20
191.781426
  0
VERTEX
 10
194.506912
 20
224.026884
  0
VERTEX
 10
157.055119
 20
234.970973
  0
VERTEX
 10
149.889770
 20
201.283060
  0
SEQEND
  0
POLYLINE
  8
Polygon
 70
1
 62
0
 10
0
 20
0
  0
VERTEX
 10
193.411463
 20
-224.611441
  0
VERTEX
 10
181.638843
 20
-192.244435
  0
VERTEX
 10
149.028213
 20
-201.414502
  0
VERTEX
 10
155.850179
 20
-235.173627
  0
SEQEND
  0
POLYLINE
  8
Polygon
 70
1
 62
0
 10
0
 20
0
  0
VERTEX
 10
176.224156
 20
-168.683554
  0
VERTEX
 10
164.126786
 20
-136.436525
  0
VERTEX
 10
143.004664
 20
-140.229261
  0
VERTEX
 10
142.882002
 20
-174.670545
  0
SEQEND
  0
POLYLINE
  8
Polygon
 70
1
 62
0
 10
0
 20
0
  0
VERTEX
 10
160.809286
 20
-112.656956
  0
VERTEX
 10
151.264929
 20
-79.564321
  0
VERTEX
 10
142.265254
 20
-80.463327
  0
VERTEX
 10
139.455625
 20
-114.790039
  0
SEQEND
  0
POLYLINE
  8
Polygon
 70
1
 62
0
 10
0
 20
0
  0
VERTEX
 10
149.075602
 20
-46.596836
  0
VERTEX
 10
145.370436
 20
-12.355200
  0
VERTEX
 10
141.470761
 20
-12.484169
  0
VERTEX
 10
140.036078
 20
-46.895789
  0
SEQEND
  0
POLYLINE
  8
Polygon
 70
1
 62
0
 10
0
 20
0
  0
VERTEX
 10
181.076794
 20
11.355060
  0
VERTEX
 10
184.560361
 20
45.619944
  0
VERTEX
 10
175.519096
 20
45.860411
  0
VERTEX
 10
177.176367
 20
11.458798
  0
SEQEND
  0
POLYLINE
  8
Polygon
 70
1
 62
0
 10
0
 20
0
  0
VERTEX
 10
186.613645
 20
75.552872
  0
VERTEX
 10
196.515655
 20
108.540265
  0
VERTEX
 10
175.186337
 20
110.904364
  0
VERTEX
 10
177.624233
 20
76.549241
  0
SEQEND
  0
POLYLINE
  8
Polygon
 70
1
 62
0
 10
0
 20
0
  0
VERTEX
 10
199.782484
 20
128.456929
  0
VERTEX
 10
213.067562
 20
160.233087
  0
VERTEX
 10
179.970411
 20
167.452611
  0
VERTEX
 10
178.815570
 20
133.030467
  0
SEQEND
  0
POLYLINE
  8
Polygon
 70
1
 62
0
 10
0
 20
0
  0
VERTEX
 10
218.456121
 20
179.198087
  0
VERTEX
 10
232.299464
 20
210.735041
  0
VERTEX
 10
195.500783
 20
223.706762
  0
VERTEX
 10
186.507573
 20
190.460112
  0
SEQEND
  0
POLYLINE
  8
Polygon
 70
1
 62
0
 10
0
 20
0
  0
VERTEX
 10
230.546299
 20
-212.635947
  0
VERTEX
 10
217.557723
 20
-180.737441
  0
VERTEX
 10
185.317329
 20
-191.134544
  0
VERTEX
 10
193.411464
 20
-224.611441
  0
SEQEND
  0
POLYLINE
  8
Polygon
 70
1
 62
0
 10
0
 20
0
  0
VERTEX
 10
212.624244
 20
-161.604097
  0
VERTEX
 10
200.042153
 20
-129.543092
  0
VERTEX
 10
178.979608
 20
-133.653798
  0
VERTEX
 10
179.376137
 20
-168.093019
  0
SEQEND
  0
POLYLINE
  8
Polygon
 70
1
 62
0
 10
0
 20
0
  0
VERTEX
 10
196.938496
 20
-108.878192
  0
VERTEX
 10
187.200895
 20
-75.841903
  0
VERTEX
 10
178.206631
 20
-76.793491
  0
VERTEX
 10
175.597670
 20
-111.136039
  0
SEQEND
  0
POLYLINE
  8
Polygon
 70
1
 62
0
 10
0
 20
0
  0
VERTEX
 10
185.026548
 20
-45.322679
  0
VERTEX
 10
181.191878
 20
-11.095305
  0
VERTEX
 10
177.292720
 20
-11.239025
  0
VERTEX
 10
175.988223
 20
-45.655825
  0
SEQEND
  0
POLYLINE
  8
Polygon
 70
1
 62
0
 10
0
 20
0
  0
VERTEX
 10
221.703227
 20
10.824873
  0
VERTEX
 10
224.339173
 20
45.165364
  0
VERTEX
 10
215.294727
 20
45.182382
  0
VERTEX
 10
217.801429
 20
10.832215
  0
SEQEND
  0
POLYLINE
  8
Polygon
 70
1
 62
0
 10
0
 20
0
  0
VERTEX
 10
225.643438
 20
71.554804
  0
VERTEX
 10
235.099165
 20
104.672881
  0
VERTEX
 10
213.739873
 20
106.748789
  0
VERTEX
 10
216.641392
 20
72.429711
  0
SEQEND
  0
POLYLINE
  8
Polygon
 70
1
 62
0
 10
0
 20
0
  0
VERTEX
 10
237.563182
 20
119.988611
  0
VERTEX
 10
251.082289
 20
151.665912
  0
VERTEX
 10
218.039292
 20
159.129373
  0
VERTEX
 10
216.630574
 20
124.716685
  0
SEQEND
  0
POLYLINE
  8
Polygon
 70
1
 62
0
 10
0
 20
0
  0
VERTEX
 10
255.144564
 20
164.866977
  0
VERTEX
 10
270.114213
 20
195.885151
  0
VERTEX
 10
233.806342
 20
210.173161
  0
VERTEX
 10
223.622139
 20
177.271799
  0
SEQEND
  0
POLYLINE
  8
Polygon
 70
1
 62
0
 10
0
 20
0
  0
VERTEX
 10
267.718118
 20
-200.775737
  0
VERTEX
 10
254.828587
 20
-168.837083
  0
VERTEX
 10
222.556086
 20
-179.134092
  0
VERTEX
 10
230.546299
 20
-212.635947
  0
SEQEND
  0
POLYLINE
  8
Polygon
 70
1
 62
0
 10
0
 20
0
  0
VERTEX
 10
251.327376
 20
-154.677021
  0
VERTEX
 10
239.285728
 20
-122.409144
  0
VERTEX
 10
218.157090
 20
-126.165389
  0
VERTEX
 10
217.974939
 20
-160.606409
  0
SEQEND
  0
POLYLINE
  8
Polygon
 70
1
 62
0
 10
0
 20
0
  0
VERTEX
 10
236.941392
 20
-105.046583
  0
VERTEX
 10
227.631661
 20
-71.887178
  0
VERTEX
 10
218.625848
 20
-72.722417
  0
VERTEX
 10
215.573163
 20
-107.028369
  0
SEQEND
  0
POLYLINE
  8
Polygon
 70
1
 62
0
 10
0
 20
0
  0
VERTEX
 10
225.835341
 20
-43.852166
  0
VERTEX
 10
222.046850
 20
-9.619650
  0
VERTEX
 10
218.147502
 20
-9.758109
  0
VERTEX
 10
216.796576
 20
-44.173118
  0
SEQEND
  0
POLYLINE
  8
Polygon
 70
1
 62
0
 10
0
 20
0
  0
VERTEX
 10
271.265789
 20
12.933767
  0
VERTEX
 10
271.068481
 20
47.374711
  0
VERTEX
 10
262.053277
 20
46.647813
  0
VERTEX
 10
267.376605
 20
12.620182
  0
SEQEND
  0
POLYLINE
  8
Polygon
 70
1
 62
0
 10
0
 20
0
  0
VERTEX
 10
270.781720
 20
68.361139
  0
VERTEX
 10
278.779751
 20
101.861129
  0
VERTEX
 10
257.350099
 20
103.000753
  0
VERTEX
 10
261.750022
 20
68.841443
  0
SEQEND
  0
POLYLINE
  8
Polygon
 70
1
 62
0
 10
0
 20
0
  0
VERTEX
 10
279.962280
 20
111.080435
  0
VERTEX
 10
292.840928
 20
143.023478
  0
VERTEX
 10
259.654375
 20
149.820216
  0
VERTEX
 10
258.938731
 20
115.386141
  0
SEQEND
  0
POLYLINE
  8
Polygon
 70
1
 62
0
 10
0
 20
0
  0
VERTEX
 10
294.693778
 20
149.253723
  0
VERTEX
 10
309.700973
 20
180.253752
  0
VERTEX
 10
273.410426
 20
194.585708
  0
VERTEX
 10
263.186394
 20
161.696703
  0
SEQEND
  0
POLYLINE
  8
Polygon
 70
1
 62
0
 10
0
 20
0
  0
VERTEX
 10
306.683031
 20
-192.260378
  0
VERTEX
 10
296.872227
 20
-159.245747
  0
VERTEX
 10
263.770463
 20
-166.444075
  0
VERTEX
 10
268.556057
 20
-200.551490
  0
SEQEND
  0
POLYLINE
  8
Polygon
 70
1
 62
0
 10
0
 20
0
  0
VERTEX
 10
295.278841
 20
-149.490569
  0
VERTEX
 10
285.399893
 20
-116.496274
  0
VERTEX
 10
264.068932
 20
-118.845467
  0
VERTEX
 10
261.607025
 20
-153.198869
  0
SEQEND
  0
POLYLINE
  8
Polygon
 70
1
 62
0
 10
0
 20
0
  0
VERTEX
 10
284.219450
 20
-102.023537
  0
VERTEX
 10
276.223171
 20
-68.523138
  0
VERTEX
 10
267.191445
 20
-69.002970
  0
VERTEX
 10
262.789741
 20
-103.162043
  0
SEQEND
  0
POLYLINE
  8
Polygon
 70
1
 62
0
 10
0
 20
0
  0
VERTEX
 10
275.350157
 20
-42.708195
  0
VERTEX
 10
272.279972
 20
-8.403795
  0
VERTEX
 10
268.378579
 20
-8.460498
  0
VERTEX
 10
266.306649
 20
-42.839634
  0
SEQEND
  0
POLYLINE
  8
Polygon
 70
1
 62
0
 10
0
 20
0
  0
VERTEX
 10
328.247274
 20
26.320244
  0
VERTEX
 10
318.478692
 20
59.347389
  0
VERTEX
 10
310.021369
 20
56.141774
  0
VERTEX
 10
324.598761
 20
24.937332
  0
SEQEND
  0
POLYLINE
  8
Polygon
 70
1
 62
0
 10
0
 20
0
  0
VERTEX
 10
316.953401
 20
67.538156
  0
VERTEX
 10
322.960447
 20
101.451768
  0
VERTEX
 10
301.500890
 20
101.324709
  0
VERTEX
 10
307.909099
 20
67.484605
  0
SEQEND
  0
POLYLINE
  8
Polygon
 70
1
 62
0
 10
0
 20
0
  0
VERTEX
 10
323.133909
 20
103.749097
  0
VERTEX
 10
334.550749
 20
136.243302
  0
VERTEX
 10
301.090120
 20
141.528098
  0
VERTEX
 10
301.936732
 20
107.096996
  0
SEQEND
  0
POLYLINE
  8
Polygon
 70
1
 62
0
 10
0
 20
0
  0
VERTEX
 10
334.615072
 20
136.519074
  0
VERTEX
 10
347.274321
 20
168.549702
  0
VERTEX
 10
310.018075
 20
180.141978
  0
VERTEX
 10
302.269272
 20
146.583466
  0
SEQEND
  0
POLYLINE
  8
Polygon
 70
1
 62
0
 10
0
 20
0
  0
VERTEX
 10
-310.018084
 20
-180.141974
  0
VERTEX
 10
-302.269280
 20
-146.583461
  0
VERTEX
 10
-334.615077
 20
-136.519068
  0
VERTEX
 10
-347.274329
 20
-168.549696
  0
SEQEND
  0
POLYLINE
  8
Polygon
 70
1
 62
0
 10
0
 20
0
  0
VERTEX
 10
-301.090127
 20
-141.528093
  0
VERTEX
 10
-301.936736
 20
-107.096996
  0
VERTEX
 10
-323.133911
 20
-103.749100
  0
VERTEX
 10
-334.550754
 20
-136.243296
  0
SEQEND
  0
POLYLINE
  8
Polygon
 70
1
 62
0
 10
0
 20
0
  0
VERTEX
 10
-301.500895
 20
-101.324727
  0
VERTEX
 10
-307.909100
 20
-67.484632
  0
VERTEX
 10
-316.953405
 20
-67.538183
  0
VERTEX
 10
-322.960450
 20
-101.451788
  0
SEQEND
  0
POLYLINE
  8
Polygon
 70
1
 62
0
 10
0
 20
0
  0
VERTEX
 10
-310.021369
 20
-56.141812
  0
VERTEX
 10
-324.598762
 20
-24.937366
  0
VERTEX
 10
-328.247275
 20
-26.320277
  0
VERTEX
 10
-318.478694
 20
-59.347429
  0
SEQEND
  0
POLYLINE
  8
Polygon
 70
1
 62
0
 10
0
 20
0
  0
VERTEX
 10
-268.378573
 20
8.460478
  0
VERTEX
 10
-266.306646
 20
42.839609
  0
VERTEX
 10
-275.350152
 20
42.708169
  0
VERTEX
 10
-272.279966
 20
8.403775
  0
SEQEND
  0
POLYLINE
  8
Polygon
 70
1
 62
0
 10
0
 20
0
  0
VERTEX
 10
-267.191445
 20
69.002962
  0
VERTEX
 10
-262.789739
 20
103.162043
  0
VERTEX
 10
-284.219449
 20
102.023535
  0
VERTEX
 10
-276.223169
 20
68.523129
  0
SEQEND
  0
POLYLINE
  8
Polygon
 70
1
 62
0
 10
0
 20
0
  0
VERTEX
 10
-264.068932
 20
118.845483
  0
VERTEX
 10
-261.607028
 20
153.198891
  0
VERTEX
 10
-295.278848
 20
149.490589
  0
VERTEX
 10
-285.399895
 20
116.496289
  0
SEQEND
  0
POLYLINE
  8
Polygon
 70
1
 62
0
 10
0
 20
0
  0
VERTEX
 10
-263.770467
 20
166.444092
  0
VERTEX
 10
-268.556064
 20
200.551505
  0
VERTEX
 10
-306.683037
 20
192.260391
  0
VERTEX
 10
-296.872234
 20
159.245761
  0
SEQEND
  0
POLYLINE
  8
Polygon
 70
1
 62
0
 10
0
 20
0
  0
VERTEX
 10
-273.410438
 20
-194.585709
  0
VERTEX
 10
-263.186403
 20
-161.696699
  0
VERTEX
 10
-294.693782
 20
-149.253720
  0
VERTEX
 10
-309.700981
 20
-180.253748
  0
SEQEND
  0
POLYLINE
  8
Polygon
 70
1
 62
0
 10
0
 20
0
  0
VERTEX
 10
-259.654383
 20
-149.820214
  0
VERTEX
 10
-258.938733
 20
-115.386148
  0
VERTEX
 10
-279.962280
 20
-111.080439
  0
VERTEX
 10
-292.840932
 20
-143.023475
  0
SEQEND
  0
POLYLINE
  8
Polygon
 70
1
 62
0
 10
0
 20
0
  0
VERTEX
 10
-257.350101
 20
-103.000776
  0
VERTEX
 10
-261.750021
 20
-68.841475
  0
VERTEX
 10
-270.781721
 20
-68.361168
  0
VERTEX
 10
-278.779751
 20
-101.861148
  0
SEQEND
  0
POLYLINE
  8
Polygon
 70
1
 62
0
 10
0
 20
0
  0
VERTEX
 10
-262.053272
 20
-46.647853
  0
VERTEX
 10
-267.376599
 20
-12.620216
  0
VERTEX
 10
-271.265783
 20
-12.933802
  0
VERTEX
 10
-271.068477
 20
-47.374750
  0
SEQEND
  0
POLYLINE
  8
Polygon
 70
1
 62
0
 10
0
 20
0
  0
VERTEX
 10
-218.147485
 20
9.758094
  0
VERTEX
 10
-216.796558
 20
44.173099
  0
VERTEX
 10
-225.835330
 20
43.852146
  0
VERTEX
 10
-222.046835
 20
9.619634
  0
SEQEND
  0
POLYLINE
  8
Polygon
 70
1
 62
0
 10
0
 20
0
  0
VERTEX
 10
-218.625836
 20
72.722412
  0
VERTEX
 10
-215.573148
 20
107.028370
  0
VERTEX
 10
-236.941389
 20
105.046583
  0
VERTEX
 10
-227.631655
 20
71.887170
  0
SEQEND
  0
POLYLINE
  8
Polygon
 70
1
 62
0
 10
0
 20
0
  0
VERTEX
 10
-218.157078
 20
126.165411
  0
VERTEX
 10
-217.974924
 20
160.606436
  0
VERTEX
 10
-251.327383
 20
154.677044
  0
VERTEX
 10
-239.285727
 20
122.409164
  0
SEQEND
  0
POLYLINE
  8
Polygon
 70
1
 62
0
 10
0
 20
0
  0
VERTEX
 10
-222.556071
 20
179.134116
  0
VERTEX
 10
-230.546283
 20
212.635970
  0
VERTEX
 10
-267.718127
 20
200.775753
  0
VERTEX
 10
-254.828593
 20
168.837100
  0
SEQEND
  0
POLYLINE
  8
Polygon
 70
1
 62
0
 10
0
 20
0
  0
VERTEX
 10
-233.806321
 20
-210.173175
  0
VERTEX
 10
-223.622119
 20
-177.271810
  0
VERTEX
 10
-255.144558
 20
-164.866981
  0
VERTEX
 10
-270.114216
 20
-195.885156
  0
SEQEND
  0
POLYLINE
  8
Polygon
 70
1
 62
0
 10
0
 20
0
  0
VERTEX
 10
-218.039270
 20
-159.129381
  0
VERTEX
 10
-216.630554
 20
-124.716702
  0
VERTEX
 10
-237.563170
 20
-119.988626
  0
VERTEX
 10
-251.082282
 20
-151.665915
  0
SEQEND
  0
POLYLINE
  8
Polygon
 70
1
 62
0
 10
0
 20
0
  0
VERTEX
 10
-213.739854
 20
-106.748814
  0
VERTEX
 10
-216.641373
 20
-72.429748
  0
VERTEX
 10
-225.643426
 20
-71.554840
  0
VERTEX
 10
-235.099155
 20
-104.672907
  0
SEQEND
  0
POLYLINE
  8
Polygon
 70
1
 62
0
 10
0
 20
0
  0
VERTEX
 10
-215.294708
 20
-45.182425
  0
VERTEX
 10
-217.801411
 20
-10.832252
  0
VERTEX
 10
-221.703212
 20
-10.824911
  0
VERTEX
 10
-224.339161
 20
-45.165407
  0
SEQEND
  0
POLYLINE
  8
Polygon
 70
1
 62
0
 10
0
 20
0
  0
VERTEX
 10
-177.292700
 20
11.239008
  0
VERTEX
 10
-175.988199
 20
45.655804
  0
VERTEX
 10
-185.026528
 20
45.322659
  0
VERTEX
 10
-181.191860
 20
11.095288
  0
SEQEND
  0
POLYLINE
  8
Polygon
 70
1
 62
0
 10
0
 20
0
  0
VERTEX
 10
-178.206603
 20
76.793486
  0
VERTEX
 10
-175.597638
 20
111.136041
  0
VERTEX
 10
-196.938477
 20
108.878193
  0
VERTEX
 10
-187.200872
 20
75.841899
  0
SEQEND
  0
POLYLINE
  8
Polygon
 70
1
 62
0
 10
0
 20
0
  0
VERTEX
 10
-178.979578
 20
133.653823
  0
VERTEX
 10
-179.376103
 20
168.093049
  0
VERTEX
 10
-212.624233
 20
161.604124
  0
VERTEX
 10
-200.042137
 20
129.543115
  0
SEQEND
  0
POLYLINE
  8
Polygon
 70
1
 62
0
 10
0
 20
0
  0
VERTEX
 10
-185.317294
 20
191.134573
  0
VERTEX
 10
-193.411423
 20
224.611472
  0
VERTEX
 10
-230.546283
 20
212.635970
  0
VERTEX
 10
-217.557709
 20
180.737464
  0
SEQEND
  0
POLYLINE
  8
Polygon
 70
1
 62
0
 10
0
 20
0
  0
VERTEX
 10
-195.500746
 20
-223.706783
  0
VERTEX
 10
-186.507542
 20
-190.460128
  0
VERTEX
 10
-218.456104
 20
-179.198096
  0
VERTEX
 10
-232.299451
 20
-210.735052
  0
SEQEND
  0
POLYLINE
  8
Polygon
 70
1
 62
0
 10
0
 20
0
  0
VERTEX
 10
-179.970378
 20
-167.452624
  0
VERTEX
 10
-178.815542
 20
-133.030488
  0
VERTEX
 10
-199.782467
 20
-128.456946
  0
VERTEX
 10
-213.067544
 20
-160.233095
  0
SEQEND
  0
POLYLINE
  8
Polygon
 70
1
 62
0
 10
0
 20
0
  0
VERTEX
 10
-175.186309
 20
-110.904393
  0
VERTEX
 10
-177.624209
 20
-76.549280
  0
VERTEX
 10
-186.613628
 20
-75.552910
  0
VERTEX
 10
-196.515637
 20
-108.540292
  0
SEQEND
  0
POLYLINE
  8
Polygon
 70
1
 62
0
 10
0
 20
0
  0
VERTEX
 10
-175.519073
 20
-45.860453
  0
VERTEX
 10
-177.176347
 20
-11.458835
  0
VERTEX
 10
-181.076776
 20
-11.355096
  0
VERTEX
 10
-184.560344
 20
-45.619986
  0
SEQEND
  0
POLYLINE
  8
Polygon
 70
1
 62
0
 10
0
 20
0
  0
VERTEX
 10
-141.470722
 20
12.484151
  0
VERTEX
 10
-140.036038
 20
46.895766
  0
VERTEX
 10
-149.075563
 20
46.596813
  0
VERTEX
 10
-145.370399
 20
12.355182
  0
SEQEND
  0
POLYLINE
  8
Polygon
 70
1
 62
0
 10
0
 20
0
  0
VERTEX
 10
-142.265214
 20
80.463321
  0
VERTEX
 10
-139.455579
 20
114.790041
  0
VERTEX
 10
-160.809250
 20
112.656958
  0
VERTEX
 10
-151.264890
 20
79.564315
  0
SEQEND
  0
POLYLINE
  8
Polygon
 70
1
 62
0
 10
0
 20
0
  0
VERTEX
 10
-143.004621
 20
140.229286
  0
VERTEX
 10
-142.881952
 20
174.670575
  0
VERTEX
 10
-176.224122
 20
168.683583
  0
VERTEX
 10
-164.126752
 20
136.436550
  0
SEQEND
  0
POLYLINE
  8
Polygon
 70
1
 62
0
 10
0
 20
0
  0
VERTEX
 10
-149.028161
 20
201.414533
  0
VERTEX
 10
-155.850128
 20
235.173658
  0
VERTEX
 10
-193.411423
 20
224.611472
  0
VERTEX
 10
-181.638807
 20
192.244464
  0
SEQEND
  0
POLYLINE
  8
Polygon
 70
1
 62
0
 10
0
 20
0
  0
VERTEX
 10
-157.055062
 20
-234.970996
  0
VERTEX
 10
-149.889715
 20
-201.283081
  0
VERTEX
 10
-182.405297
 20
-191.781446
  0
VERTEX
 10
-194.506866
 20
-224.026908
  0
SEQEND
  0
POLYLINE
  8
Polygon
 70
1
 62
0
 10
0
 20
0
  0
VERTEX
 10
-143.434293
 20
-174.435462
  0
VERTEX
 10
-143.213794
 20
-139.994667
  0
VERTEX
 10
-164.297086
 20
-135.991666
  0
VERTEX
 10
-176.715152
 20
-168.116558
  0
SEQEND
  0
POLYLINE
  8
Polygon
 70
1
 62
0
 10
0
 20
0
  0
VERTEX
 10
-139.501473
 20
-114.655379
  0
VERTEX
 10
-142.182567
 20
-80.318389
  0
VERTEX
 10
-151.178817
 20
-79.385695
  0
VERTEX
 10
-160.847005
 20
-112.442363
  0
SEQEND
  0
POLYLINE
  8
Polygon
 70
1
 62
0
 10
0
 20
0
  0
VERTEX
 10
-139.936382
 20
-46.903839
  0
VERTEX
 10
-141.444183
 20
-12.495346
  0
VERTEX
 10
-145.344125
 20
-12.374663
  0
VERTEX
 10
-148.976524
 20
-46.624095
  0
SEQEND
  0
POLYLINE
  8
Polygon
 70
1
 62
0
 10
0
 20
0
  0
VERTEX
 10
-106.509020
 20
13.518022
  0
VERTEX
 10
-104.857858
 20
47.919929
  0
VERTEX
 10
-113.899087
 20
47.677856
  0
VERTEX
 10
-110.409430
 20
13.413591
  0
SEQEND
  0
POLYLINE
  8
Polygon
 70
1
 62
0
 10
0
 20
0
  0
VERTEX
 10
-106.803042
 20
83.614333
  0
VERTEX
 10
-103.394955
 20
117.886810
  0
VERTEX
 10
-124.782589
 20
116.126600
  0
VERTEX
 10
-115.817035
 20
82.872478
  0
SEQEND
  0
POLYLINE
  8
Polygon
 70
1
 62
0
 10
0
 20
0
  0
VERTEX
 10
-106.565783
 20
145.782350
  0
VERTEX
 10
-105.292376
 20
180.200310
  0
VERTEX
 10
-138.815972
 20
175.330742
  0
VERTEX
 10
-127.802848
 20
142.697499
  0
SEQEND
  0
POLYLINE
  8
Polygon
 70
1
 62
0
 10
0
 20
0
  0
VERTEX
 10
-110.725965
 20
209.997387
  0
VERTEX
 10
-115.592264
 20
244.093382
  0
VERTEX
 10
-153.699532
 20
235.712056
  0
VERTEX
 10
-143.810621
 20
202.720737
  0
SEQEND
  0
POLYLINE
  8
Polygon
 70
1
 62
0
 10
0
 20
0
  0
VERTEX
 10
-116.150308
 20
-244.179387
  0
VERTEX
 10
-111.192928
 20
-210.096516
  0
VERTEX
 10
-144.258022
 20
-202.731494
  0
VERTEX
 10
-154.235046
 20
-235.696275
  0
SEQEND
  0
POLYLINE
  8
Polygon
 70
1
 62
0
 10
0
 20
0
  0
VERTEX
 10
-105.632908
 20
-180.164235
  0
VERTEX
 10
-106.771882
 20
-145.741568
  0
VERTEX
 10
-127.996732
 20
-142.573795
  0
VERTEX
 10
-139.137226
 20
-175.163769
  0
SEQEND
  0
POLYLINE
  8
Polygon
 70
1
 62
0
 10
0
 20
0
  0
VERTEX
 10
-103.514131
 20
-117.835406
  0
VERTEX
 10
-106.848289
 20
-83.555666
  0
VERTEX
 10
-115.860660
 20
-82.794371
  0
VERTEX
 10
-124.897915
 20
-116.029069
  0
SEQEND
  0
POLYLINE
  8
Polygon
 70
1
 62
0
 10
0
 20
0
  0
VERTEX
 10
-104.864263
 20
-47.900099
  0
VERTEX
 10
-106.510826
 20
-13.497966
  0
VERTEX
 10
-110.411221
 20
-13.393014
  0
VERTEX
 10
-113.905458
 20
-47.656817
  0
SEQEND
  0
POLYLINE
  8
Polygon
 70
1
 62
0
 10
0
 20
0
  0
VERTEX
 10
-70.848679
 20
14.315071
  0
VERTEX
 10
-68.923412
 20
48.702727
  0
VERTEX
 10
-77.966280
 20
48.532714
  0
VERTEX
 10
-74.749797
 20
14.241727
  0
SEQEND
  0
POLYLINE
  8
Polygon
 70
1
 62
0
 10
0
 20
0
  0
VERTEX
 10
-70.356391
 20
86.059863
  0
VERTEX
 10
-66.118836
 20
120.239695
  0
VERTEX
 10
-87.542843
 20
118.998250
  0
VERTEX
 10
-79.385711
 20
85.536647
  0
SEQEND
  0
POLYLINE
  8
Polygon
 70
1
 62
0
 10
0
 20
0
  0
VERTEX
 10
-68.483765
 20
149.999675
  0
VERTEX
 10
-65.713807
 20
184.329616
  0
VERTEX
 10
-99.417553
 20
180.923500
  0
VERTEX
 10
-89.834956
 20
147.841914
  0
SEQEND
  0
POLYLINE
  8
Polygon
 70
1
 62
0
 10
0
 20
0
  0
VERTEX
 10
-69.737958
 20
216.405777
  0
VERTEX
 10
-72.289880
 20
250.752616
  0
VERTEX
 10
-110.876278
 20
244.964668
  0
VERTEX
 10
-103.238594
 20
211.380691
  0
SEQEND
  0
POLYLINE
  8
Polygon
 70
1
 62
0
 10
0
 20
0
  0
VERTEX
 10
-72.402790
 20
-250.894514
  0
VERTEX
 10
-69.878035
 20
-216.545666
  0
VERTEX
 10
-103.382632
 20
-211.547078
  0
VERTEX
 10
-110.993754
 20
-245.137084
  0
SEQEND
  0
POLYLINE
  8
Polygon
 70
1
 62
0
 10
0
 20
0
  0
VERTEX
 10
-65.839869
 20
-184.362923
  0
VERTEX
 10
-68.581320
 20
-150.030701
  0
VERTEX
 10
-89.930712
 20
-147.855211
  0
VERTEX
 10
-99.540772
 20
-180.928825
  0
SEQEND
  0
POLYLINE
  8
Polygon
 70
1
 62
0
 10
0
 20
0
  0
VERTEX
 10
-66.188363
 20
-120.233904
  0
VERTEX
 10
-70.397072
 20
-86.050517
  0
VERTEX
 10
-79.425950
 20
-85.519681
  0
VERTEX
 10
-87.611316
 20
-118.974381
  0
SEQEND
  0
POLYLINE
  8
Polygon
 70
1
 62
0
 10
0
 20
0
  0
VERTEX
 10
-68.941379
 20
-48.692732
  0
VERTEX
 10
-70.853958
 20
-14.304363
  0
VERTEX
 10
-74.755049
 20
-14.229579
  0
VERTEX
 10
-77.984187
 20
-48.519382
  0
SEQEND
  0
POLYLINE
  8
Polygon
 70
1
 62
0
 10
0
 20
0
  0
VERTEX
 10
-34.607748
 20
14.814016
  0
VERTEX
 10
-32.370126
 20
49.182760
  0
VERTEX
 10
-41.414152
 20
49.094915
  0
VERTEX
 10
-38.509366
 20
14.776119
  0
SEQEND
  0
POLYLINE
  8
Polygon
 70
1
 62
0
 10
0
 20
0
  0
VERTEX
 10
-33.130391
 20
87.568002
  0
VERTEX
 10
-27.938031
 20
121.615868
  0
VERTEX
 10
-49.388353
 20
120.974432
  0
VERTEX
 10
-42.170802
 20
87.297663
  0
SEQEND
  0
POLYLINE
  8
Polygon
 70
1
 62
0
 10
0
 20
0
  0
VERTEX
 10
-29.200135
 20
152.476505
  0
VERTEX
 10
-24.756640
 20
186.630171
  0
VERTEX
 10
-58.586476
 20
184.874389
  0
VERTEX
 10
-50.631201
 20
151.364225
  0
SEQEND
  0
POLYLINE
  8
Polygon
 70
1
 62
0
 10
0
 20
0
  0
VERTEX
 10
-26.897964
 20
220.011431
  0
VERTEX
 10
-26.950946
 20
254.452902
  0
VERTEX
 10
-65.855546
 20
251.480054
  0
VERTEX
 10
-60.674863
 20
217.430411
  0
SEQEND
  0
POLYLINE
  8
Polygon
 70
1
 62
0
 10
0
 20
0
  0
VERTEX
 10
-26.803704
 20
-254.522445
  0
VERTEX
 10
-26.830787
 20
-220.080944
  0
VERTEX
 10
-60.613592
 20
-217.578449
  0
VERTEX
 10
-65.715109
 20
-251.640044
  0
SEQEND
  0
POLYLINE
  8
Polygon
 70
1
 62
0
 10
0
 20
0
  0
VERTEX
 10
-24.736218
 20
-186.653739
  0
VERTEX
 10
-29.201476
 20
-152.502918
  0
VERTEX
 10
-50.633245
 20
-151.404294
  0
VERTEX
 10
-58.567163
 20
-184.919514
  0
SEQEND
  0
POLYLINE
  8
Polygon
 70
1
 62
0
 10
0
 20
0
  0
VERTEX
 10
-27.948033
 20
-121.620366
  0
VERTEX
 10
-33.139734
 20
-87.572409
  0
VERTEX
 10
-42.180140
 20
-87.301896
  0
VERTEX
 10
-49.398341
 20
-120.978517
  0
SEQEND
  0
POLYLINE
  8
Polygon
 70
1
 62
0
 10
0
 20
0
  0
VERTEX
 10
-32.376491
 20
-49.180960
  0
VERTEX
 10
-34.609665
 20
-14.811921
  0
VERTEX
 10
-38.511278
 20
-14.773520
  0
VERTEX
 10
-41.420506
 20
-49.091945
  0
SEQEND
  0
POLYLINE
  8
Polygon
 70
1
 62
0
 10
0
 20
0
  0
VERTEX
 10
-343.110527
 20
45.975443
  0
VERTEX
 10
-349.466979
 20
12.125583
  0
SEQEND
  0
POLYLINE
  8
Polygon
 70
1
 62
0
 10
0
 20
0
  0
VERTEX
 10
-332.807759
 20
100.840519
  0
VERTEX
 10
-339.164212
 20
66.990657
  0
SEQEND
  0
POLYLINE
  8
Polygon
 70
1
 62
0
 10
0
 20
0
  0
VERTEX
 10
-323.955846
 20
147.979392
  0
VERTEX
 10
-330.312299
 20
114.129531
  0
SEQEND
  0
POLYLINE
  8
Polygon
 70
1
 62
0
 10
0
 20
0
  0
VERTEX
 10
-315.728346
 20
191.793093
  0
VERTEX
 10
-322.084799
 20
157.943231
  0
SEQEND
  0
POLYLINE
  8
Polygon
 70
1
 62
0
 10
0
 20
0
  0
VERTEX
 10
-276.603727
 20
220.613238
  0
VERTEX
 10
-309.890820
 20
200.256959
  0
SEQEND
  0
POLYLINE
  8
Polygon
 70
1
 62
0
 10
0
 20
0
  0
VERTEX
 10
-243.005730
 20
240.452224
  0
VERTEX
 10
-276.603727
 20
220.613238
  0
SEQEND
  0
POLYLINE
  8
Polygon
 70
1
 62
0
 10
0
 20
0
  0
VERTEX
 10
-207.474253
 20
258.626129
  0
VERTEX
 10
-242.224161
 20
240.881993
  0
SEQEND
  0
POLYLINE
  8
Polygon
 70
1
 62
0
 10
0
 20
0
  0
VERTEX
 10
-169.383432
 20
274.397259
  0
VERTEX
 10
-205.466263
 20
259.550040
  0
SEQEND
  0
POLYLINE
  8
Polygon
 70
1
 62
0
 10
0
 20
0
  0
VERTEX
 10
-127.075647
 20
287.680554
  0
VERTEX
 10
-164.365827
 20
276.197829
  0
SEQEND
  0
POLYLINE
  8
Polygon
 70
1
 62
0
 10
0
 20
0
  0
VERTEX
 10
-80.600297
 20
297.622214
  0
VERTEX
 10
-118.824395
 20
289.790944
  0
SEQEND
  0
POLYLINE
  8
Polygon
 70
1
 62
0
 10
0
 20
0
  0
VERTEX
 10
-31.333945
 20
303.238485
  0
VERTEX
 10
-70.145425
 20
299.229159
  0
SEQEND
  0
POLYLINE
  8
Polygon
 70
1
 62
0
 10
0
 20
0
  0
VERTEX
 10
19.294463
 20
303.956017
  0
VERTEX
 10
-19.723464
 20
303.852094
  0
SEQEND
  0
POLYLINE
  8
Polygon
 70
1
 62
0
 10
0
 20
0
  0
VERTEX
 10
69.843185
 20
299.587022
  0
VERTEX
 10
31.011686
 20
303.398055
  0
SEQEND
  0
POLYLINE
  8
Polygon
 70
1
 62
0
 10
0
 20
0
  0
VERTEX
 10
118.884933
 20
290.316337
  0
VERTEX
 10
80.627211
 20
297.981601
  0
SEQEND
  0
POLYLINE
  8
Polygon
 70
1
 62
0
 10
0
 20
0
  0
VERTEX
 10
165.040204
 20
276.703893
  0
VERTEX
 10
127.720197
 20
288.089260
  0
SEQEND
  0
POLYLINE
  8
Polygon
 70
1
 62
0
 10
0
 20
0
  0
VERTEX
 10
207.038686
 20
259.691305
  0
VERTEX
 10
170.972895
 20
274.579845
  0
SEQEND
  0
POLYLINE
  8
Polygon
 70
1
 62
0
 10
0
 20
0
  0
VERTEX
 10
245.037631
 20
240.021254
  0
VERTEX
 10
210.458390
 20
258.095672
  0
SEQEND
  0
POLYLINE
  8
Polygon
 70
1
 62
0
 10
0
 20
0
  0
VERTEX
 10
281.050393
 20
217.484412
  0
VERTEX
 10
248.043518
 20
238.291980
  0
SEQEND
  0
POLYLINE
  8
Polygon
 70
1
 62
0
 10
0
 20
0
  0
VERTEX
 10
316.248351
 20
192.209751
  0
VERTEX
 10
284.626957
 20
215.067926
  0
SEQEND
  0
POLYLINE
  8
Polygon
 70
1
 62
0
 10
0
 20
0
  0
VERTEX
 10
347.274321
 20
168.549702
  0
VERTEX
 10
316.248351
 20
192.209751
  0
SEQEND
  0
POLYLINE
  8
Polygon
 70
1
 62
0
 10
0
 20
0
  0
VERTEX
 10
349.077798
 20
134.155441
  0
VERTEX
 10
347.274322
 20
168.549702
  0
SEQEND
  0
POLYLINE
  8
Polygon
 70
1
 62
0
 10
0
 20
0
  0
VERTEX
 10
350.881275
 20
99.761182
  0
VERTEX
 10
349.077798
 20
134.155441
  0
SEQEND
  0
POLYLINE
  8
Polygon
 70
1
 62
0
 10
0
 20
0
  0
VERTEX
 10
352.686205
 20
65.339210
  0
VERTEX
 10
350.882728
 20
99.733471
  0
SEQEND
  0
POLYLINE
  8
Polygon
 70
1
 62
0
 10
0
 20
0
  0
VERTEX
 10
354.495944
 20
30.825506
  0
VERTEX
 10
352.692468
 20
65.219765
  0
SEQEND
  0
POLYLINE
  8
Polygon
 70
1
 62
0
 10
0
 20
0
  0
VERTEX
 10
352.102498
 20
1.909245
  0
VERTEX
 10
352.822608
 20
5.744025
  0
SEQEND
  0
POLYLINE
  8
Polygon
 70
1
 62
0
 10
0
 20
0
  0
VERTEX
 10
343.110528
 20
-45.975470
  0
VERTEX
 10
349.466982
 20
-12.125605
  0
SEQEND
  0
POLYLINE
  8
Polygon
 70
1
 62
0
 10
0
 20
0
  0
VERTEX
 10
332.807765
 20
-100.840521
  0
VERTEX
 10
339.164216
 20
-66.990666
  0
SEQEND
  0
POLYLINE
  8
Polygon
 70
1
 62
0
 10
0
 20
0
  0
VERTEX
 10
323.955855
 20
-147.979373
  0
VERTEX
 10
330.312307
 20
-114.129518
  0
SEQEND
  0
POLYLINE
  8
Polygon
 70
1
 62
0
 10
0
 20
0
  0
VERTEX
 10
315.728355
 20
-191.793079
  0
VERTEX
 10
322.084808
 20
-157.943215
  0
SEQEND
  0
POLYLINE
  8
Polygon
 70
1
 62
0
 10
0
 20
0
  0
VERTEX
 10
276.603724
 20
-220.613236
  0
VERTEX
 10
309.890819
 20
-200.256958
  0
SEQEND
  0
POLYLINE
  8
Polygon
 70
1
 62
0
 10
0
 20
0
  0
VERTEX
 10
243.005750
 20
-240.452209
  0
VERTEX
 10
276.603724
 20
-220.613236
  0
SEQEND
  0
POLYLINE
  8
Polygon
 70
1
 62
0
 10
0
 20
0
  0
VERTEX
 10
207.474296
 20
-258.626103
  0
VERTEX
 10
242.224181
 20
-240.881978
  0
SEQEND
  0
POLYLINE
  8
Polygon
 70
1
 62
0
 10
0
 20
0
  0
VERTEX
 10
169.383486
 20
-274.397229
  0
VERTEX
 10
205.466308
 20
-259.550012
  0
SEQEND
  0
POLYLINE
  8
Polygon
 70
1
 62
0
 10
0
 20
0
  0
VERTEX
 10
127.075671
 20
-287.680538
  0
VERTEX
 10
164.365837
 20
-276.197815
  0
SEQEND
  0
POLYLINE
  8
Polygon
 70
1
 62
0
 10
0
 20
0
  0
VERTEX
 10
80.600307
 20
-297.622206
  0
VERTEX
 10
118.824393
 20
-289.790936
  0
SEQEND
  0
POLYLINE
  8
Polygon
 70
1
 62
0
 10
0
 20
0
  0
VERTEX
 10
31.333878
 20
-303.238487
  0
VERTEX
 10
70.145404
 20
-299.229155
  0
SEQEND
  0
POLYLINE
  8
Polygon
 70
1
 62
0
 10
0
 20
0
  0
VERTEX
 10
-19.294544
 20
-303.956017
  0
VERTEX
 10
19.723383
 20
-303.852096
  0
SEQEND
  0
POLYLINE
  8
Polygon
 70
1
 62
0
 10
0
 20
0
  0
VERTEX
 10
-69.843202
 20
-299.587028
  0
VERTEX
 10
-31.011748
 20
-303.398056
  0
SEQEND
  0
POLYLINE
  8
Polygon
 70
1
 62
0
 10
0
 20
0
  0
VERTEX
 10
-118.884940
 20
-290.316346
  0
VERTEX
 10
-80.627206
 20
-297.981610
  0
SEQEND
  0
POLYLINE
  8
Polygon
 70
1
 62
0
 10
0
 20
0
  0
VERTEX
 10
-165.040192
 20
-276.703909
  0
VERTEX
 10
-127.720173
 20
-288.089278
  0
SEQEND
  0
POLYLINE
  8
Polygon
 70
1
 62
0
 10
0
 20
0
  0
VERTEX
 10
-207.038639
 20
-259.691335
  0
VERTEX
 10
-170.972838
 20
-274.579877
  0
SEQEND
  0
POLYLINE
  8
Polygon
 70
1
 62
0
 10
0
 20
0
  0
VERTEX
 10
-245.037619
 20
-240.021266
  0
VERTEX
 10
-210.458355
 20
-258.095696
  0
SEQEND
  0
POLYLINE
  8
Polygon
 70
1
 62
0
 10
0
 20
0
  0
VERTEX
 10
-281.050395
 20
-217.484414
  0
VERTEX
 10
-248.043498
 20
-238.291997
  0
SEQEND
  0
POLYLINE
  8
Polygon
 70
1
 62
0
 10
0
 20
0
  0
VERTEX
 10
-316.248360
 20
-192.209746
  0
VERTEX
 10
-284.626968
 20
-215.067921
  0
SEQEND
  0
POLYLINE
  8
Polygon
 70
1
 62
0
 10
0
 20
0
  0
VERTEX
 10
-347.274329
 20
-168.549696
  0
VERTEX
 10
-316.248360
 20
-192.209746
  0
SEQEND
  0
POLYLINE
  8
Polygon
 70
1
 62
0
 10
0
 20
0
  0
VERTEX
 10
-349.077805
 20
-134.155434
  0
VERTEX
 10
-347.274329
 20
-168.549696
  0
SEQEND
  0
POLYLINE
  8
Polygon
 70
1
 62
0
 10
0
 20
0
  0
VERTEX
 10
-350.881279
 20
-99.761181
  0
VERTEX
 10
-349.077805
 20
-134.155434
  0
SEQEND
  0
POLYLINE
  8
Polygon
 70
1
 62
0
 10
0
 20
0
  0
VERTEX
 10
-352.686206
 20
-65.339236
  0
VERTEX
 10
-350.882731
 20
-99.733489
  0
SEQEND
  0
POLYLINE
  8
Polygon
 70
1
 62
0
 10
0
 20
0
  0
VERTEX
 10
-354.495944
 20
-30.825538
  0
VERTEX
 10
-352.692469
 20
-65.219802
  0
SEQEND
  0
POLYLINE
  8
Polygon
 70
1
 62
0
 10
0
 20
0
  0
VERTEX
 10
-352.102498
 20
-1.909280
  0
VERTEX
 10
-352.822607
 20
-5.744060
  0
SEQEND
  0
POLYLINE
  8
VTM
 70
1
 62
0
 10
0
 20
0
  0
VERTEX
 10
-324.598762
 20
-24.937366
  0
VERTEX
 10
-271.265783
 20
-12.933802
  0
VERTEX
 10
-272.279966
 20
8.403775
  0
SEQEND
  0
POLYLINE
  8
VTM
 70
1
 62
0
 10
0
 20
0
  0
VERTEX
 10
-349.466979
 20
12.125583
  0
VERTEX
 10
-352.102498
 20
-1.909280
  0
VERTEX
 10
-324.598762
 20
-24.937366
  0
SEQEND
  0
POLYLINE
  8
VTM
 70
1
 62
0
 10
0
 20
0
  0
VERTEX
 10
-275.350152
 20
42.708169
  0
VERTEX
 10
-276.223169
 20
68.523129
  0
VERTEX
 10
-339.164212
 20
66.990657
  0
SEQEND
  0
POLYLINE
  8
VTM
 70
1
 62
0
 10
0
 20
0
  0
VERTEX
 10
-284.219449
 20
102.023535
  0
VERTEX
 10
-285.399895
 20
116.496289
  0
VERTEX
 10
-330.312299
 20
114.129531
  0
SEQEND
  0
POLYLINE
  8
VTM
 70
1
 62
0
 10
0
 20
0
  0
VERTEX
 10
-322.084799
 20
157.943231
  0
VERTEX
 10
-323.955846
 20
147.979392
  0
VERTEX
 10
-295.278848
 20
149.490589
  0
SEQEND
  0
POLYLINE
  8
VTM
 70
1
 62
0
 10
0
 20
0
  0
VERTEX
 10
-268.556064
 20
200.551505
  0
VERTEX
 10
-267.718127
 20
200.775753
  0
VERTEX
 10
-276.603727
 20
220.613238
  0
SEQEND
  0
POLYLINE
  8
VTM
 70
1
 62
0
 10
0
 20
0
  0
VERTEX
 10
-242.224161
 20
240.881993
  0
VERTEX
 10
-243.005730
 20
240.452224
  0
VERTEX
 10
-230.546283
 20
212.635970
  0
SEQEND
  0
POLYLINE
  8
VTM
 70
1
 62
0
 10
0
 20
0
  0
VERTEX
 10
-207.474253
 20
258.626129
  0
VERTEX
 10
-193.411423
 20
224.611472
  0
VERTEX
 10
-193.411423
 20
224.611472
  0
SEQEND
  0
POLYLINE
  8
VTM
 70
1
 62
0
 10
0
 20
0
  0
VERTEX
 10
-169.383432
 20
274.397259
  0
VERTEX
 10
-155.850128
 20
235.173658
  0
VERTEX
 10
-153.699532
 20
235.712056
  0
SEQEND
  0
POLYLINE
  8
VTM
 70
1
 62
0
 10
0
 20
0
  0
VERTEX
 10
-127.075647
 20
287.680554
  0
VERTEX
 10
-115.592264
 20
244.093382
  0
VERTEX
 10
-110.876278
 20
244.964668
  0
SEQEND
  0
POLYLINE
  8
VTM
 70
1
 62
0
 10
0
 20
0
  0
VERTEX
 10
-72.289880
 20
250.752616
  0
VERTEX
 10
-65.855546
 20
251.480054
  0
VERTEX
 10
-70.145425
 20
299.229159
  0
SEQEND
  0
POLYLINE
  8
VTM
 70
1
 62
0
 10
0
 20
0
  0
VERTEX
 10
-31.333945
 20
303.238485
  0
VERTEX
 10
-26.950946
 20
254.452902
  0
VERTEX
 10
-19.624135
 20
254.737497
  0
SEQEND
  0
POLYLINE
  8
VTM
 70
1
 62
0
 10
0
 20
0
  0
VERTEX
 10
31.011686
 20
303.398055
  0
VERTEX
 10
19.294463
 20
303.956017
  0
VERTEX
 10
19.393894
 20
254.791394
  0
SEQEND
  0
POLYLINE
  8
VTM
 70
1
 62
0
 10
0
 20
0
  0
VERTEX
 10
72.402792
 20
250.894513
  0
VERTEX
 10
80.627211
 20
297.981601
  0
VERTEX
 10
69.843185
 20
299.587022
  0
SEQEND
  0
POLYLINE
  8
VTM
 70
1
 62
0
 10
0
 20
0
  0
VERTEX
 10
127.720197
 20
288.089260
  0
VERTEX
 10
118.884933
 20
290.316337
  0
VERTEX
 10
110.993744
 20
245.137081
  0
SEQEND
  0
POLYLINE
  8
VTM
 70
1
 62
0
 10
0
 20
0
  0
VERTEX
 10
165.040204
 20
276.703893
  0
VERTEX
 10
154.235056
 20
235.696264
  0
VERTEX
 10
157.055119
 20
234.970973
  0
SEQEND
  0
POLYLINE
  8
VTM
 70
1
 62
0
 10
0
 20
0
  0
VERTEX
 10
194.506912
 20
224.026884
  0
VERTEX
 10
195.500783
 20
223.706762
  0
VERTEX
 10
210.458390
 20
258.095672
  0
SEQEND
  0
POLYLINE
  8
VTM
 70
1
 62
0
 10
0
 20
0
  0
VERTEX
 10
245.037631
 20
240.021254
  0
VERTEX
 10
232.299464
 20
210.735041
  0
VERTEX
 10
233.806342
 20
210.173161
  0
SEQEND
  0
POLYLINE
  8
VTM
 70
1
 62
0
 10
0
 20
0
  0
VERTEX
 10
284.626957
 20
215.067926
  0
VERTEX
 10
281.050393
 20
217.484412
  0
VERTEX
 10
270.114213
 20
195.885151
  0
SEQEND
  0
POLYLINE
  8
VTM
 70
1
 62
0
 10
0
 20
0
  0
VERTEX
 10
316.248351
 20
192.209751
  0
VERTEX
 10
309.700973
 20
180.253752
  0
VERTEX
 10
310.018075
 20
180.141978
  0
SEQEND
  0
POLYLINE
  8
VTM
 70
1
 62
0
 10
0
 20
0
  0
VERTEX
 10
349.077798
 20
134.155441
  0
VERTEX
 10
334.615072
 20
136.519074
  0
VERTEX
 10
334.550749
 20
136.243302
  0
SEQEND
  0
POLYLINE
  8
VTM
 70
1
 62
0
 10
0
 20
0
  0
VERTEX
 10
322.960447
 20
101.451768
  0
VERTEX
 10
350.882728
 20
99.733471
  0
VERTEX
 10
350.881275
 20
99.761182
  0
SEQEND
  0
POLYLINE
  8
VTM
 70
1
 62
0
 10
0
 20
0
  0
VERTEX
 10
318.478692
 20
59.347389
  0
VERTEX
 10
352.692468
 20
65.219765
  0
VERTEX
 10
352.686205
 20
65.339210
  0
SEQEND
  0
POLYLINE
  8
VTM
 70
1
 62
0
 10
0
 20
0
  0
VERTEX
 10
324.598761
 20
24.937332
  0
VERTEX
 10
271.265789
 20
12.933767
  0
VERTEX
 10
272.279972
 20
-8.403795
  0
SEQEND
  0
POLYLINE
  8
VTM
 70
1
 62
0
 10
0
 20
0
  0
VERTEX
 10
349.466982
 20
-12.125605
  0
VERTEX
 10
352.102498
 20
1.909245
  0
VERTEX
 10
324.598761
 20
24.937332
  0
SEQEND
  0
POLYLINE
  8
VTM
 70
1
 62
0
 10
0
 20
0
  0
VERTEX
 10
275.350157
 20
-42.708195
  0
VERTEX
 10
276.223171
 20
-68.523138
  0
VERTEX
 10
339.164216
 20
-66.990666
  0
SEQEND
  0
POLYLINE
  8
VTM
 70
1
 62
0
 10
0
 20
0
  0
VERTEX
 10
284.219450
 20
-102.023537
  0
VERTEX
 10
285.399893
 20
-116.496274
  0
VERTEX
 10
330.312307
 20
-114.129518
  0
SEQEND
  0
POLYLINE
  8
VTM
 70
1
 62
0
 10
0
 20
0
  0
VERTEX
 10
322.084808
 20
-157.943215
  0
VERTEX
 10
323.955855
 20
-147.979373
  0
VERTEX
 10
295.278841
 20
-149.490569
  0
SEQEND
  0
POLYLINE
  8
VTM
 70
1
 62
0
 10
0
 20
0
  0
VERTEX
 10
268.556057
 20
-200.551490
  0
VERTEX
 10
267.718118
 20
-200.775737
  0
VERTEX
 10
276.603724
 20
-220.613236
  0
SEQEND
  0
POLYLINE
  8
VTM
 70
1
 62
0
 10
0
 20
0
  0
VERTEX
 10
243.005750
 20
-240.452209
  0
VERTEX
 10
230.546299
 20
-212.635947
  0
VERTEX
 10
230.546299
 20
-212.635947
  0
SEQEND
  0
POLYLINE
  8
VTM
 70
1
 62
0
 10
0
 20
0
  0
VERTEX
 10
207.474296
 20
-258.626103
  0
VERTEX
 10
193.411464
 20
-224.611441
  0
VERTEX
 10
193.411463
 20
-224.611441
  0
SEQEND
  0
POLYLINE
  8
VTM
 70
1
 62
0
 10
0
 20
0
  0
VERTEX
 10
155.850179
 20
-235.173627
  0
VERTEX
 10
153.699538
 20
-235.712037
  0
VERTEX
 10
164.365837
 20
-276.197815
  0
SEQEND
  0
POLYLINE
  8
VTM
 70
1
 62
0
 10
0
 20
0
  0
VERTEX
 10
127.075671
 20
-287.680538
  0
VERTEX
 10
115.592283
 20
-244.093364
  0
VERTEX
 10
110.876271
 20
-244.964655
  0
SEQEND
  0
POLYLINE
  8
VTM
 70
1
 62
0
 10
0
 20
0
  0
VERTEX
 10
72.289885
 20
-250.752607
  0
VERTEX
 10
65.855524
 20
-251.480047
  0
VERTEX
 10
70.145404
 20
-299.229155
  0
SEQEND
  0
POLYLINE
  8
VTM
 70
1
 62
0
 10
0
 20
0
  0
VERTEX
 10
31.333878
 20
-303.238487
  0
VERTEX
 10
26.950878
 20
-254.452900
  0
VERTEX
 10
19.624059
 20
-254.737496
  0
SEQEND
  0
POLYLINE
  8
VTM
 70
1
 62
0
 10
0
 20
0
  0
VERTEX
 10
-31.011748
 20
-303.398056
  0
VERTEX
 10
-19.294544
 20
-303.956017
  0
VERTEX
 10
-19.393970
 20
-254.791387
  0
SEQEND
  0
POLYLINE
  8
VTM
 70
1
 62
0
 10
0
 20
0
  0
VERTEX
 10
-72.402790
 20
-250.894514
  0
VERTEX
 10
-80.627206
 20
-297.981610
  0
VERTEX
 10
-69.843202
 20
-299.587028
  0
SEQEND
  0
POLYLINE
  8
VTM
 70
1
 62
0
 10
0
 20
0
  0
VERTEX
 10
-127.720173
 20
-288.089278
  0
VERTEX
 10
-118.884940
 20
-290.316346
  0
VERTEX
 10
-110.993754
 20
-245.137084
  0
SEQEND
  0
POLYLINE
  8
VTM
 70
1
 62
0
 10
0
 20
0
  0
VERTEX
 10
-154.235046
 20
-235.696275
  0
VERTEX
 10
-157.055062
 20
-234.970996
  0
VERTEX
 10
-170.972838
 20
-274.579877
  0
SEQEND
  0
POLYLINE
  8
VTM
 70
1
 62
0
 10
0
 20
0
  0
VERTEX
 10
-207.038639
 20
-259.691335
  0
VERTEX
 10
-194.506866
 20
-224.026908
  0
VERTEX
 10
-195.500746
 20
-223.706783
  0
SEQEND
  0
POLYLINE
  8
VTM
 70
1
 62
0
 10
0
 20
0
  0
VERTEX
 10
-245.037619
 20
-240.021266
  0
VERTEX
 10
-232.299451
 20
-210.735052
  0
VERTEX
 10
-233.806321
 20
-210.173175
  0
SEQEND
  0
POLYLINE
  8
VTM
 70
1
 62
0
 10
0
 20
0
  0
VERTEX
 10
-284.626968
 20
-215.067921
  0
VERTEX
 10
-281.050395
 20
-217.484414
  0
VERTEX
 10
-270.114216
 20
-195.885156
  0
SEQEND
  0
POLYLINE
  8
VTM
 70
1
 62
0
 10
0
 20
0
  0
VERTEX
 10
-310.018084
 20
-180.141974
  0
VERTEX
 10
-316.248360
 20
-192.209746
  0
VERTEX
 10
-316.248360
 20
-192.209746
  0
SEQEND
  0
POLYLINE
  8
VTM
 70
1
 62
0
 10
0
 20
0
  0
VERTEX
 10
-334.550754
 20
-136.243296
  0
VERTEX
 10
-349.077805
 20
-134.155434
  0
VERTEX
 10
-349.077805
 20
-134.155434
  0
SEQEND
  0
POLYLINE
  8
VTM
 70
1
 62
0
 10
0
 20
0
  0
VERTEX
 10
-322.960450
 20
-101.451788
  0
VERTEX
 10
-350.882731
 20
-99.733489
  0
VERTEX
 10
-350.881279
 20
-99.761181
  0
SEQEND
  0
POLYLINE
  8
VTM
 70
1
 62
0
 10
0
 20
0
  0
VERTEX
 10
-318.478694
 20
-59.347429
  0
VERTEX
 10
-352.692469
 20
-65.219802
  0
VERTEX
 10
-352.686206
 20
-65.339236
  0
SEQEND
  0
POLYLINE
  8
VTM
 70
1
 62
0
 10
0
 20
0
  0
VERTEX
 10
-1.950930
 20
14.972612
  0
VERTEX
 10
-34.607748
 20
14.814016
  0
VERTEX
 10
-34.609665
 20
-14.811921
  0
SEQEND
  0
POLYLINE
  8
VTM
 70
1
 62
0
 10
0
 20
0
  0
VERTEX
 10
-4.522260
 20
49.318002
  0
VERTEX
 10
-4.524764
 20
87.997464
  0
VERTEX
 10
-33.130391
 20
87.568002
  0
SEQEND
  0
POLYLINE
  8
VTM
 70
1
 62
0
 10
0
 20
0
  0
VERTEX
 10
-10.736888
 20
121.874112
  0
VERTEX
 10
-10.747247
 20
152.960000
  0
VERTEX
 10
-29.200135
 20
152.476505
  0
SEQEND
  0
POLYLINE
  8
VTM
 70
1
 62
0
 10
0
 20
0
  0
VERTEX
 10
-26.897964
 20
220.011431
  0
VERTEX
 10
-24.756640
 20
186.630171
  0
VERTEX
 10
-16.973176
 20
186.834110
  0
SEQEND
  0
POLYLINE
  8
VTM
 70
1
 62
0
 10
0
 20
0
  0
VERTEX
 10
-26.830787
 20
-220.080944
  0
VERTEX
 10
-16.870082
 20
-220.442476
  0
VERTEX
 10
-16.902297
 20
-186.852293
  0
SEQEND
  0
POLYLINE
  8
VTM
 70
1
 62
0
 10
0
 20
0
  0
VERTEX
 10
-29.201476
 20
-152.502918
  0
VERTEX
 10
-10.712751
 20
-152.971522
  0
VERTEX
 10
-10.723110
 20
-121.876904
  0
SEQEND
  0
POLYLINE
  8
VTM
 70
1
 62
0
 10
0
 20
0
  0
VERTEX
 10
-33.139734
 20
-87.572409
  0
VERTEX
 10
-4.519756
 20
-87.998658
  0
VERTEX
 10
-4.522260
 20
-49.318035
  0
SEQEND
  0
POLYLINE
  8
VTM
 70
1
 62
0
 10
0
 20
0
  0
VERTEX
 10
1.950876
 20
-14.972640
  0
VERTEX
 10
34.607696
 20
-14.814045
  0
VERTEX
 10
34.609613
 20
14.811894
  0
SEQEND
  0
POLYLINE
  8
VTM
 70
1
 62
0
 10
0
 20
0
  0
VERTEX
 10
32.376438
 20
49.180928
  0
VERTEX
 10
33.139683
 20
87.572391
  0
VERTEX
 10
4.519700
 20
87.998634
  0
SEQEND
  0
POLYLINE
  8
VTM
 70
1
 62
0
 10
0
 20
0
  0
VERTEX
 10
27.947973
 20
121.620356
  0
VERTEX
 10
29.201420
 20
152.502923
  0
VERTEX
 10
10.712687
 20
152.971524
  0
SEQEND
  0
POLYLINE
  8
VTM
 70
1
 62
0
 10
0
 20
0
  0
VERTEX
 10
24.736155
 20
186.653750
  0
VERTEX
 10
26.830725
 20
220.080950
  0
VERTEX
 10
16.870010
 20
220.442482
  0
SEQEND
  0
POLYLINE
  8
VTM
 70
1
 62
0
 10
0
 20
0
  0
VERTEX
 10
26.897899
 20
-220.011428
  0
VERTEX
 10
24.756575
 20
-186.630167
  0
VERTEX
 10
16.973104
 20
-186.834105
  0
SEQEND
  0
POLYLINE
  8
VTM
 70
1
 62
0
 10
0
 20
0
  0
VERTEX
 10
27.937971
 20
-121.615887
  0
VERTEX
 10
10.736827
 20
-121.874129
  0
VERTEX
 10
10.747182
 20
-152.960000
  0
SEQEND
  0
POLYLINE
  8
VTM
 70
1
 62
0
 10
0
 20
0
  0
VERTEX
 10
4.522205
 20
-49.318035
  0
VERTEX
 10
4.524709
 20
-87.997487
  0
VERTEX
 10
33.130335
 20
-87.568029
  0
SEQEND
  0
POLYLINE
  8
VTM
 70
1
 62
0
 10
0
 20
0
  0
VERTEX
 10
70.848645
 20
-14.315095
  0
VERTEX
 10
70.853924
 20
14.304332
  0
VERTEX
 10
38.511231
 20
14.773493
  0
SEQEND
  0
POLYLINE
  8
VTM
 70
1
 62
0
 10
0
 20
0
  0
VERTEX
 10
70.397044
 20
86.050489
  0
VERTEX
 10
42.180099
 20
87.301878
  0
VERTEX
 10
41.420463
 20
49.091912
  0
SEQEND
  0
POLYLINE
  8
VTM
 70
1
 62
0
 10
0
 20
0
  0
VERTEX
 10
68.581307
 20
150.030698
  0
VERTEX
 10
50.633219
 20
151.404296
  0
VERTEX
 10
49.398312
 20
120.978504
  0
SEQEND
  0
POLYLINE
  8
VTM
 70
1
 62
0
 10
0
 20
0
  0
VERTEX
 10
65.839863
 20
184.362928
  0
VERTEX
 10
69.878034
 20
216.545666
  0
VERTEX
 10
60.613575
 20
217.578451
  0
SEQEND
  0
POLYLINE
  8
VTM
 70
1
 62
0
 10
0
 20
0
  0
VERTEX
 10
60.674839
 20
-217.430404
  0
VERTEX
 10
69.737963
 20
-216.405767
  0
VERTEX
 10
65.713806
 20
-184.329606
  0
SEQEND
  0
POLYLINE
  8
VTM
 70
1
 62
0
 10
0
 20
0
  0
VERTEX
 10
66.118823
 20
-120.239707
  0
VERTEX
 10
49.388317
 20
-120.974449
  0
VERTEX
 10
50.631167
 20
-151.364226
  0
SEQEND
  0
POLYLINE
  8
VTM
 70
1
 62
0
 10
0
 20
0
  0
VERTEX
 10
68.923383
 20
-48.702756
  0
VERTEX
 10
41.414111
 20
-49.094949
  0
VERTEX
 10
42.170759
 20
-87.297691
  0
SEQEND
  0
POLYLINE
  8
VTM
 70
1
 62
0
 10
0
 20
0
  0
VERTEX
 10
106.510823
 20
13.497933
  0
VERTEX
 10
74.755014
 20
14.229548
  0
VERTEX
 10
74.749762
 20
-14.241750
  0
SEQEND
  0
POLYLINE
  8
VTM
 70
1
 62
0
 10
0
 20
0
  0
VERTEX
 10
104.864263
 20
47.900060
  0
VERTEX
 10
106.848295
 20
83.555635
  0
VERTEX
 10
79.425917
 20
85.519653
  0
SEQEND
  0
POLYLINE
  8
VTM
 70
1
 62
0
 10
0
 20
0
  0
VERTEX
 10
103.514138
 20
117.835382
  0
VERTEX
 10
106.771891
 20
145.741556
  0
VERTEX
 10
89.930686
 20
147.855206
  0
SEQEND
  0
POLYLINE
  8
VTM
 70
1
 62
0
 10
0
 20
0
  0
VERTEX
 10
111.192945
 20
210.096506
  0
VERTEX
 10
103.382618
 20
211.547075
  0
VERTEX
 10
99.540753
 20
180.928824
  0
SEQEND
  0
POLYLINE
  8
VTM
 70
1
 62
0
 10
0
 20
0
  0
VERTEX
 10
110.725981
 20
-209.997369
  0
VERTEX
 10
105.292389
 20
-180.200290
  0
VERTEX
 10
99.417535
 20
-180.923485
  0
SEQEND
  0
POLYLINE
  8
VTM
 70
1
 62
0
 10
0
 20
0
  0
VERTEX
 10
103.394961
 20
-117.886816
  0
VERTEX
 10
87.542821
 20
-118.998261
  0
VERTEX
 10
89.834935
 20
-147.841905
  0
SEQEND
  0
POLYLINE
  8
VTM
 70
1
 62
0
 10
0
 20
0
  0
VERTEX
 10
104.857857
 20
-47.919954
  0
VERTEX
 10
77.966248
 20
-48.532741
  0
VERTEX
 10
79.385688
 20
-85.536665
  0
SEQEND
  0
POLYLINE
  8
VTM
 70
1
 62
0
 10
0
 20
0
  0
VERTEX
 10
110.411217
 20
13.392980
  0
VERTEX
 10
110.409426
 20
-13.413611
  0
VERTEX
 10
141.470761
 20
-12.484169
  0
SEQEND
  0
POLYLINE
  8
VTM
 70
1
 62
0
 10
0
 20
0
  0
VERTEX
 10
115.860662
 20
82.794338
  0
VERTEX
 10
113.905454
 20
47.656778
  0
VERTEX
 10
139.936422
 20
46.903797
  0
SEQEND
  0
POLYLINE
  8
VTM
 70
1
 62
0
 10
0
 20
0
  0
VERTEX
 10
143.213842
 20
139.994645
  0
VERTEX
 10
127.996739
 20
142.573782
  0
VERTEX
 10
124.897920
 20
116.029045
  0
SEQEND
  0
POLYLINE
  8
VTM
 70
1
 62
0
 10
0
 20
0
  0
VERTEX
 10
139.137238
 20
175.163762
  0
VERTEX
 10
143.434347
 20
174.435448
  0
VERTEX
 10
149.889770
 20
201.283060
  0
SEQEND
  0
POLYLINE
  8
VTM
 70
1
 62
0
 10
0
 20
0
  0
VERTEX
 10
149.028213
 20
-201.414502
  0
VERTEX
 10
142.882002
 20
-174.670545
  0
VERTEX
 10
138.815973
 20
-175.330721
  0
SEQEND
  0
POLYLINE
  8
VTM
 70
1
 62
0
 10
0
 20
0
  0
VERTEX
 10
124.782587
 20
-116.126604
  0
VERTEX
 10
127.802847
 20
-142.697483
  0
VERTEX
 10
143.004664
 20
-140.229261
  0
SEQEND
  0
POLYLINE
  8
VTM
 70
1
 62
0
 10
0
 20
0
  0
VERTEX
 10
113.899083
 20
-47.677881
  0
VERTEX
 10
115.817032
 20
-82.872491
  0
VERTEX
 10
142.265254
 20
-80.463327
  0
SEQEND
  0
POLYLINE
  8
VTM
 70
1
 62
0
 10
0
 20
0
  0
VERTEX
 10
145.344162
 20
12.374627
  0
VERTEX
 10
145.370436
 20
-12.355200
  0
VERTEX
 10
177.292720
 20
-11.239025
  0
SEQEND
  0
POLYLINE
  8
VTM
 70
1
 62
0
 10
0
 20
0
  0
VERTEX
 10
177.624233
 20
76.549241
  0
VERTEX
 10
151.178853
 20
79.385657
  0
VERTEX
 10
148.976559
 20
46.624053
  0
SEQEND
  0
POLYLINE
  8
VTM
 70
1
 62
0
 10
0
 20
0
  0
VERTEX
 10
178.815570
 20
133.030467
  0
VERTEX
 10
164.297128
 20
135.991643
  0
VERTEX
 10
160.847045
 20
112.442334
  0
SEQEND
  0
POLYLINE
  8
VTM
 70
1
 62
0
 10
0
 20
0
  0
VERTEX
 10
176.715198
 20
168.116543
  0
VERTEX
 10
179.970411
 20
167.452611
  0
VERTEX
 10
186.507573
 20
190.460112
  0
SEQEND
  0
POLYLINE
  8
VTM
 70
1
 62
0
 10
0
 20
0
  0
VERTEX
 10
185.317329
 20
-191.134544
  0
VERTEX
 10
179.376137
 20
-168.093019
  0
VERTEX
 10
176.224156
 20
-168.683554
  0
SEQEND
  0
POLYLINE
  8
VTM
 70
1
 62
0
 10
0
 20
0
  0
VERTEX
 10
160.809286
 20
-112.656956
  0
VERTEX
 10
164.126786
 20
-136.436525
  0
VERTEX
 10
178.979608
 20
-133.653798
  0
SEQEND
  0
POLYLINE
  8
VTM
 70
1
 62
0
 10
0
 20
0
  0
VERTEX
 10
175.988223
 20
-45.655825
  0
VERTEX
 10
149.075602
 20
-46.596836
  0
VERTEX
 10
151.264929
 20
-79.564321
  0
SEQEND
  0
POLYLINE
  8
VTM
 70
1
 62
0
 10
0
 20
0
  0
VERTEX
 10
218.147502
 20
-9.758109
  0
VERTEX
 10
217.801429
 20
10.832215
  0
VERTEX
 10
181.076794
 20
11.355060
  0
SEQEND
  0
POLYLINE
  8
VTM
 70
1
 62
0
 10
0
 20
0
  0
VERTEX
 10
215.294727
 20
45.182382
  0
VERTEX
 10
216.641392
 20
72.429711
  0
VERTEX
 10
186.613645
 20
75.552872
  0
SEQEND
  0
POLYLINE
  8
VTM
 70
1
 62
0
 10
0
 20
0
  0
VERTEX
 10
213.739873
 20
106.748789
  0
VERTEX
 10
216.630574
 20
124.716685
  0
VERTEX
 10
199.782484
 20
128.456929
  0
SEQEND
  0
POLYLINE
  8
VTM
 70
1
 62
0
 10
0
 20
0
  0
VERTEX
 10
213.067562
 20
160.233087
  0
VERTEX
 10
218.039292
 20
159.129373
  0
VERTEX
 10
223.622139
 20
177.271799
  0
SEQEND
  0
POLYLINE
  8
VTM
 70
1
 62
0
 10
0
 20
0
  0
VERTEX
 10
217.974939
 20
-160.606409
  0
VERTEX
 10
212.624244
 20
-161.604097
  0
VERTEX
 10
217.557723
 20
-180.737441
  0
SEQEND
  0
POLYLINE
  8
VTM
 70
1
 62
0
 10
0
 20
0
  0
VERTEX
 10
218.157090
 20
-126.165389
  0
VERTEX
 10
215.573163
 20
-107.028369
  0
VERTEX
 10
196.938496
 20
-108.878192
  0
SEQEND
  0
POLYLINE
  8
VTM
 70
1
 62
0
 10
0
 20
0
  0
VERTEX
 10
216.796576
 20
-44.173118
  0
VERTEX
 10
185.026548
 20
-45.322679
  0
VERTEX
 10
187.200895
 20
-75.841903
  0
SEQEND
  0
POLYLINE
  8
VTM
 70
1
 62
0
 10
0
 20
0
  0
VERTEX
 10
267.376605
 20
12.620182
  0
VERTEX
 10
221.703227
 20
10.824873
  0
VERTEX
 10
222.046850
 20
-9.619650
  0
SEQEND
  0
POLYLINE
  8
VTM
 70
1
 62
0
 10
0
 20
0
  0
VERTEX
 10
224.339173
 20
45.165364
  0
VERTEX
 10
262.053277
 20
46.647813
  0
VERTEX
 10
261.750022
 20
68.841443
  0
SEQEND
  0
POLYLINE
  8
VTM
 70
1
 62
0
 10
0
 20
0
  0
VERTEX
 10
237.563182
 20
119.988611
  0
VERTEX
 10
235.099165
 20
104.672881
  0
VERTEX
 10
257.350099
 20
103.000753
  0
SEQEND
  0
POLYLINE
  8
VTM
 70
1
 62
0
 10
0
 20
0
  0
VERTEX
 10
255.144564
 20
164.866977
  0
VERTEX
 10
251.082289
 20
151.665912
  0
VERTEX
 10
259.654375
 20
149.820216
  0
SEQEND
  0
POLYLINE
  8
VTM
 70
1
 62
0
 10
0
 20
0
  0
VERTEX
 10
254.828587
 20
-168.837083
  0
VERTEX
 10
263.770463
 20
-166.444075
  0
VERTEX
 10
261.607025
 20
-153.198869
  0
SEQEND
  0
POLYLINE
  8
VTM
 70
1
 62
0
 10
0
 20
0
  0
VERTEX
 10
236.941392
 20
-105.046583
  0
VERTEX
 10
239.285728
 20
-122.409144
  0
VERTEX
 10
264.068932
 20
-118.845467
  0
SEQEND
  0
POLYLINE
  8
VTM
 70
1
 62
0
 10
0
 20
0
  0
VERTEX
 10
225.835341
 20
-43.852166
  0
VERTEX
 10
227.631661
 20
-71.887178
  0
VERTEX
 10
267.191445
 20
-69.002970
  0
SEQEND
  0
POLYLINE
  8
VTM
 70
1
 62
0
 10
0
 20
0
  0
VERTEX
 10
271.068481
 20
47.374711
  0
VERTEX
 10
310.021369
 20
56.141774
  0
VERTEX
 10
307.909099
 20
67.484605
  0
SEQEND
  0
POLYLINE
  8
VTM
 70
1
 62
0
 10
0
 20
0
  0
VERTEX
 10
279.962280
 20
111.080435
  0
VERTEX
 10
278.779751
 20
101.861129
  0
VERTEX
 10
301.500890
 20
101.324709
  0
SEQEND
  0
POLYLINE
  8
VTM
 70
1
 62
0
 10
0
 20
0
  0
VERTEX
 10
301.090120
 20
141.528098
  0
VERTEX
 10
302.269272
 20
146.583466
  0
VERTEX
 10
294.693778
 20
149.253723
  0
SEQEND
  0
POLYLINE
  8
VTM
 70
1
 62
0
 10
0
 20
0
  0
VERTEX
 10
-302.269280
 20
-146.583461
  0
VERTEX
 10
-294.693782
 20
-149.253720
  0
VERTEX
 10
-292.840932
 20
-143.023475
  0
SEQEND
  0
POLYLINE
  8
VTM
 70
1
 62
0
 10
0
 20
0
  0
VERTEX
 10
-278.779751
 20
-101.861148
  0
VERTEX
 10
-301.500895
 20
-101.324727
  0
VERTEX
 10
-301.936736
 20
-107.096996
  0
SEQEND
  0
POLYLINE
  8
VTM
 70
1
 62
0
 10
0
 20
0
  0
VERTEX
 10
-310.021369
 20
-56.141812
  0
VERTEX
 10
-307.909100
 20
-67.484632
  0
VERTEX
 10
-270.781721
 20
-68.361168
  0
SEQEND
  0
POLYLINE
  8
VTM
 70
1
 62
0
 10
0
 20
0
  0
VERTEX
 10
-221.703212
 20
-10.824911
  0
VERTEX
 10
-222.046835
 20
9.619634
  0
VERTEX
 10
-268.378573
 20
8.460478
  0
SEQEND
  0
POLYLINE
  8
VTM
 70
1
 62
0
 10
0
 20
0
  0
VERTEX
 10
-266.306646
 20
42.839609
  0
VERTEX
 10
-225.835330
 20
43.852146
  0
VERTEX
 10
-227.631655
 20
71.887170
  0
SEQEND
  0
POLYLINE
  8
VTM
 70
1
 62
0
 10
0
 20
0
  0
VERTEX
 10
-236.941389
 20
105.046583
  0
VERTEX
 10
-239.285727
 20
122.409164
  0
VERTEX
 10
-264.068932
 20
118.845483
  0
SEQEND
  0
POLYLINE
  8
VTM
 70
1
 62
0
 10
0
 20
0
  0
VERTEX
 10
-263.770467
 20
166.444092
  0
VERTEX
 10
-261.607028
 20
153.198891
  0
VERTEX
 10
-251.327383
 20
154.677044
  0
SEQEND
  0
POLYLINE
  8
VTM
 70
1
 62
0
 10
0
 20
0
  0
VERTEX
 10
-251.082282
 20
-151.665915
  0
VERTEX
 10
-259.654383
 20
-149.820214
  0
VERTEX
 10
-263.186403
 20
-161.696699
  0
SEQEND
  0
POLYLINE
  8
VTM
 70
1
 62
0
 10
0
 20
0
  0
VERTEX
 10
-235.099155
 20
-104.672907
  0
VERTEX
 10
-257.350101
 20
-103.000776
  0
VERTEX
 10
-258.938733
 20
-115.386148
  0
SEQEND
  0
POLYLINE
  8
VTM
 70
1
 62
0
 10
0
 20
0
  0
VERTEX
 10
-262.053272
 20
-46.647853
  0
VERTEX
 10
-261.750021
 20
-68.841475
  0
VERTEX
 10
-225.643426
 20
-71.554840
  0
SEQEND
  0
POLYLINE
  8
VTM
 70
1
 62
0
 10
0
 20
0
  0
VERTEX
 10
-181.076776
 20
-11.355096
  0
VERTEX
 10
-181.191860
 20
11.095288
  0
VERTEX
 10
-218.147485
 20
9.758094
  0
SEQEND
  0
POLYLINE
  8
VTM
 70
1
 62
0
 10
0
 20
0
  0
VERTEX
 10
-216.796558
 20
44.173099
  0
VERTEX
 10
-185.026528
 20
45.322659
  0
VERTEX
 10
-187.200872
 20
75.841899
  0
SEQEND
  0
POLYLINE
  8
VTM
 70
1
 62
0
 10
0
 20
0
  0
VERTEX
 10
-196.938477
 20
108.878193
  0
VERTEX
 10
-200.042137
 20
129.543115
  0
VERTEX
 10
-218.157078
 20
126.165411
  0
SEQEND
  0
POLYLINE
  8
VTM
 70
1
 62
0
 10
0
 20
0
  0
VERTEX
 10
-217.557709
 20
180.737464
  0
VERTEX
 10
-222.556071
 20
179.134116
  0
VERTEX
 10
-217.974924
 20
160.606436
  0
SEQEND
  0
POLYLINE
  8
VTM
 70
1
 62
0
 10
0
 20
0
  0
VERTEX
 10
-218.039270
 20
-159.129381
  0
VERTEX
 10
-223.622119
 20
-177.271810
  0
VERTEX
 10
-218.456104
 20
-179.198096
  0
SEQEND
  0
POLYLINE
  8
VTM
 70
1
 62
0
 10
0
 20
0
  0
VERTEX
 10
-196.515637
 20
-108.540292
  0
VERTEX
 10
-213.739854
 20
-106.748814
  0
VERTEX
 10
-216.630554
 20
-124.716702
  0
SEQEND
  0
POLYLINE
  8
VTM
 70
1
 62
0
 10
0
 20
0
  0
VERTEX
 10
-184.560344
 20
-45.619986
  0
VERTEX
 10
-215.294708
 20
-45.182425
  0
VERTEX
 10
-216.641373
 20
-72.429748
  0
SEQEND
  0
POLYLINE
  8
VTM
 70
1
 62
0
 10
0
 20
0
  0
VERTEX
 10
-177.292700
 20
11.239008
  0
VERTEX
 10
-177.176347
 20
-11.458835
  0
VERTEX
 10
-145.344125
 20
-12.374663
  0
SEQEND
  0
POLYLINE
  8
VTM
 70
1
 62
0
 10
0
 20
0
  0
VERTEX
 10
-175.988199
 20
45.655804
  0
VERTEX
 10
-149.075563
 20
46.596813
  0
VERTEX
 10
-151.264890
 20
79.564315
  0
SEQEND
  0
POLYLINE
  8
VTM
 70
1
 62
0
 10
0
 20
0
  0
VERTEX
 10
-175.597638
 20
111.136041
  0
VERTEX
 10
-160.809250
 20
112.656958
  0
VERTEX
 10
-164.126752
 20
136.436550
  0
SEQEND
  0
POLYLINE
  8
VTM
 70
1
 62
0
 10
0
 20
0
  0
VERTEX
 10
-181.638807
 20
192.244464
  0
VERTEX
 10
-185.317294
 20
191.134573
  0
VERTEX
 10
-179.376103
 20
168.093049
  0
SEQEND
  0
POLYLINE
  8
VTM
 70
1
 62
0
 10
0
 20
0
  0
VERTEX
 10
-182.405297
 20
-191.781446
  0
VERTEX
 10
-176.715152
 20
-168.116558
  0
VERTEX
 10
-179.970378
 20
-167.452624
  0
SEQEND
  0
POLYLINE
  8
VTM
 70
1
 62
0
 10
0
 20
0
  0
VERTEX
 10
-175.186309
 20
-110.904393
  0
VERTEX
 10
-178.815542
 20
-133.030488
  0
VERTEX
 10
-164.297086
 20
-135.991666
  0
SEQEND
  0
POLYLINE
  8
VTM
 70
1
 62
0
 10
0
 20
0
  0
VERTEX
 10
-175.519073
 20
-45.860453
  0
VERTEX
 10
-177.624209
 20
-76.549280
  0
VERTEX
 10
-151.178817
 20
-79.385695
  0
SEQEND
  0
POLYLINE
  8
VTM
 70
1
 62
0
 10
0
 20
0
  0
VERTEX
 10
-110.411221
 20
-13.393014
  0
VERTEX
 10
-110.409430
 20
13.413591
  0
VERTEX
 10
-141.470722
 20
12.484151
  0
SEQEND
  0
POLYLINE
  8
VTM
 70
1
 62
0
 10
0
 20
0
  0
VERTEX
 10
-140.036038
 20
46.895766
  0
VERTEX
 10
-113.899087
 20
47.677856
  0
VERTEX
 10
-115.817035
 20
82.872478
  0
SEQEND
  0
POLYLINE
  8
VTM
 70
1
 62
0
 10
0
 20
0
  0
VERTEX
 10
-139.455579
 20
114.790041
  0
VERTEX
 10
-124.782589
 20
116.126600
  0
VERTEX
 10
-127.802848
 20
142.697499
  0
SEQEND
  0
POLYLINE
  8
VTM
 70
1
 62
0
 10
0
 20
0
  0
VERTEX
 10
-149.028161
 20
201.414533
  0
VERTEX
 10
-142.881952
 20
174.670575
  0
VERTEX
 10
-138.815972
 20
175.330742
  0
SEQEND
  0
POLYLINE
  8
VTM
 70
1
 62
0
 10
0
 20
0
  0
VERTEX
 10
-144.258022
 20
-202.731494
  0
VERTEX
 10
-139.137226
 20
-175.163769
  0
VERTEX
 10
-143.434293
 20
-174.435462
  0
SEQEND
  0
POLYLINE
  8
VTM
 70
1
 62
0
 10
0
 20
0
  0
VERTEX
 10
-139.501473
 20
-114.655379
  0
VERTEX
 10
-143.213794
 20
-139.994667
  0
VERTEX
 10
-127.996732
 20
-142.573795
  0
SEQEND
  0
POLYLINE
  8
VTM
 70
1
 62
0
 10
0
 20
0
  0
VERTEX
 10
-139.936382
 20
-46.903839
  0
VERTEX
 10
-142.182567
 20
-80.318389
  0
VERTEX
 10
-115.860660
 20
-82.794371
  0
SEQEND
  0
POLYLINE
  8
VTM
 70
1
 62
0
 10
0
 20
0
  0
VERTEX
 10
-106.510826
 20
-13.497966
  0
VERTEX
 10
-74.755049
 20
-14.229579
  0
VERTEX
 10
-74.749797
 20
14.241727
  0
SEQEND
  0
POLYLINE
  8
VTM
 70
1
 62
0
 10
0
 20
0
  0
VERTEX
 10
-77.966280
 20
48.532714
  0
VERTEX
 10
-79.385711
 20
85.536647
  0
VERTEX
 10
-106.803042
 20
83.614333
  0
SEQEND
  0
POLYLINE
  8
VTM
 70
1
 62
0
 10
0
 20
0
  0
VERTEX
 10
-103.394955
 20
117.886810
  0
VERTEX
 10
-87.542843
 20
118.998250
  0
VERTEX
 10
-89.834956
 20
147.841914
  0
SEQEND
  0
POLYLINE
  8
VTM
 70
1
 62
0
 10
0
 20
0
  0
VERTEX
 10
-110.725965
 20
209.997387
  0
VERTEX
 10
-105.292376
 20
180.200310
  0
VERTEX
 10
-99.417553
 20
180.923500
  0
SEQEND
  0
POLYLINE
  8
VTM
 70
1
 62
0
 10
0
 20
0
  0
VERTEX
 10
-105.632908
 20
-180.164235
  0
VERTEX
 10
-111.192928
 20
-210.096516
  0
VERTEX
 10
-103.382632
 20
-211.547078
  0
SEQEND
  0
POLYLINE
  8
VTM
 70
1
 62
0
 10
0
 20
0
  0
VERTEX
 10
-103.514131
 20
-117.835406
  0
VERTEX
 10
-106.771882
 20
-145.741568
  0
VERTEX
 10
-89.930712
 20
-147.855211
  0
SEQEND
  0
POLYLINE
  8
VTM
 70
1
 62
0
 10
0
 20
0
  0
VERTEX
 10
-106.848289
 20
-83.555666
  0
VERTEX
 10
-79.425950
 20
-85.519681
  0
VERTEX
 10
-77.984187
 20
-48.519382
  0
SEQEND
  0
POLYLINE
  8
VTM
 70
1
 62
0
 10
0
 20
0
  0
VERTEX
 10
-70.848679
 20
14.315071
  0
VERTEX
 10
-70.853958
 20
-14.304363
  0
VERTEX
 10
-38.511278
 20
-14.773520
  0
SEQEND
  0
POLYLINE
  8
VTM
 70
1
 62
0
 10
0
 20
0
  0
VERTEX
 10
-68.923412
 20
48.702727
  0
VERTEX
 10
-41.414152
 20
49.094915
  0
VERTEX
 10
-42.170802
 20
87.297663
  0
SEQEND
  0
POLYLINE
  8
VTM
 70
1
 62
0
 10
0
 20
0
  0
VERTEX
 10
-66.118836
 20
120.239695
  0
VERTEX
 10
-49.388353
 20
120.974432
  0
VERTEX
 10
-50.631201
 20
151.364225
  0
SEQEND
  0
POLYLINE
  8
VTM
 70
1
 62
0
 10
0
 20
0
  0
VERTEX
 10
-60.674863
 20
217.430411
  0
VERTEX
 10
-69.737958
 20
216.405777
  0
VERTEX
 10
-65.713807
 20
184.329616
  0
SEQEND
  0
POLYLINE
  8
VTM
 70
1
 62
0
 10
0
 20
0
  0
VERTEX
 10
-65.839869
 20
-184.362923
  0
VERTEX
 10
-69.878035
 20
-216.545666
  0
VERTEX
 10
-60.613592
 20
-217.578449
  0
SEQEND
  0
POLYLINE
  8
VTM
 70
1
 62
0
 10
0
 20
0
  0
VERTEX
 10
-66.188363
 20
-120.233904
  0
VERTEX
 10
-68.581320
 20
-150.030701
  0
VERTEX
 10
-50.633245
 20
-151.404294
  0
SEQEND
  0
POLYLINE
  8
VTM
 70
1
 62
0
 10
0
 20
0
  0
VERTEX
 10
-42.180140
 20
-87.301896
  0
VERTEX
 10
-41.420506
 20
-49.091945
  0
VERTEX
 10
-68.941379
 20
-48.692732
  0
SEQEND
  0
POLYLINE
  8
ETM
 70
1
 62
5
 10
0
 20
0
  0
VERTEX
 10
-32.376491
 20
-49.180960
  0
VERTEX
 10
-4.522260
 20
-49.318035
  0
VERTEX
 10
-1.950930
 20
-14.972640
  0
VERTEX
 10
-34.609665
 20
-14.811921
  0
SEQEND
  0
POLYLINE
  8
ETM
 70
1
 62
5
 10
0
 20
0
  0
VERTEX
 10
-34.609665
 20
-14.811921
  0
VERTEX
 10
-34.607748
 20
14.814016
  0
VERTEX
 10
-38.509366
 20
14.776119
  0
VERTEX
 10
-38.511278
 20
-14.773520
  0
SEQEND
  0
POLYLINE
  8
ETM
 70
1
 62
5
 10
0
 20
0
  0
VERTEX
 10
-38.511278
 20
-14.773520
  0
VERTEX
 10
-70.853958
 20
-14.304363
  0
VERTEX
 10
-68.941379
 20
-48.692732
  0
VERTEX
 10
-41.420506
 20
-49.091945
  0
SEQEND
  0
POLYLINE
  8
ETM
 70
1
 62
5
 10
0
 20
0
  0
VERTEX
 10
-41.420506
 20
-49.091945
  0
VERTEX
 10
-42.180140
 20
-87.301896
  0
VERTEX
 10
-33.139734
 20
-87.572409
  0
VERTEX
 10
-32.376491
 20
-49.180960
  0
SEQEND
  0
POLYLINE
  8
ETM
 70
1
 62
5
 10
0
 20
0
  0
VERTEX
 10
-27.948033
 20
-121.620366
  0
VERTEX
 10
-10.723110
 20
-121.876904
  0
VERTEX
 10
-4.519756
 20
-87.998658
  0
VERTEX
 10
-33.139734
 20
-87.572409
  0
SEQEND
  0
POLYLINE
  8
ETM
 70
1
 62
5
 10
0
 20
0
  0
VERTEX
 10
-33.139734
 20
-87.572409
  0
VERTEX
 10
-32.376491
 20
-49.180960
  0
VERTEX
 10
-41.420506
 20
-49.091945
  0
VERTEX
 10
-42.180140
 20
-87.301896
  0
SEQEND
  0
POLYLINE
  8
ETM
 70
1
 62
5
 10
0
 20
0
  0
VERTEX
 10
-42.180140
 20
-87.301896
  0
VERTEX
 10
-70.397072
 20
-86.050517
  0
VERTEX
 10
-66.188363
 20
-120.233904
  0
VERTEX
 10
-49.398341
 20
-120.978517
  0
SEQEND
  0
POLYLINE
  8
ETM
 70
1
 62
5
 10
0
 20
0
  0
VERTEX
 10
-49.398341
 20
-120.978517
  0
VERTEX
 10
-50.633245
 20
-151.404294
  0
VERTEX
 10
-29.201476
 20
-152.502918
  0
VERTEX
 10
-27.948033
 20
-121.620366
  0
SEQEND
  0
POLYLINE
  8
ETM
 70
1
 62
5
 10
0
 20
0
  0
VERTEX
 10
-24.736218
 20
-186.653739
  0
VERTEX
 10
-16.902297
 20
-186.852293
  0
VERTEX
 10
-10.712751
 20
-152.971522
  0
VERTEX
 10
-29.201476
 20
-152.502918
  0
SEQEND
  0
POLYLINE
  8
ETM
 70
1
 62
5
 10
0
 20
0
  0
VERTEX
 10
-29.201476
 20
-152.502918
  0
VERTEX
 10
-27.948033
 20
-121.620366
  0
VERTEX
 10
-49.398341
 20
-120.978517
  0
VERTEX
 10
-50.633245
 20
-151.404294
  0
SEQEND
  0
POLYLINE
  8
ETM
 70
1
 62
5
 10
0
 20
0
  0
VERTEX
 10
-50.633245
 20
-151.404294
  0
VERTEX
 10
-68.581320
 20
-150.030701
  0
VERTEX
 10
-65.839869
 20
-184.362923
  0
VERTEX
 10
-58.567163
 20
-184.919514
  0
SEQEND
  0
POLYLINE
  8
ETM
 70
1
 62
5
 10
0
 20
0
  0
VERTEX
 10
-58.567163
 20
-184.919514
  0
VERTEX
 10
-60.613592
 20
-217.578449
  0
VERTEX
 10
-26.830787
 20
-220.080944
  0
VERTEX
 10
-24.736218
 20
-186.653739
  0
SEQEND
  0
POLYLINE
  8
ETM
 70
1
 62
5
 10
0
 20
0
  0
VERTEX
 10
-26.803704
 20
-254.522445
  0
VERTEX
 10
-19.393970
 20
-254.791387
  0
VERTEX
 10
-16.870082
 20
-220.442476
  0
VERTEX
 10
-26.830787
 20
-220.080944
  0
SEQEND
  0
POLYLINE
  8
ETM
 70
1
 62
5
 10
0
 20
0
  0
VERTEX
 10
-26.830787
 20
-220.080944
  0
VERTEX
 10
-24.736218
 20
-186.653739
  0
VERTEX
 10
-58.567163
 20
-184.919514
  0
VERTEX
 10
-60.613592
 20
-217.578449
  0
SEQEND
  0
POLYLINE
  8
ETM
 70
1
 62
5
 10
0
 20
0
  0
VERTEX
 10
-60.613592
 20
-217.578449
  0
VERTEX
 10
-69.878035
 20
-216.545666
  0
VERTEX
 10
-72.402790
 20
-250.894514
  0
VERTEX
 10
-65.715109
 20
-251.640044
  0
SEQEND
  0
POLYLINE
  8
ETM
 70
1
 62
5
 10
0
 20
0
  0
VERTEX
 10
-65.715109
 20
-251.640044
  0
VERTEX
 10
-69.843202
 20
-299.587028
  0
VERTEX
 10
-31.011748
 20
-303.398056
  0
VERTEX
 10
-26.803704
 20
-254.522445
  0
SEQEND
  0
POLYLINE
  8
ETM
 70
1
 62
5
 10
0
 20
0
  0
VERTEX
 10
-26.897964
 20
220.011431
  0
VERTEX
 10
-17.005368
 20
220.395689
  0
VERTEX
 10
-19.624135
 20
254.737497
  0
VERTEX
 10
-26.950946
 20
254.452902
  0
SEQEND
  0
POLYLINE
  8
ETM
 70
1
 62
5
 10
0
 20
0
  0
VERTEX
 10
-26.950946
 20
254.452902
  0
VERTEX
 10
-31.333945
 20
303.238485
  0
VERTEX
 10
-70.145425
 20
299.229159
  0
VERTEX
 10
-65.855546
 20
251.480054
  0
SEQEND
  0
POLYLINE
  8
ETM
 70
1
 62
5
 10
0
 20
0
  0
VERTEX
 10
-65.855546
 20
251.480054
  0
VERTEX
 10
-72.289880
 20
250.752616
  0
VERTEX
 10
-69.737958
 20
216.405777
  0
VERTEX
 10
-60.674863
 20
217.430411
  0
SEQEND
  0
POLYLINE
  8
ETM
 70
1
 62
5
 10
0
 20
0
  0
VERTEX
 10
-60.674863
 20
217.430411
  0
VERTEX
 10
-58.586476
 20
184.874389
  0
VERTEX
 10
-24.756640
 20
186.630171
  0
VERTEX
 10
-26.897964
 20
220.011431
  0
SEQEND
  0
POLYLINE
  8
ETM
 70
1
 62
5
 10
0
 20
0
  0
VERTEX
 10
-29.200135
 20
152.476505
  0
VERTEX
 10
-10.747247
 20
152.960000
  0
VERTEX
 10
-16.973176
 20
186.834110
  0
VERTEX
 10
-24.756640
 20
186.630171
  0
SEQEND
  0
POLYLINE
  8
ETM
 70
1
 62
5
 10
0
 20
0
  0
VERTEX
 10
-24.756640
 20
186.630171
  0
VERTEX
 10
-26.897964
 20
220.011431
  0
VERTEX
 10
-60.674863
 20
217.430411
  0
VERTEX
 10
-58.586476
 20
184.874389
  0
SEQEND
  0
POLYLINE
  8
ETM
 70
1
 62
5
 10
0
 20
0
  0
VERTEX
 10
-58.586476
 20
184.874389
  0
VERTEX
 10
-65.713807
 20
184.329616
  0
VERTEX
 10
-68.483765
 20
149.999675
  0
VERTEX
 10
-50.631201
 20
151.364225
  0
SEQEND
  0
POLYLINE
  8
ETM
 70
1
 62
5
 10
0
 20
0
  0
VERTEX
 10
-50.631201
 20
151.364225
  0
VERTEX
 10
-49.388353
 20
120.974432
  0
VERTEX
 10
-27.938031
 20
121.615868
  0
VERTEX
 10
-29.200135
 20
152.476505
  0
SEQEND
  0
POLYLINE
  8
ETM
 70
1
 62
5
 10
0
 20
0
  0
VERTEX
 10
-33.130391
 20
87.568002
  0
VERTEX
 10
-4.524764
 20
87.997464
  0
VERTEX
 10
-10.736888
 20
121.874112
  0
VERTEX
 10
-27.938031
 20
121.615868
  0
SEQEND
  0
POLYLINE
  8
ETM
 70
1
 62
5
 10
0
 20
0
  0
VERTEX
 10
-27.938031
 20
121.615868
  0
VERTEX
 10
-29.200135
 20
152.476505
  0
VERTEX
 10
-50.631201
 20
151.364225
  0
VERTEX
 10
-49.388353
 20
120.974432
  0
SEQEND
  0
POLYLINE
  8
ETM
 70
1
 62
5
 10
0
 20
0
  0
VERTEX
 10
-49.388353
 20
120.974432
  0
VERTEX
 10
-66.118836
 20
120.239695
  0
VERTEX
 10
-70.356391
 20
86.059863
  0
VERTEX
 10
-42.170802
 20
87.297663
  0
SEQEND
  0
POLYLINE
  8
ETM
 70
1
 62
5
 10
0
 20
0
  0
VERTEX
 10
-42.170802
 20
87.297663
  0
VERTEX
 10
-41.414152
 20
49.094915
  0
VERTEX
 10
-32.370126
 20
49.182760
  0
VERTEX
 10
-33.130391
 20
87.568002
  0
SEQEND
  0
POLYLINE
  8
ETM
 70
1
 62
5
 10
0
 20
0
  0
VERTEX
 10
-34.607748
 20
14.814016
  0
VERTEX
 10
-1.950930
 20
14.972612
  0
VERTEX
 10
-4.522260
 20
49.318002
  0
VERTEX
 10
-32.370126
 20
49.182760
  0
SEQEND
  0
POLYLINE
  8
ETM
 70
1
 62
5
 10
0
 20
0
  0
VERTEX
 10
-32.370126
 20
49.182760
  0
VERTEX
 10
-33.130391
 20
87.568002
  0
VERTEX
 10
-42.170802
 20
87.297663
  0
VERTEX
 10
-41.414152
 20
49.094915
  0
SEQEND
  0
POLYLINE
  8
ETM
 70
1
 62
5
 10
0
 20
0
  0
VERTEX
 10
-41.414152
 20
49.094915
  0
VERTEX
 10
-68.923412
 20
48.702727
  0
VERTEX
 10
-70.848679
 20
14.315071
  0
VERTEX
 10
-38.509366
 20
14.776119
  0
SEQEND
  0
POLYLINE
  8
ETM
 70
1
 62
5
 10
0
 20
0
  0
VERTEX
 10
-38.509366
 20
14.776119
  0
VERTEX
 10
-38.511278
 20
-14.773520
  0
VERTEX
 10
-34.609665
 20
-14.811921
  0
VERTEX
 10
-34.607748
 20
14.814016
  0
SEQEND
  0
POLYLINE
  8
ETM
 70
1
 62
5
 10
0
 20
0
  0
VERTEX
 10
-68.941379
 20
-48.692732
  0
VERTEX
 10
-41.420506
 20
-49.091945
  0
VERTEX
 10
-38.511278
 20
-14.773520
  0
VERTEX
 10
-70.853958
 20
-14.304363
  0
SEQEND
  0
POLYLINE
  8
ETM
 70
1
 62
5
 10
0
 20
0
  0
VERTEX
 10
-70.853958
 20
-14.304363
  0
VERTEX
 10
-70.848679
 20
14.315071
  0
VERTEX
 10
-74.749797
 20
14.241727
  0
VERTEX
 10
-74.755049
 20
-14.229579
  0
SEQEND
  0
POLYLINE
  8
ETM
 70
1
 62
5
 10
0
 20
0
  0
VERTEX
 10
-74.755049
 20
-14.229579
  0
VERTEX
 10
-106.510826
 20
-13.497966
  0
VERTEX
 10
-104.864263
 20
-47.900099
  0
VERTEX
 10
-77.984187
 20
-48.519382
  0
SEQEND
  0
POLYLINE
  8
ETM
 70
1
 62
5
 10
0
 20
0
  0
VERTEX
 10
-77.984187
 20
-48.519382
  0
VERTEX
 10
-79.425950
 20
-85.519681
  0
VERTEX
 10
-70.397072
 20
-86.050517
  0
VERTEX
 10
-68.941379
 20
-48.692732
  0
SEQEND
  0
POLYLINE
  8
ETM
 70
1
 62
5
 10
0
 20
0
  0
VERTEX
 10
-66.188363
 20
-120.233904
  0
VERTEX
 10
-49.398341
 20
-120.978517
  0
VERTEX
 10
-42.180140
 20
-87.301896
  0
VERTEX
 10
-70.397072
 20
-86.050517
  0
SEQEND
  0
POLYLINE
  8
ETM
 70
1
 62
5
 10
0
 20
0
  0
VERTEX
 10
-70.397072
 20
-86.050517
  0
VERTEX
 10
-68.941379
 20
-48.692732
  0
VERTEX
 10
-77.984187
 20
-48.519382
  0
VERTEX
 10
-79.425950
 20
-85.519681
  0
SEQEND
  0
POLYLINE
  8
ETM
 70
1
 62
5
 10
0
 20
0
  0
VERTEX
 10
-79.425950
 20
-85.519681
  0
VERTEX
 10
-106.848289
 20
-83.555666
  0
VERTEX
 10
-103.514131
 20
-117.835406
  0
VERTEX
 10
-87.611316
 20
-118.974381
  0
SEQEND
  0
POLYLINE
  8
ETM
 70
1
 62
5
 10
0
 20
0
  0
VERTEX
 10
-87.611316
 20
-118.974381
  0
VERTEX
 10
-89.930712
 20
-147.855211
  0
VERTEX
 10
-68.581320
 20
-150.030701
  0
VERTEX
 10
-66.188363
 20
-120.233904
  0
SEQEND
  0
POLYLINE
  8
ETM
 70
1
 62
5
 10
0
 20
0
  0
VERTEX
 10
-65.839869
 20
-184.362923
  0
VERTEX
 10
-58.567163
 20
-184.919514
  0
VERTEX
 10
-50.633245
 20
-151.404294
  0
VERTEX
 10
-68.581320
 20
-150.030701
  0
SEQEND
  0
POLYLINE
  8
ETM
 70
1
 62
5
 10
0
 20
0
  0
VERTEX
 10
-68.581320
 20
-150.030701
  0
VERTEX
 10
-66.188363
 20
-120.233904
  0
VERTEX
 10
-87.611316
 20
-118.974381
  0
VERTEX
 10
-89.930712
 20
-147.855211
  0
SEQEND
  0
POLYLINE
  8
ETM
 70
1
 62
5
 10
0
 20
0
  0
VERTEX
 10
-89.930712
 20
-147.855211
  0
VERTEX
 10
-106.771882
 20
-145.741568
  0
VERTEX
 10
-105.632908
 20
-180.164235
  0
VERTEX
 10
-99.540772
 20
-180.928825
  0
SEQEND
  0
POLYLINE
  8
ETM
 70
1
 62
5
 10
0
 20
0
  0
VERTEX
 10
-99.540772
 20
-180.928825
  0
VERTEX
 10
-103.382632
 20
-211.547078
  0
VERTEX
 10
-69.878035
 20
-216.545666
  0
VERTEX
 10
-65.839869
 20
-184.362923
  0
SEQEND
  0
POLYLINE
  8
ETM
 70
1
 62
5
 10
0
 20
0
  0
VERTEX
 10
-72.402790
 20
-250.894514
  0
VERTEX
 10
-65.715109
 20
-251.640044
  0
VERTEX
 10
-60.613592
 20
-217.578449
  0
VERTEX
 10
-69.878035
 20
-216.545666
  0
SEQEND
  0
POLYLINE
  8
ETM
 70
1
 62
5
 10
0
 20
0
  0
VERTEX
 10
-69.878035
 20
-216.545666
  0
VERTEX
 10
-65.839869
 20
-184.362923
  0
VERTEX
 10
-99.540772
 20
-180.928825
  0
VERTEX
 10
-103.382632
 20
-211.547078
  0
SEQEND
  0
POLYLINE
  8
ETM
 70
1
 62
5
 10
0
 20
0
  0
VERTEX
 10
-103.382632
 20
-211.547078
  0
VERTEX
 10
-111.192928
 20
-210.096516
  0
VERTEX
 10
-116.150308
 20
-244.179387
  0
VERTEX
 10
-110.993754
 20
-245.137084
  0
SEQEND
  0
POLYLINE
  8
ETM
 70
1
 62
5
 10
0
 20
0
  0
VERTEX
 10
-110.993754
 20
-245.137084
  0
VERTEX
 10
-118.884940
 20
-290.316346
  0
VERTEX
 10
-80.627206
 20
-297.981610
  0
VERTEX
 10
-72.402790
 20
-250.894514
  0
SEQEND
  0
POLYLINE
  8
ETM
 70
1
 62
5
 10
0
 20
0
  0
VERTEX
 10
-69.737958
 20
216.405777
  0
VERTEX
 10
-60.674863
 20
217.430411
  0
VERTEX
 10
-65.855546
 20
251.480054
  0
VERTEX
 10
-72.289880
 20
250.752616
  0
SEQEND
  0
POLYLINE
  8
ETM
 70
1
 62
5
 10
0
 20
0
  0
VERTEX
 10
-72.289880
 20
250.752616
  0
VERTEX
 10
-80.600297
 20
297.622214
  0
VERTEX
 10
-118.824395
 20
289.790944
  0
VERTEX
 10
-110.876278
 20
244.964668
  0
SEQEND
  0
POLYLINE
  8
ETM
 70
1
 62
5
 10
0
 20
0
  0
VERTEX
 10
-110.876278
 20
244.964668
  0
VERTEX
 10
-115.592264
 20
244.093382
  0
VERTEX
 10
-110.725965
 20
209.997387
  0
VERTEX
 10
-103.238594
 20
211.380691
  0
SEQEND
  0
POLYLINE
  8
ETM
 70
1
 62
5
 10
0
 20
0
  0
VERTEX
 10
-103.238594
 20
211.380691
  0
VERTEX
 10
-99.417553
 20
180.923500
  0
VERTEX
 10
-65.713807
 20
184.329616
  0
VERTEX
 10
-69.737958
 20
216.405777
  0
SEQEND
  0
POLYLINE
  8
ETM
 70
1
 62
5
 10
0
 20
0
  0
VERTEX
 10
-68.483765
 20
149.999675
  0
VERTEX
 10
-50.631201
 20
151.364225
  0
VERTEX
 10
-58.586476
 20
184.874389
  0
VERTEX
 10
-65.713807
 20
184.329616
  0
SEQEND
  0
POLYLINE
  8
ETM
 70
1
 62
5
 10
0
 20
0
  0
VERTEX
 10
-65.713807
 20
184.329616
  0
VERTEX
 10
-69.737958
 20
216.405777
  0
VERTEX
 10
-103.238594
 20
211.380691
  0
VERTEX
 10
-99.417553
 20
180.923500
  0
SEQEND
  0
POLYLINE
  8
ETM
 70
1
 62
5
 10
0
 20
0
  0
VERTEX
 10
-99.417553
 20
180.923500
  0
VERTEX
 10
-105.292376
 20
180.200310
  0
VERTEX
 10
-106.565783
 20
145.782350
  0
VERTEX
 10
-89.834956
 20
147.841914
  0
SEQEND
  0
POLYLINE
  8
ETM
 70
1
 62
5
 10
0
 20
0
  0
VERTEX
 10
-89.834956
 20
147.841914
  0
VERTEX
 10
-87.542843
 20
118.998250
  0
VERTEX
 10
-66.118836
 20
120.239695
  0
VERTEX
 10
-68.483765
 20
149.999675
  0
SEQEND
  0
POLYLINE
  8
ETM
 70
1
 62
5
 10
0
 20
0
  0
VERTEX
 10
-70.356391
 20
86.059863
  0
VERTEX
 10
-42.170802
 20
87.297663
  0
VERTEX
 10
-49.388353
 20
120.974432
  0
VERTEX
 10
-66.118836
 20
120.239695
  0
SEQEND
  0
POLYLINE
  8
ETM
 70
1
 62
5
 10
0
 20
0
  0
VERTEX
 10
-66.118836
 20
120.239695
  0
VERTEX
 10
-68.483765
 20
149.999675
  0
VERTEX
 10
-89.834956
 20
147.841914
  0
VERTEX
 10
-87.542843
 20
118.998250
  0
SEQEND
  0
POLYLINE
  8
ETM
 70
1
 62
5
 10
0
 20
0
  0
VERTEX
 10
-87.542843
 20
118.998250
  0
VERTEX
 10
-103.394955
 20
117.886810
  0
VERTEX
 10
-106.803042
 20
83.614333
  0
VERTEX
 10
-79.385711
 20
85.536647
  0
SEQEND
  0
POLYLINE
  8
ETM
 70
1
 62
5
 10
0
 20
0
  0
VERTEX
 10
-79.385711
 20
85.536647
  0
VERTEX
 10
-77.966280
 20
48.532714
  0
VERTEX
 10
-68.923412
 20
48.702727
  0
VERTEX
 10
-70.356391
 20
86.059863
  0
SEQEND
  0
POLYLINE
  8
ETM
 70
1
 62
5
 10
0
 20
0
  0
VERTEX
 10
-70.848679
 20
14.315071
  0
VERTEX
 10
-38.509366
 20
14.776119
  0
VERTEX
 10
-41.414152
 20
49.094915
  0
VERTEX
 10
-68.923412
 20
48.702727
  0
SEQEND
  0
POLYLINE
  8
ETM
 70
1
 62
5
 10
0
 20
0
  0
VERTEX
 10
-68.923412
 20
48.702727
  0
VERTEX
 10
-70.356391
 20
86.059863
  0
VERTEX
 10
-79.385711
 20
85.536647
  0
VERTEX
 10
-77.966280
 20
48.532714
  0
SEQEND
  0
POLYLINE
  8
ETM
 70
1
 62
5
 10
0
 20
0
  0
VERTEX
 10
-77.966280
 20
48.532714
  0
VERTEX
 10
-104.857858
 20
47.919929
  0
VERTEX
 10
-106.509020
 20
13.518022
  0
VERTEX
 10
-74.749797
 20
14.241727
  0
SEQEND
  0
POLYLINE
  8
ETM
 70
1
 62
5
 10
0
 20
0
  0
VERTEX
 10
-74.749797
 20
14.241727
  0
VERTEX
 10
-74.755049
 20
-14.229579
  0
VERTEX
 10
-70.853958
 20
-14.304363
  0
VERTEX
 10
-70.848679
 20
14.315071
  0
SEQEND
  0
POLYLINE
  8
ETM
 70
1
 62
5
 10
0
 20
0
  0
VERTEX
 10
-104.864263
 20
-47.900099
  0
VERTEX
 10
-77.984187
 20
-48.519382
  0
VERTEX
 10
-74.755049
 20
-14.229579
  0
VERTEX
 10
-106.510826
 20
-13.497966
  0
SEQEND
  0
POLYLINE
  8
ETM
 70
1
 62
5
 10
0
 20
0
  0
VERTEX
 10
-106.510826
 20
-13.497966
  0
VERTEX
 10
-106.509020
 20
13.518022
  0
VERTEX
 10
-110.409430
 20
13.413591
  0
VERTEX
 10
-110.411221
 20
-13.393014
  0
SEQEND
  0
POLYLINE
  8
ETM
 70
1
 62
5
 10
0
 20
0
  0
VERTEX
 10
-110.411221
 20
-13.393014
  0
VERTEX
 10
-141.444183
 20
-12.495346
  0
VERTEX
 10
-139.936382
 20
-46.903839
  0
VERTEX
 10
-113.905458
 20
-47.656817
  0
SEQEND
  0
POLYLINE
  8
ETM
 70
1
 62
5
 10
0
 20
0
  0
VERTEX
 10
-113.905458
 20
-47.656817
  0
VERTEX
 10
-115.860660
 20
-82.794371
  0
VERTEX
 10
-106.848289
 20
-83.555666
  0
VERTEX
 10
-104.864263
 20
-47.900099
  0
SEQEND
  0
POLYLINE
  8
ETM
 70
1
 62
5
 10
0
 20
0
  0
VERTEX
 10
-103.514131
 20
-117.835406
  0
VERTEX
 10
-87.611316
 20
-118.974381
  0
VERTEX
 10
-79.425950
 20
-85.519681
  0
VERTEX
 10
-106.848289
 20
-83.555666
  0
SEQEND
  0
POLYLINE
  8
ETM
 70
1
 62
5
 10
0
 20
0
  0
VERTEX
 10
-106.848289
 20
-83.555666
  0
VERTEX
 10
-104.864263
 20
-47.900099
  0
VERTEX
 10
-113.905458
 20
-47.656817
  0
VERTEX
 10
-115.860660
 20
-82.794371
  0
SEQEND
  0
POLYLINE
  8
ETM
 70
1
 62
5
 10
0
 20
0
  0
VERTEX
 10
-115.860660
 20
-82.794371
  0
VERTEX
 10
-142.182567
 20
-80.318389
  0
VERTEX
 10
-139.501473
 20
-114.655379
  0
VERTEX
 10
-124.897915
 20
-116.029069
  0
SEQEND
  0
POLYLINE
  8
ETM
 70
1
 62
5
 10
0
 20
0
  0
VERTEX
 10
-124.897915
 20
-116.029069
  0
VERTEX
 10
-127.996732
 20
-142.573795
  0
VERTEX
 10
-106.771882
 20
-145.741568
  0
VERTEX
 10
-103.514131
 20
-117.835406
  0
SEQEND
  0
POLYLINE
  8
ETM
 70
1
 62
5
 10
0
 20
0
  0
VERTEX
 10
-105.632908
 20
-180.164235
  0
VERTEX
 10
-99.540772
 20
-180.928825
  0
VERTEX
 10
-89.930712
 20
-147.855211
  0
VERTEX
 10
-106.771882
 20
-145.741568
  0
SEQEND
  0
POLYLINE
  8
ETM
 70
1
 62
5
 10
0
 20
0
  0
VERTEX
 10
-106.771882
 20
-145.741568
  0
VERTEX
 10
-103.514131
 20
-117.835406
  0
VERTEX
 10
-124.897915
 20
-116.029069
  0
VERTEX
 10
-127.996732
 20
-142.573795
  0
SEQEND
  0
POLYLINE
  8
ETM
 70
1
 62
5
 10
0
 20
0
  0
VERTEX
 10
-127.996732
 20
-142.573795
  0
VERTEX
 10
-143.213794
 20
-139.994667
  0
VERTEX
 10
-143.434293
 20
-174.435462
  0
VERTEX
 10
-139.137226
 20
-175.163769
  0
SEQEND
  0
POLYLINE
  8
ETM
 70
1
 62
5
 10
0
 20
0
  0
VERTEX
 10
-139.137226
 20
-175.163769
  0
VERTEX
 10
-144.258022
 20
-202.731494
  0
VERTEX
 10
-111.192928
 20
-210.096516
  0
VERTEX
 10
-105.632908
 20
-180.164235
  0
SEQEND
  0
POLYLINE
  8
ETM
 70
1
 62
5
 10
0
 20
0
  0
VERTEX
 10
-116.150308
 20
-244.179387
  0
VERTEX
 10
-110.993754
 20
-245.137084
  0
VERTEX
 10
-103.382632
 20
-211.547078
  0
VERTEX
 10
-111.192928
 20
-210.096516
  0
SEQEND
  0
POLYLINE
  8
ETM
 70
1
 62
5
 10
0
 20
0
  0
VERTEX
 10
-111.192928
 20
-210.096516
  0
VERTEX
 10
-105.632908
 20
-180.164235
  0
VERTEX
 10
-139.137226
 20
-175.163769
  0
VERTEX
 10
-144.258022
 20
-202.731494
  0
SEQEND
  0
POLYLINE
  8
ETM
 70
1
 62
5
 10
0
 20
0
  0
VERTEX
 10
-144.258022
 20
-202.731494
  0
VERTEX
 10
-149.889715
 20
-201.283081
  0
VERTEX
 10
-157.055062
 20
-234.970996
  0
VERTEX
 10
-154.235046
 20
-235.696275
  0
SEQEND
  0
POLYLINE
  8
ETM
 70
1
 62
5
 10
0
 20
0
  0
VERTEX
 10
-154.235046
 20
-235.696275
  0
VERTEX
 10
-165.040192
 20
-276.703909
  0
VERTEX
 10
-127.720173
 20
-288.089278
  0
VERTEX
 10
-116.150308
 20
-244.179387
  0
SEQEND
  0
POLYLINE
  8
ETM
 70
1
 62
5
 10
0
 20
0
  0
VERTEX
 10
-110.725965
 20
209.997387
  0
VERTEX
 10
-103.238594
 20
211.380691
  0
VERTEX
 10
-110.876278
 20
244.964668
  0
VERTEX
 10
-115.592264
 20
244.093382
  0
SEQEND
  0
POLYLINE
  8
ETM
 70
1
 62
5
 10
0
 20
0
  0
VERTEX
 10
-115.592264
 20
244.093382
  0
VERTEX
 10
-127.075647
 20
287.680554
  0
VERTEX
 10
-164.365827
 20
276.197829
  0
VERTEX
 10
-153.699532
 20
235.712056
  0
SEQEND
  0
POLYLINE
  8
ETM
 70
1
 62
5
 10
0
 20
0
  0
VERTEX
 10
-153.699532
 20
235.712056
  0
VERTEX
 10
-155.850128
 20
235.173658
  0
VERTEX
 10
-149.028161
 20
201.414533
  0
VERTEX
 10
-143.810621
 20
202.720737
  0
SEQEND
  0
POLYLINE
  8
ETM
 70
1
 62
5
 10
0
 20
0
  0
VERTEX
 10
-143.810621
 20
202.720737
  0
VERTEX
 10
-138.815972
 20
175.330742
  0
VERTEX
 10
-105.292376
 20
180.200310
  0
VERTEX
 10
-110.725965
 20
209.997387
  0
SEQEND
  0
POLYLINE
  8
ETM
 70
1
 62
5
 10
0
 20
0
  0
VERTEX
 10
-106.565783
 20
145.782350
  0
VERTEX
 10
-89.834956
 20
147.841914
  0
VERTEX
 10
-99.417553
 20
180.923500
  0
VERTEX
 10
-105.292376
 20
180.200310
  0
SEQEND
  0
POLYLINE
  8
ETM
 70
1
 62
5
 10
0
 20
0
  0
VERTEX
 10
-105.292376
 20
180.200310
  0
VERTEX
 10
-110.725965
 20
209.997387
  0
VERTEX
 10
-143.810621
 20
202.720737
  0
VERTEX
 10
-138.815972
 20
175.330742
  0
SEQEND
  0
POLYLINE
  8
ETM
 70
1
 62
5
 10
0
 20
0
  0
VERTEX
 10
-138.815972
 20
175.330742
  0
VERTEX
 10
-142.881952
 20
174.670575
  0
VERTEX
 10
-143.004621
 20
140.229286
  0
VERTEX
 10
-127.802848
 20
142.697499
  0
SEQEND
  0
POLYLINE
  8
ETM
 70
1
 62
5
 10
0
 20
0
  0
VERTEX
 10
-127.802848
 20
142.697499
  0
VERTEX
 10
-124.782589
 20
116.126600
  0
VERTEX
 10
-103.394955
 20
117.886810
  0
VERTEX
 10
-106.565783
 20
145.782350
  0
SEQEND
  0
POLYLINE
  8
ETM
 70
1
 62
5
 10
0
 20
0
  0
VERTEX
 10
-106.803042
 20
83.614333
  0
VERTEX
 10
-79.385711
 20
85.536647
  0
VERTEX
 10
-87.542843
 20
118.998250
  0
VERTEX
 10
-103.394955
 20
117.886810
  0
SEQEND
  0
POLYLINE
  8
ETM
 70
1
 62
5
 10
0
 20
0
  0
VERTEX
 10
-103.394955
 20
117.886810
  0
VERTEX
 10
-106.565783
 20
145.782350
  0
VERTEX
 10
-127.802848
 20
142.697499
  0
VERTEX
 10
-124.782589
 20
116.126600
  0
SEQEND
  0
POLYLINE
  8
ETM
 70
1
 62
5
 10
0
 20
0
  0
VERTEX
 10
-124.782589
 20
116.126600
  0
VERTEX
 10
-139.455579
 20
114.790041
  0
VERTEX
 10
-142.265214
 20
80.463321
  0
VERTEX
 10
-115.817035
 20
82.872478
  0
SEQEND
  0
POLYLINE
  8
ETM
 70
1
 62
5
 10
0
 20
0
  0
VERTEX
 10
-115.817035
 20
82.872478
  0
VERTEX
 10
-113.899087
 20
47.677856
  0
VERTEX
 10
-104.857858
 20
47.919929
  0
VERTEX
 10
-106.803042
 20
83.614333
  0
SEQEND
  0
POLYLINE
  8
ETM
 70
1
 62
5
 10
0
 20
0
  0
VERTEX
 10
-106.509020
 20
13.518022
  0
VERTEX
 10
-74.749797
 20
14.241727
  0
VERTEX
 10
-77.966280
 20
48.532714
  0
VERTEX
 10
-104.857858
 20
47.919929
  0
SEQEND
  0
POLYLINE
  8
ETM
 70
1
 62
5
 10
0
 20
0
  0
VERTEX
 10
-104.857858
 20
47.919929
  0
VERTEX
 10
-106.803042
 20
83.614333
  0
VERTEX
 10
-115.817035
 20
82.872478
  0
VERTEX
 10
-113.899087
 20
47.677856
  0
SEQEND
  0
POLYLINE
  8
ETM
 70
1
 62
5
 10
0
 20
0
  0
VERTEX
 10
-113.899087
 20
47.677856
  0
VERTEX
 10
-140.036038
 20
46.895766
  0
VERTEX
 10
-141.470722
 20
12.484151
  0
VERTEX
 10
-110.409430
 20
13.413591
  0
SEQEND
  0
POLYLINE
  8
ETM
 70
1
 62
5
 10
0
 20
0
  0
VERTEX
 10
-110.409430
 20
13.413591
  0
VERTEX
 10
-110.411221
 20
-13.393014
  0
VERTEX
 10
-106.510826
 20
-13.497966
  0
VERTEX
 10
-106.509020
 20
13.518022
  0
SEQEND
  0
POLYLINE
  8
ETM
 70
1
 62
5
 10
0
 20
0
  0
VERTEX
 10
-139.936382
 20
-46.903839
  0
VERTEX
 10
-113.905458
 20
-47.656817
  0
VERTEX
 10
-110.411221
 20
-13.393014
  0
VERTEX
 10
-141.444183
 20
-12.495346
  0
SEQEND
  0
POLYLINE
  8
ETM
 70
1
 62
5
 10
0
 20
0
  0
VERTEX
 10
-141.444183
 20
-12.495346
  0
VERTEX
 10
-141.470722
 20
12.484151
  0
VERTEX
 10
-145.370399
 20
12.355182
  0
VERTEX
 10
-145.344125
 20
-12.374663
  0
SEQEND
  0
POLYLINE
  8
ETM
 70
1
 62
5
 10
0
 20
0
  0
VERTEX
 10
-145.344125
 20
-12.374663
  0
VERTEX
 10
-177.176347
 20
-11.458835
  0
VERTEX
 10
-175.519073
 20
-45.860453
  0
VERTEX
 10
-148.976524
 20
-46.624095
  0
SEQEND
  0
POLYLINE
  8
ETM
 70
1
 62
5
 10
0
 20
0
  0
VERTEX
 10
-148.976524
 20
-46.624095
  0
VERTEX
 10
-151.178817
 20
-79.385695
  0
VERTEX
 10
-142.182567
 20
-80.318389
  0
VERTEX
 10
-139.936382
 20
-46.903839
  0
SEQEND
  0
POLYLINE
  8
ETM
 70
1
 62
5
 10
0
 20
0
  0
VERTEX
 10
-139.501473
 20
-114.655379
  0
VERTEX
 10
-124.897915
 20
-116.029069
  0
VERTEX
 10
-115.860660
 20
-82.794371
  0
VERTEX
 10
-142.182567
 20
-80.318389
  0
SEQEND
  0
POLYLINE
  8
ETM
 70
1
 62
5
 10
0
 20
0
  0
VERTEX
 10
-142.182567
 20
-80.318389
  0
VERTEX
 10
-139.936382
 20
-46.903839
  0
VERTEX
 10
-148.976524
 20
-46.624095
  0
VERTEX
 10
-151.178817
 20
-79.385695
  0
SEQEND
  0
POLYLINE
  8
ETM
 70
1
 62
5
 10
0
 20
0
  0
VERTEX
 10
-151.178817
 20
-79.385695
  0
VERTEX
 10
-177.624209
 20
-76.549280
  0
VERTEX
 10
-175.186309
 20
-110.904393
  0
VERTEX
 10
-160.847005
 20
-112.442363
  0
SEQEND
  0
POLYLINE
  8
ETM
 70
1
 62
5
 10
0
 20
0
  0
VERTEX
 10
-160.847005
 20
-112.442363
  0
VERTEX
 10
-164.297086
 20
-135.991666
  0
VERTEX
 10
-143.213794
 20
-139.994667
  0
VERTEX
 10
-139.501473
 20
-114.655379
  0
SEQEND
  0
POLYLINE
  8
ETM
 70
1
 62
5
 10
0
 20
0
  0
VERTEX
 10
-143.434293
 20
-174.435462
  0
VERTEX
 10
-139.137226
 20
-175.163769
  0
VERTEX
 10
-127.996732
 20
-142.573795
  0
VERTEX
 10
-143.213794
 20
-139.994667
  0
SEQEND
  0
POLYLINE
  8
ETM
 70
1
 62
5
 10
0
 20
0
  0
VERTEX
 10
-143.213794
 20
-139.994667
  0
VERTEX
 10
-139.501473
 20
-114.655379
  0
VERTEX
 10
-160.847005
 20
-112.442363
  0
VERTEX
 10
-164.297086
 20
-135.991666
  0
SEQEND
  0
POLYLINE
  8
ETM
 70
1
 62
5
 10
0
 20
0
  0
VERTEX
 10
-164.297086
 20
-135.991666
  0
VERTEX
 10
-178.815542
 20
-133.030488
  0
VERTEX
 10
-179.970378
 20
-167.452624
  0
VERTEX
 10
-176.715152
 20
-168.116558
  0
SEQEND
  0
POLYLINE
  8
ETM
 70
1
 62
5
 10
0
 20
0
  0
VERTEX
 10
-176.715152
 20
-168.116558
  0
VERTEX
 10
-182.405297
 20
-191.781446
  0
VERTEX
 10
-149.889715
 20
-201.283081
  0
VERTEX
 10
-143.434293
 20
-174.435462
  0
SEQEND
  0
POLYLINE
  8
ETM
 70
1
 62
5
 10
0
 20
0
  0
VERTEX
 10
-157.055062
 20
-234.970996
  0
VERTEX
 10
-154.235046
 20
-235.696275
  0
VERTEX
 10
-144.258022
 20
-202.731494
  0
VERTEX
 10
-149.889715
 20
-201.283081
  0
SEQEND
  0
POLYLINE
  8
ETM
 70
1
 62
5
 10
0
 20
0
  0
VERTEX
 10
-149.889715
 20
-201.283081
  0
VERTEX
 10
-143.434293
 20
-174.435462
  0
VERTEX
 10
-176.715152
 20
-168.116558
  0
VERTEX
 10
-182.405297
 20
-191.781446
  0
SEQEND
  0
POLYLINE
  8
ETM
 70
1
 62
5
 10
0
 20
0
  0
VERTEX
 10
-182.405297
 20
-191.781446
  0
VERTEX
 10
-186.507542
 20
-190.460128
  0
VERTEX
 10
-195.500746
 20
-223.706783
  0
VERTEX
 10
-194.506866
 20
-224.026908
  0
SEQEND
  0
POLYLINE
  8
ETM
 70
1
 62
5
 10
0
 20
0
  0
VERTEX
 10
-194.506866
 20
-224.026908
  0
VERTEX
 10
-207.038639
 20
-259.691335
  0
VERTEX
 10
-170.972838
 20
-274.579877
  0
VERTEX
 10
-157.055062
 20
-234.970996
  0
SEQEND
  0
POLYLINE
  8
ETM
 70
1
 62
5
 10
0
 20
0
  0
VERTEX
 10
-149.028161
 20
201.414533
  0
VERTEX
 10
-143.810621
 20
202.720737
  0
VERTEX
 10
-153.699532
 20
235.712056
  0
VERTEX
 10
-155.850128
 20
235.173658
  0
SEQEND
  0
POLYLINE
  8
ETM
 70
1
 62
5
 10
0
 20
0
  0
VERTEX
 10
-155.850128
 20
235.173658
  0
VERTEX
 10
-169.383432
 20
274.397259
  0
VERTEX
 10
-205.466263
 20
259.550040
  0
VERTEX
 10
-193.411423
 20
224.611472
  0
SEQEND
  0
POLYLINE
  8
ETM
 70
1
 62
5
 10
0
 20
0
  0
VERTEX
 10
-193.411423
 20
224.611472
  0
VERTEX
 10
-193.411423
 20
224.611472
  0
VERTEX
 10
-185.317294
 20
191.134573
  0
VERTEX
 10
-181.638807
 20
192.244464
  0
SEQEND
  0
POLYLINE
  8
ETM
 70
1
 62
5
 10
0
 20
0
  0
VERTEX
 10
-181.638807
 20
192.244464
  0
VERTEX
 10
-176.224122
 20
168.683583
  0
VERTEX
 10
-142.881952
 20
174.670575
  0
VERTEX
 10
-149.028161
 20
201.414533
  0
SEQEND
  0
POLYLINE
  8
ETM
 70
1
 62
5
 10
0
 20
0
  0
VERTEX
 10
-143.004621
 20
140.229286
  0
VERTEX
 10
-127.802848
 20
142.697499
  0
VERTEX
 10
-138.815972
 20
175.330742
  0
VERTEX
 10
-142.881952
 20
174.670575
  0
SEQEND
  0
POLYLINE
  8
ETM
 70
1
 62
5
 10
0
 20
0
  0
VERTEX
 10
-142.881952
 20
174.670575
  0
VERTEX
 10
-149.028161
 20
201.414533
  0
VERTEX
 10
-181.638807
 20
192.244464
  0
VERTEX
 10
-176.224122
 20
168.683583
  0
SEQEND
  0
POLYLINE
  8
ETM
 70
1
 62
5
 10
0
 20
0
  0
VERTEX
 10
-176.224122
 20
168.683583
  0
VERTEX
 10
-179.376103
 20
168.093049
  0
VERTEX
 10
-178.979578
 20
133.653823
  0
VERTEX
 10
-164.126752
 20
136.436550
  0
SEQEND
  0
POLYLINE
  8
ETM
 70
1
 62
5
 10
0
 20
0
  0
VERTEX
 10
-164.126752
 20
136.436550
  0
VERTEX
 10
-160.809250
 20
112.656958
  0
VERTEX
 10
-139.455579
 20
114.790041
  0
VERTEX
 10
-143.004621
 20
140.229286
  0
SEQEND
  0
POLYLINE
  8
ETM
 70
1
 62
5
 10
0
 20
0
  0
VERTEX
 10
-142.265214
 20
80.463321
  0
VERTEX
 10
-115.817035
 20
82.872478
  0
VERTEX
 10
-124.782589
 20
116.126600
  0
VERTEX
 10
-139.455579
 20
114.790041
  0
SEQEND
  0
POLYLINE
  8
ETM
 70
1
 62
5
 10
0
 20
0
  0
VERTEX
 10
-139.455579
 20
114.790041
  0
VERTEX
 10
-143.004621
 20
140.229286
  0
VERTEX
 10
-164.126752
 20
136.436550
  0
VERTEX
 10
-160.809250
 20
112.656958
  0
SEQEND
  0
POLYLINE
  8
ETM
 70
1
 62
5
 10
0
 20
0
  0
VERTEX
 10
-160.809250
 20
112.656958
  0
VERTEX
 10
-175.597638
 20
111.136041
  0
VERTEX
 10
-178.206603
 20
76.793486
  0
VERTEX
 10
-151.264890
 20
79.564315
  0
SEQEND
  0
POLYLINE
  8
ETM
 70
1
 62
5
 10
0
 20
0
  0
VERTEX
 10
-151.264890
 20
79.564315
  0
VERTEX
 10
-149.075563
 20
46.596813
  0
VERTEX
 10
-140.036038
 20
46.895766
  0
VERTEX
 10
-142.265214
 20
80.463321
  0
SEQEND
  0
POLYLINE
  8
ETM
 70
1
 62
5
 10
0
 20
0
  0
VERTEX
 10
-141.470722
 20
12.484151
  0
VERTEX
 10
-110.409430
 20
13.413591
  0
VERTEX
 10
-113.899087
 20
47.677856
  0
VERTEX
 10
-140.036038
 20
46.895766
  0
SEQEND
  0
POLYLINE
  8
ETM
 70
1
 62
5
 10
0
 20
0
  0
VERTEX
 10
-140.036038
 20
46.895766
  0
VERTEX
 10
-142.265214
 20
80.463321
  0
VERTEX
 10
-151.264890
 20
79.564315
  0
VERTEX
 10
-149.075563
 20
46.596813
  0
SEQEND
  0
POLYLINE
  8
ETM
 70
1
 62
5
 10
0
 20
0
  0
VERTEX
 10
-149.075563
 20
46.596813
  0
VERTEX
 10
-175.988199
 20
45.655804
  0
VERTEX
 10
-177.292700
 20
11.239008
  0
VERTEX
 10
-145.370399
 20
12.355182
  0
SEQEND
  0
POLYLINE
  8
ETM
 70
1
 62
5
 10
0
 20
0
  0
VERTEX
 10
-145.370399
 20
12.355182
  0
VERTEX
 10
-145.344125
 20
-12.374663
  0
VERTEX
 10
-141.444183
 20
-12.495346
  0
VERTEX
 10
-141.470722
 20
12.484151
  0
SEQEND
  0
POLYLINE
  8
ETM
 70
1
 62
5
 10
0
 20
0
  0
VERTEX
 10
-175.519073
 20
-45.860453
  0
VERTEX
 10
-148.976524
 20
-46.624095
  0
VERTEX
 10
-145.344125
 20
-12.374663
  0
VERTEX
 10
-177.176347
 20
-11.458835
  0
SEQEND
  0
POLYLINE
  8
ETM
 70
1
 62
5
 10
0
 20
0
  0
VERTEX
 10
-177.176347
 20
-11.458835
  0
VERTEX
 10
-177.292700
 20
11.239008
  0
VERTEX
 10
-181.191860
 20
11.095288
  0
VERTEX
 10
-181.076776
 20
-11.355096
  0
SEQEND
  0
POLYLINE
  8
ETM
 70
1
 62
5
 10
0
 20
0
  0
VERTEX
 10
-181.076776
 20
-11.355096
  0
VERTEX
 10
-217.801411
 20
-10.832252
  0
VERTEX
 10
-215.294708
 20
-45.182425
  0
VERTEX
 10
-184.560344
 20
-45.619986
  0
SEQEND
  0
POLYLINE
  8
ETM
 70
1
 62
5
 10
0
 20
0
  0
VERTEX
 10
-184.560344
 20
-45.619986
  0
VERTEX
 10
-186.613628
 20
-75.552910
  0
VERTEX
 10
-177.624209
 20
-76.549280
  0
VERTEX
 10
-175.519073
 20
-45.860453
  0
SEQEND
  0
POLYLINE
  8
ETM
 70
1
 62
5
 10
0
 20
0
  0
VERTEX
 10
-175.186309
 20
-110.904393
  0
VERTEX
 10
-160.847005
 20
-112.442363
  0
VERTEX
 10
-151.178817
 20
-79.385695
  0
VERTEX
 10
-177.624209
 20
-76.549280
  0
SEQEND
  0
POLYLINE
  8
ETM
 70
1
 62
5
 10
0
 20
0
  0
VERTEX
 10
-177.624209
 20
-76.549280
  0
VERTEX
 10
-175.519073
 20
-45.860453
  0
VERTEX
 10
-184.560344
 20
-45.619986
  0
VERTEX
 10
-186.613628
 20
-75.552910
  0
SEQEND
  0
POLYLINE
  8
ETM
 70
1
 62
5
 10
0
 20
0
  0
VERTEX
 10
-186.613628
 20
-75.552910
  0
VERTEX
 10
-216.641373
 20
-72.429748
  0
VERTEX
 10
-213.739854
 20
-106.748814
  0
VERTEX
 10
-196.515637
 20
-108.540292
  0
SEQEND
  0
POLYLINE
  8
ETM
 70
1
 62
5
 10
0
 20
0
  0
VERTEX
 10
-196.515637
 20
-108.540292
  0
VERTEX
 10
-199.782467
 20
-128.456946
  0
VERTEX
 10
-178.815542
 20
-133.030488
  0
VERTEX
 10
-175.186309
 20
-110.904393
  0
SEQEND
  0
POLYLINE
  8
ETM
 70
1
 62
5
 10
0
 20
0
  0
VERTEX
 10
-179.970378
 20
-167.452624
  0
VERTEX
 10
-176.715152
 20
-168.116558
  0
VERTEX
 10
-164.297086
 20
-135.991666
  0
VERTEX
 10
-178.815542
 20
-133.030488
  0
SEQEND
  0
POLYLINE
  8
ETM
 70
1
 62
5
 10
0
 20
0
  0
VERTEX
 10
-178.815542
 20
-133.030488
  0
VERTEX
 10
-175.186309
 20
-110.904393
  0
VERTEX
 10
-196.515637
 20
-108.540292
  0
VERTEX
 10
-199.782467
 20
-128.456946
  0
SEQEND
  0
POLYLINE
  8
ETM
 70
1
 62
5
 10
0
 20
0
  0
VERTEX
 10
-199.782467
 20
-128.456946
  0
VERTEX
 10
-216.630554
 20
-124.716702
  0
VERTEX
 10
-218.039270
 20
-159.129381
  0
VERTEX
 10
-213.067544
 20
-160.233095
  0
SEQEND
  0
POLYLINE
  8
ETM
 70
1
 62
5
 10
0
 20
0
  0
VERTEX
 10
-213.067544
 20
-160.233095
  0
VERTEX
 10
-218.456104
 20
-179.198096
  0
VERTEX
 10
-186.507542
 20
-190.460128
  0
VERTEX
 10
-179.970378
 20
-167.452624
  0
SEQEND
  0
POLYLINE
  8
ETM
 70
1
 62
5
 10
0
 20
0
  0
VERTEX
 10
-195.500746
 20
-223.706783
  0
VERTEX
 10
-194.506866
 20
-224.026908
  0
VERTEX
 10
-182.405297
 20
-191.781446
  0
VERTEX
 10
-186.507542
 20
-190.460128
  0
SEQEND
  0
POLYLINE
  8
ETM
 70
1
 62
5
 10
0
 20
0
  0
VERTEX
 10
-186.507542
 20
-190.460128
  0
VERTEX
 10
-179.970378
 20
-167.452624
  0
VERTEX
 10
-213.067544
 20
-160.233095
  0
VERTEX
 10
-218.456104
 20
-179.198096
  0
SEQEND
  0
POLYLINE
  8
ETM
 70
1
 62
5
 10
0
 20
0
  0
VERTEX
 10
-218.456104
 20
-179.198096
  0
VERTEX
 10
-223.622119
 20
-177.271810
  0
VERTEX
 10
-233.806321
 20
-210.173175
  0
VERTEX
 10
-232.299451
 20
-210.735052
  0
SEQEND
  0
POLYLINE
  8
ETM
 70
1
 62
5
 10
0
 20
0
  0
VERTEX
 10
-232.299451
 20
-210.735052
  0
VERTEX
 10
-245.037619
 20
-240.021266
  0
VERTEX
 10
-210.458355
 20
-258.095696
  0
VERTEX
 10
-195.500746
 20
-223.706783
  0
SEQEND
  0
POLYLINE
  8
ETM
 70
1
 62
5
 10
0
 20
0
  0
VERTEX
 10
-185.317294
 20
191.134573
  0
VERTEX
 10
-181.638807
 20
192.244464
  0
VERTEX
 10
-193.411423
 20
224.611472
  0
VERTEX
 10
-193.411423
 20
224.611472
  0
SEQEND
  0
POLYLINE
  8
ETM
 70
1
 62
5
 10
0
 20
0
  0
VERTEX
 10
-193.411423
 20
224.611472
  0
VERTEX
 10
-207.474253
 20
258.626129
  0
VERTEX
 10
-242.224161
 20
240.881993
  0
VERTEX
 10
-230.546283
 20
212.635970
  0
SEQEND
  0
POLYLINE
  8
ETM
 70
1
 62
5
 10
0
 20
0
  0
VERTEX
 10
-230.546283
 20
212.635970
  0
VERTEX
 10
-230.546283
 20
212.635970
  0
VERTEX
 10
-222.556071
 20
179.134116
  0
VERTEX
 10
-217.557709
 20
180.737464
  0
SEQEND
  0
POLYLINE
  8
ETM
 70
1
 62
5
 10
0
 20
0
  0
VERTEX
 10
-217.557709
 20
180.737464
  0
VERTEX
 10
-212.624233
 20
161.604124
  0
VERTEX
 10
-179.376103
 20
168.093049
  0
VERTEX
 10
-185.317294
 20
191.134573
  0
SEQEND
  0
POLYLINE
  8
ETM
 70
1
 62
5
 10
0
 20
0
  0
VERTEX
 10
-178.979578
 20
133.653823
  0
VERTEX
 10
-164.126752
 20
136.436550
  0
VERTEX
 10
-176.224122
 20
168.683583
  0
VERTEX
 10
-179.376103
 20
168.093049
  0
SEQEND
  0
POLYLINE
  8
ETM
 70
1
 62
5
 10
0
 20
0
  0
VERTEX
 10
-179.376103
 20
168.093049
  0
VERTEX
 10
-185.317294
 20
191.134573
  0
VERTEX
 10
-217.557709
 20
180.737464
  0
VERTEX
 10
-212.624233
 20
161.604124
  0
SEQEND
  0
POLYLINE
  8
ETM
 70
1
 62
5
 10
0
 20
0
  0
VERTEX
 10
-212.624233
 20
161.604124
  0
VERTEX
 10
-217.974924
 20
160.606436
  0
VERTEX
 10
-218.157078
 20
126.165411
  0
VERTEX
 10
-200.042137
 20
129.543115
  0
SEQEND
  0
POLYLINE
  8
ETM
 70
1
 62
5
 10
0
 20
0
  0
VERTEX
 10
-200.042137
 20
129.543115
  0
VERTEX
 10
-196.938477
 20
108.878193
  0
VERTEX
 10
-175.597638
 20
111.136041
  0
VERTEX
 10
-178.979578
 20
133.653823
  0
SEQEND
  0
POLYLINE
  8
ETM
 70
1
 62
5
 10
0
 20
0
  0
VERTEX
 10
-178.206603
 20
76.793486
  0
VERTEX
 10
-151.264890
 20
79.564315
  0
VERTEX
 10
-160.809250
 20
112.656958
  0
VERTEX
 10
-175.597638
 20
111.136041
  0
SEQEND
  0
POLYLINE
  8
ETM
 70
1
 62
5
 10
0
 20
0
  0
VERTEX
 10
-175.597638
 20
111.136041
  0
VERTEX
 10
-178.979578
 20
133.653823
  0
VERTEX
 10
-200.042137
 20
129.543115
  0
VERTEX
 10
-196.938477
 20
108.878193
  0
SEQEND
  0
POLYLINE
  8
ETM
 70
1
 62
5
 10
0
 20
0
  0
VERTEX
 10
-196.938477
 20
108.878193
  0
VERTEX
 10
-215.573148
 20
107.028370
  0
VERTEX
 10
-218.625836
 20
72.722412
  0
VERTEX
 10
-187.200872
 20
75.841899
  0
SEQEND
  0
POLYLINE
  8
ETM
 70
1
 62
5
 10
0
 20
0
  0
VERTEX
 10
-187.200872
 20
75.841899
  0
VERTEX
 10
-185.026528
 20
45.322659
  0
VERTEX
 10
-175.988199
 20
45.655804
  0
VERTEX
 10
-178.206603
 20
76.793486
  0
SEQEND
  0
POLYLINE
  8
ETM
 70
1
 62
5
 10
0
 20
0
  0
VERTEX
 10
-177.292700
 20
11.239008
  0
VERTEX
 10
-145.370399
 20
12.355182
  0
VERTEX
 10
-149.075563
 20
46.596813
  0
VERTEX
 10
-175.988199
 20
45.655804
  0
SEQEND
  0
POLYLINE
  8
ETM
 70
1
 62
5
 10
0
 20
0
  0
VERTEX
 10
-175.988199
 20
45.655804
  0
VERTEX
 10
-178.206603
 20
76.793486
  0
VERTEX
 10
-187.200872
 20
75.841899
  0
VERTEX
 10
-185.026528
 20
45.322659
  0
SEQEND
  0
POLYLINE
  8
ETM
 70
1
 62
5
 10
0
 20
0
  0
VERTEX
 10
-185.026528
 20
45.322659
  0
VERTEX
 10
-216.796558
 20
44.173099
  0
VERTEX
 10
-218.147485
 20
9.758094
  0
VERTEX
 10
-181.191860
 20
11.095288
  0
SEQEND
  0
POLYLINE
  8
ETM
 70
1
 62
5
 10
0
 20
0
  0
VERTEX
 10
-181.191860
 20
11.095288
  0
VERTEX
 10
-181.076776
 20
-11.355096
  0
VERTEX
 10
-177.176347
 20
-11.458835
  0
VERTEX
 10
-177.292700
 20
11.239008
  0
SEQEND
  0
POLYLINE
  8
ETM
 70
1
 62
5
 10
0
 20
0
  0
VERTEX
 10
-215.294708
 20
-45.182425
  0
VERTEX
 10
-184.560344
 20
-45.619986
  0
VERTEX
 10
-181.076776
 20
-11.355096
  0
VERTEX
 10
-217.801411
 20
-10.832252
  0
SEQEND
  0
POLYLINE
  8
ETM
 70
1
 62
5
 10
0
 20
0
  0
VERTEX
 10
-217.801411
 20
-10.832252
  0
VERTEX
 10
-218.147485
 20
9.758094
  0
VERTEX
 10
-222.046835
 20
9.619634
  0
VERTEX
 10
-221.703212
 20
-10.824911
  0
SEQEND
  0
POLYLINE
  8
ETM
 70
1
 62
5
 10
0
 20
0
  0
VERTEX
 10
-221.703212
 20
-10.824911
  0
VERTEX
 10
-267.376599
 20
-12.620216
  0
VERTEX
 10
-262.053272
 20
-46.647853
  0
VERTEX
 10
-224.339161
 20
-45.165407
  0
SEQEND
  0
POLYLINE
  8
ETM
 70
1
 62
5
 10
0
 20
0
  0
VERTEX
 10
-224.339161
 20
-45.165407
  0
VERTEX
 10
-225.643426
 20
-71.554840
  0
VERTEX
 10
-216.641373
 20
-72.429748
  0
VERTEX
 10
-215.294708
 20
-45.182425
  0
SEQEND
  0
POLYLINE
  8
ETM
 70
1
 62
5
 10
0
 20
0
  0
VERTEX
 10
-213.739854
 20
-106.748814
  0
VERTEX
 10
-196.515637
 20
-108.540292
  0
VERTEX
 10
-186.613628
 20
-75.552910
  0
VERTEX
 10
-216.641373
 20
-72.429748
  0
SEQEND
  0
POLYLINE
  8
ETM
 70
1
 62
5
 10
0
 20
0
  0
VERTEX
 10
-216.641373
 20
-72.429748
  0
VERTEX
 10
-215.294708
 20
-45.182425
  0
VERTEX
 10
-224.339161
 20
-45.165407
  0
VERTEX
 10
-225.643426
 20
-71.554840
  0
SEQEND
  0
POLYLINE
  8
ETM
 70
1
 62
5
 10
0
 20
0
  0
VERTEX
 10
-225.643426
 20
-71.554840
  0
VERTEX
 10
-261.750021
 20
-68.841475
  0
VERTEX
 10
-257.350101
 20
-103.000776
  0
VERTEX
 10
-235.099155
 20
-104.672907
  0
SEQEND
  0
POLYLINE
  8
ETM
 70
1
 62
5
 10
0
 20
0
  0
VERTEX
 10
-235.099155
 20
-104.672907
  0
VERTEX
 10
-237.563170
 20
-119.988626
  0
VERTEX
 10
-216.630554
 20
-124.716702
  0
VERTEX
 10
-213.739854
 20
-106.748814
  0
SEQEND
  0
POLYLINE
  8
ETM
 70
1
 62
5
 10
0
 20
0
  0
VERTEX
 10
-218.039270
 20
-159.129381
  0
VERTEX
 10
-213.067544
 20
-160.233095
  0
VERTEX
 10
-199.782467
 20
-128.456946
  0
VERTEX
 10
-216.630554
 20
-124.716702
  0
SEQEND
  0
POLYLINE
  8
ETM
 70
1
 62
5
 10
0
 20
0
  0
VERTEX
 10
-216.630554
 20
-124.716702
  0
VERTEX
 10
-213.739854
 20
-106.748814
  0
VERTEX
 10
-235.099155
 20
-104.672907
  0
VERTEX
 10
-237.563170
 20
-119.988626
  0
SEQEND
  0
POLYLINE
  8
ETM
 70
1
 62
5
 10
0
 20
0
  0
VERTEX
 10
-237.563170
 20
-119.988626
  0
VERTEX
 10
-258.938733
 20
-115.386148
  0
VERTEX
 10
-259.654383
 20
-149.820214
  0
VERTEX
 10
-251.082282
 20
-151.665915
  0
SEQEND
  0
POLYLINE
  8
ETM
 70
1
 62
5
 10
0
 20
0
  0
VERTEX
 10
-251.082282
 20
-151.665915
  0
VERTEX
 10
-255.144558
 20
-164.866981
  0
VERTEX
 10
-223.622119
 20
-177.271810
  0
VERTEX
 10
-218.039270
 20
-159.129381
  0
SEQEND
  0
POLYLINE
  8
ETM
 70
1
 62
5
 10
0
 20
0
  0
VERTEX
 10
-233.806321
 20
-210.173175
  0
VERTEX
 10
-232.299451
 20
-210.735052
  0
VERTEX
 10
-218.456104
 20
-179.198096
  0
VERTEX
 10
-223.622119
 20
-177.271810
  0
SEQEND
  0
POLYLINE
  8
ETM
 70
1
 62
5
 10
0
 20
0
  0
VERTEX
 10
-223.622119
 20
-177.271810
  0
VERTEX
 10
-218.039270
 20
-159.129381
  0
VERTEX
 10
-251.082282
 20
-151.665915
  0
VERTEX
 10
-255.144558
 20
-164.866981
  0
SEQEND
  0
POLYLINE
  8
ETM
 70
1
 62
5
 10
0
 20
0
  0
VERTEX
 10
-255.144558
 20
-164.866981
  0
VERTEX
 10
-263.186403
 20
-161.696699
  0
VERTEX
 10
-273.410438
 20
-194.585709
  0
VERTEX
 10
-270.114216
 20
-195.885156
  0
SEQEND
  0
POLYLINE
  8
ETM
 70
1
 62
5
 10
0
 20
0
  0
VERTEX
 10
-270.114216
 20
-195.885156
  0
VERTEX
 10
-281.050395
 20
-217.484414
  0
VERTEX
 10
-248.043498
 20
-238.291997
  0
VERTEX
 10
-233.806321
 20
-210.173175
  0
SEQEND
  0
POLYLINE
  8
ETM
 70
1
 62
5
 10
0
 20
0
  0
VERTEX
 10
-222.556071
 20
179.134116
  0
VERTEX
 10
-217.557709
 20
180.737464
  0
VERTEX
 10
-230.546283
 20
212.635970
  0
VERTEX
 10
-230.546283
 20
212.635970
  0
SEQEND
  0
POLYLINE
  8
ETM
 70
1
 62
5
 10
0
 20
0
  0
VERTEX
 10
-230.546283
 20
212.635970
  0
VERTEX
 10
-243.005730
 20
240.452224
  0
VERTEX
 10
-276.603727
 20
220.613238
  0
VERTEX
 10
-267.718127
 20
200.775753
  0
SEQEND
  0
POLYLINE
  8
ETM
 70
1
 62
5
 10
0
 20
0
  0
VERTEX
 10
-267.718127
 20
200.775753
  0
VERTEX
 10
-268.556064
 20
200.551505
  0
VERTEX
 10
-263.770467
 20
166.444092
  0
VERTEX
 10
-254.828593
 20
168.837100
  0
SEQEND
  0
POLYLINE
  8
ETM
 70
1
 62
5
 10
0
 20
0
  0
VERTEX
 10
-254.828593
 20
168.837100
  0
VERTEX
 10
-251.327383
 20
154.677044
  0
VERTEX
 10
-217.974924
 20
160.606436
  0
VERTEX
 10
-222.556071
 20
179.134116
  0
SEQEND
  0
POLYLINE
  8
ETM
 70
1
 62
5
 10
0
 20
0
  0
VERTEX
 10
-218.157078
 20
126.165411
  0
VERTEX
 10
-200.042137
 20
129.543115
  0
VERTEX
 10
-212.624233
 20
161.604124
  0
VERTEX
 10
-217.974924
 20
160.606436
  0
SEQEND
  0
POLYLINE
  8
ETM
 70
1
 62
5
 10
0
 20
0
  0
VERTEX
 10
-217.974924
 20
160.606436
  0
VERTEX
 10
-222.556071
 20
179.134116
  0
VERTEX
 10
-254.828593
 20
168.837100
  0
VERTEX
 10
-251.327383
 20
154.677044
  0
SEQEND
  0
POLYLINE
  8
ETM
 70
1
 62
5
 10
0
 20
0
  0
VERTEX
 10
-251.327383
 20
154.677044
  0
VERTEX
 10
-261.607028
 20
153.198891
  0
VERTEX
 10
-264.068932
 20
118.845483
  0
VERTEX
 10
-239.285727
 20
122.409164
  0
SEQEND
  0
POLYLINE
  8
ETM
 70
1
 62
5
 10
0
 20
0
  0
VERTEX
 10
-239.285727
 20
122.409164
  0
VERTEX
 10
-236.941389
 20
105.046583
  0
VERTEX
 10
-215.573148
 20
107.028370
  0
VERTEX
 10
-218.157078
 20
126.165411
  0
SEQEND
  0
POLYLINE
  8
ETM
 70
1
 62
5
 10
0
 20
0
  0
VERTEX
 10
-218.625836
 20
72.722412
  0
VERTEX
 10
-187.200872
 20
75.841899
  0
VERTEX
 10
-196.938477
 20
108.878193
  0
VERTEX
 10
-215.573148
 20
107.028370
  0
SEQEND
  0
POLYLINE
  8
ETM
 70
1
 62
5
 10
0
 20
0
  0
VERTEX
 10
-215.573148
 20
107.028370
  0
VERTEX
 10
-218.157078
 20
126.165411
  0
VERTEX
 10
-239.285727
 20
122.409164
  0
VERTEX
 10
-236.941389
 20
105.046583
  0
SEQEND
  0
POLYLINE
  8
ETM
 70
1
 62
5
 10
0
 20
0
  0
VERTEX
 10
-236.941389
 20
105.046583
  0
VERTEX
 10
-262.789739
 20
103.162043
  0
VERTEX
 10
-267.191445
 20
69.002962
  0
VERTEX
 10
-227.631655
 20
71.887170
  0
SEQEND
  0
POLYLINE
  8
ETM
 70
1
 62
5
 10
0
 20
0
  0
VERTEX
 10
-227.631655
 20
71.887170
  0
VERTEX
 10
-225.835330
 20
43.852146
  0
VERTEX
 10
-216.796558
 20
44.173099
  0
VERTEX
 10
-218.625836
 20
72.722412
  0
SEQEND
  0
POLYLINE
  8
ETM
 70
1
 62
5
 10
0
 20
0
  0
VERTEX
 10
-218.147485
 20
9.758094
  0
VERTEX
 10
-181.191860
 20
11.095288
  0
VERTEX
 10
-185.026528
 20
45.322659
  0
VERTEX
 10
-216.796558
 20
44.173099
  0
SEQEND
  0
POLYLINE
  8
ETM
 70
1
 62
5
 10
0
 20
0
  0
VERTEX
 10
-216.796558
 20
44.173099
  0
VERTEX
 10
-218.625836
 20
72.722412
  0
VERTEX
 10
-227.631655
 20
71.887170
  0
VERTEX
 10
-225.835330
 20
43.852146
  0
SEQEND
  0
POLYLINE
  8
ETM
 70
1
 62
5
 10
0
 20
0
  0
VERTEX
 10
-225.835330
 20
43.852146
  0
VERTEX
 10
-266.306646
 20
42.839609
  0
VERTEX
 10
-268.378573
 20
8.460478
  0
VERTEX
 10
-222.046835
 20
9.619634
  0
SEQEND
  0
POLYLINE
  8
ETM
 70
1
 62
5
 10
0
 20
0
  0
VERTEX
 10
-222.046835
 20
9.619634
  0
VERTEX
 10
-221.703212
 20
-10.824911
  0
VERTEX
 10
-217.801411
 20
-10.832252
  0
VERTEX
 10
-218.147485
 20
9.758094
  0
SEQEND
  0
POLYLINE
  8
ETM
 70
1
 62
5
 10
0
 20
0
  0
VERTEX
 10
-262.053272
 20
-46.647853
  0
VERTEX
 10
-224.339161
 20
-45.165407
  0
VERTEX
 10
-221.703212
 20
-10.824911
  0
VERTEX
 10
-267.376599
 20
-12.620216
  0
SEQEND
  0
POLYLINE
  8
ETM
 70
1
 62
5
 10
0
 20
0
  0
VERTEX
 10
-267.376599
 20
-12.620216
  0
VERTEX
 10
-268.378573
 20
8.460478
  0
VERTEX
 10
-272.279966
 20
8.403775
  0
VERTEX
 10
-271.265783
 20
-12.933802
  0
SEQEND
  0
POLYLINE
  8
ETM
 70
1
 62
5
 10
0
 20
0
  0
VERTEX
 10
-271.265783
 20
-12.933802
  0
VERTEX
 10
-324.598762
 20
-24.937366
  0
VERTEX
 10
-310.021369
 20
-56.141812
  0
VERTEX
 10
-271.068477
 20
-47.374750
  0
SEQEND
  0
POLYLINE
  8
ETM
 70
1
 62
5
 10
0
 20
0
  0
VERTEX
 10
-271.068477
 20
-47.374750
  0
VERTEX
 10
-270.781721
 20
-68.361168
  0
VERTEX
 10
-261.750021
 20
-68.841475
  0
VERTEX
 10
-262.053272
 20
-46.647853
  0
SEQEND
  0
POLYLINE
  8
ETM
 70
1
 62
5
 10
0
 20
0
  0
VERTEX
 10
-257.350101
 20
-103.000776
  0
VERTEX
 10
-235.099155
 20
-104.672907
  0
VERTEX
 10
-225.643426
 20
-71.554840
  0
VERTEX
 10
-261.750021
 20
-68.841475
  0
SEQEND
  0
POLYLINE
  8
ETM
 70
1
 62
5
 10
0
 20
0
  0
VERTEX
 10
-261.750021
 20
-68.841475
  0
VERTEX
 10
-262.053272
 20
-46.647853
  0
VERTEX
 10
-271.068477
 20
-47.374750
  0
VERTEX
 10
-270.781721
 20
-68.361168
  0
SEQEND
  0
POLYLINE
  8
ETM
 70
1
 62
5
 10
0
 20
0
  0
VERTEX
 10
-270.781721
 20
-68.361168
  0
VERTEX
 10
-307.909100
 20
-67.484632
  0
VERTEX
 10
-301.500895
 20
-101.324727
  0
VERTEX
 10
-278.779751
 20
-101.861148
  0
SEQEND
  0
POLYLINE
  8
ETM
 70
1
 62
5
 10
0
 20
0
  0
VERTEX
 10
-278.779751
 20
-101.861148
  0
VERTEX
 10
-279.962280
 20
-111.080439
  0
VERTEX
 10
-258.938733
 20
-115.386148
  0
VERTEX
 10
-257.350101
 20
-103.000776
  0
SEQEND
  0
POLYLINE
  8
ETM
 70
1
 62
5
 10
0
 20
0
  0
VERTEX
 10
-259.654383
 20
-149.820214
  0
VERTEX
 10
-251.082282
 20
-151.665915
  0
VERTEX
 10
-237.563170
 20
-119.988626
  0
VERTEX
 10
-258.938733
 20
-115.386148
  0
SEQEND
  0
POLYLINE
  8
ETM
 70
1
 62
5
 10
0
 20
0
  0
VERTEX
 10
-258.938733
 20
-115.386148
  0
VERTEX
 10
-257.350101
 20
-103.000776
  0
VERTEX
 10
-278.779751
 20
-101.861148
  0
VERTEX
 10
-279.962280
 20
-111.080439
  0
SEQEND
  0
POLYLINE
  8
ETM
 70
1
 62
5
 10
0
 20
0
  0
VERTEX
 10
-279.962280
 20
-111.080439
  0
VERTEX
 10
-301.936736
 20
-107.096996
  0
VERTEX
 10
-301.090127
 20
-141.528093
  0
VERTEX
 10
-292.840932
 20
-143.023475
  0
SEQEND
  0
POLYLINE
  8
ETM
 70
1
 62
5
 10
0
 20
0
  0
VERTEX
 10
-292.840932
 20
-143.023475
  0
VERTEX
 10
-294.693782
 20
-149.253720
  0
VERTEX
 10
-263.186403
 20
-161.696699
  0
VERTEX
 10
-259.654383
 20
-149.820214
  0
SEQEND
  0
POLYLINE
  8
ETM
 70
1
 62
5
 10
0
 20
0
  0
VERTEX
 10
-273.410438
 20
-194.585709
  0
VERTEX
 10
-270.114216
 20
-195.885156
  0
VERTEX
 10
-255.144558
 20
-164.866981
  0
VERTEX
 10
-263.186403
 20
-161.696699
  0
SEQEND
  0
POLYLINE
  8
ETM
 70
1
 62
5
 10
0
 20
0
  0
VERTEX
 10
-263.186403
 20
-161.696699
  0
VERTEX
 10
-259.654383
 20
-149.820214
  0
VERTEX
 10
-292.840932
 20
-143.023475
  0
VERTEX
 10
-294.693782
 20
-149.253720
  0
SEQEND
  0
POLYLINE
  8
ETM
 70
1
 62
5
 10
0
 20
0
  0
VERTEX
 10
-294.693782
 20
-149.253720
  0
VERTEX
 10
-302.269280
 20
-146.583461
  0
VERTEX
 10
-310.018084
 20
-180.141974
  0
VERTEX
 10
-309.700981
 20
-180.253748
  0
SEQEND
  0
POLYLINE
  8
ETM
 70
1
 62
5
 10
0
 20
0
  0
VERTEX
 10
-309.700981
 20
-180.253748
  0
VERTEX
 10
-316.248360
 20
-192.209746
  0
VERTEX
 10
-284.626968
 20
-215.067921
  0
VERTEX
 10
-273.410438
 20
-194.585709
  0
SEQEND
  0
POLYLINE
  8
ETM
 70
1
 62
5
 10
0
 20
0
  0
VERTEX
 10
-263.770467
 20
166.444092
  0
VERTEX
 10
-254.828593
 20
168.837100
  0
VERTEX
 10
-267.718127
 20
200.775753
  0
VERTEX
 10
-268.556064
 20
200.551505
  0
SEQEND
  0
POLYLINE
  8
ETM
 70
1
 62
5
 10
0
 20
0
  0
VERTEX
 10
-268.556064
 20
200.551505
  0
VERTEX
 10
-276.603727
 20
220.613238
  0
VERTEX
 10
-309.890820
 20
200.256959
  0
VERTEX
 10
-306.683037
 20
192.260391
  0
SEQEND
  0
POLYLINE
  8
ETM
 70
1
 62
5
 10
0
 20
0
  0
VERTEX
 10
-306.683037
 20
192.260391
  0
VERTEX
 10
-315.728346
 20
191.793093
  0
VERTEX
 10
-322.084799
 20
157.943231
  0
VERTEX
 10
-296.872234
 20
159.245761
  0
SEQEND
  0
POLYLINE
  8
ETM
 70
1
 62
5
 10
0
 20
0
  0
VERTEX
 10
-296.872234
 20
159.245761
  0
VERTEX
 10
-295.278848
 20
149.490589
  0
VERTEX
 10
-261.607028
 20
153.198891
  0
VERTEX
 10
-263.770467
 20
166.444092
  0
SEQEND
  0
POLYLINE
  8
ETM
 70
1
 62
5
 10
0
 20
0
  0
VERTEX
 10
-264.068932
 20
118.845483
  0
VERTEX
 10
-239.285727
 20
122.409164
  0
VERTEX
 10
-251.327383
 20
154.677044
  0
VERTEX
 10
-261.607028
 20
153.198891
  0
SEQEND
  0
POLYLINE
  8
ETM
 70
1
 62
5
 10
0
 20
0
  0
VERTEX
 10
-261.607028
 20
153.198891
  0
VERTEX
 10
-263.770467
 20
166.444092
  0
VERTEX
 10
-296.872234
 20
159.245761
  0
VERTEX
 10
-295.278848
 20
149.490589
  0
SEQEND
  0
POLYLINE
  8
ETM
 70
1
 62
5
 10
0
 20
0
  0
VERTEX
 10
-295.278848
 20
149.490589
  0
VERTEX
 10
-323.955846
 20
147.979392
  0
VERTEX
 10
-330.312299
 20
114.129531
  0
VERTEX
 10
-285.399895
 20
116.496289
  0
SEQEND
  0
POLYLINE
  8
ETM
 70
1
 62
5
 10
0
 20
0
  0
VERTEX
 10
-285.399895
 20
116.496289
  0
VERTEX
 10
-284.219449
 20
102.023535
  0
VERTEX
 10
-262.789739
 20
103.162043
  0
VERTEX
 10
-264.068932
 20
118.845483
  0
SEQEND
  0
POLYLINE
  8
ETM
 70
1
 62
5
 10
0
 20
0
  0
VERTEX
 10
-267.191445
 20
69.002962
  0
VERTEX
 10
-227.631655
 20
71.887170
  0
VERTEX
 10
-236.941389
 20
105.046583
  0
VERTEX
 10
-262.789739
 20
103.162043
  0
SEQEND
  0
POLYLINE
  8
ETM
 70
1
 62
5
 10
0
 20
0
  0
VERTEX
 10
-262.789739
 20
103.162043
  0
VERTEX
 10
-264.068932
 20
118.845483
  0
VERTEX
 10
-285.399895
 20
116.496289
  0
VERTEX
 10
-284.219449
 20
102.023535
  0
SEQEND
  0
POLYLINE
  8
ETM
 70
1
 62
5
 10
0
 20
0
  0
VERTEX
 10
-284.219449
 20
102.023535
  0
VERTEX
 10
-332.807759
 20
100.840519
  0
VERTEX
 10
-339.164212
 20
66.990657
  0
VERTEX
 10
-276.223169
 20
68.523129
  0
SEQEND
  0
POLYLINE
  8
ETM
 70
1
 62
5
 10
0
 20
0
  0
VERTEX
 10
-276.223169
 20
68.523129
  0
VERTEX
 10
-275.350152
 20
42.708169
  0
VERTEX
 10
-266.306646
 20
42.839609
  0
VERTEX
 10
-267.191445
 20
69.002962
  0
SEQEND
  0
POLYLINE
  8
ETM
 70
1
 62
5
 10
0
 20
0
  0
VERTEX
 10
-268.378573
 20
8.460478
  0
VERTEX
 10
-222.046835
 20
9.619634
  0
VERTEX
 10
-225.835330
 20
43.852146
  0
VERTEX
 10
-266.306646
 20
42.839609
  0
SEQEND
  0
POLYLINE
  8
ETM
 70
1
 62
5
 10
0
 20
0
  0
VERTEX
 10
-266.306646
 20
42.839609
  0
VERTEX
 10
-267.191445
 20
69.002962
  0
VERTEX
 10
-276.223169
 20
68.523129
  0
VERTEX
 10
-275.350152
 20
42.708169
  0
SEQEND
  0
POLYLINE
  8
ETM
 70
1
 62
5
 10
0
 20
0
  0
VERTEX
 10
-275.350152
 20
42.708169
  0
VERTEX
 10
-343.110527
 20
45.975443
  0
VERTEX
 10
-349.466979
 20
12.125583
  0
VERTEX
 10
-272.279966
 20
8.403775
  0
SEQEND
  0
POLYLINE
  8
ETM
 70
1
 62
5
 10
0
 20
0
  0
VERTEX
 10
-272.279966
 20
8.403775
  0
VERTEX
 10
-271.265783
 20
-12.933802
  0
VERTEX
 10
-267.376599
 20
-12.620216
  0
VERTEX
 10
-268.378573
 20
8.460478
  0
SEQEND
  0
POLYLINE
  8
ETM
 70
1
 62
5
 10
0
 20
0
  0
VERTEX
 10
-310.021369
 20
-56.141812
  0
VERTEX
 10
-271.068477
 20
-47.374750
  0
VERTEX
 10
-271.265783
 20
-12.933802
  0
VERTEX
 10
-324.598762
 20
-24.937366
  0
SEQEND
  0
POLYLINE
  8
ETM
 70
1
 62
5
 10
0
 20
0
  0
VERTEX
 10
-324.598762
 20
-24.937366
  0
VERTEX
 10
-352.102498
 20
-1.909280
  0
VERTEX
 10
-352.822607
 20
-5.744060
  0
VERTEX
 10
-328.247275
 20
-26.320277
  0
SEQEND
  0
POLYLINE
  8
ETM
 70
1
 62
5
 10
0
 20
0
  0
VERTEX
 10
-328.247275
 20
-26.320277
  0
VERTEX
 10
-354.495944
 20
-30.825538
  0
VERTEX
 10
-352.692469
 20
-65.219802
  0
VERTEX
 10
-318.478694
 20
-59.347429
  0
SEQEND
  0
POLYLINE
  8
ETM
 70
1
 62
5
 10
0
 20
0
  0
VERTEX
 10
-318.478694
 20
-59.347429
  0
VERTEX
 10
-316.953405
 20
-67.538183
  0
VERTEX
 10
-307.909100
 20
-67.484632
  0
VERTEX
 10
-310.021369
 20
-56.141812
  0
SEQEND
  0
POLYLINE
  8
ETM
 70
1
 62
5
 10
0
 20
0
  0
VERTEX
 10
-301.500895
 20
-101.324727
  0
VERTEX
 10
-278.779751
 20
-101.861148
  0
VERTEX
 10
-270.781721
 20
-68.361168
  0
VERTEX
 10
-307.909100
 20
-67.484632
  0
SEQEND
  0
POLYLINE
  8
ETM
 70
1
 62
5
 10
0
 20
0
  0
VERTEX
 10
-307.909100
 20
-67.484632
  0
VERTEX
 10
-310.021369
 20
-56.141812
  0
VERTEX
 10
-318.478694
 20
-59.347429
  0
VERTEX
 10
-316.953405
 20
-67.538183
  0
SEQEND
  0
POLYLINE
  8
ETM
 70
1
 62
5
 10
0
 20
0
  0
VERTEX
 10
-316.953405
 20
-67.538183
  0
VERTEX
 10
-352.686206
 20
-65.339236
  0
VERTEX
 10
-350.882731
 20
-99.733489
  0
VERTEX
 10
-322.960450
 20
-101.451788
  0
SEQEND
  0
POLYLINE
  8
ETM
 70
1
 62
5
 10
0
 20
0
  0
VERTEX
 10
-322.960450
 20
-101.451788
  0
VERTEX
 10
-323.133911
 20
-103.749100
  0
VERTEX
 10
-301.936736
 20
-107.096996
  0
VERTEX
 10
-301.500895
 20
-101.324727
  0
SEQEND
  0
POLYLINE
  8
ETM
 70
1
 62
5
 10
0
 20
0
  0
VERTEX
 10
-301.090127
 20
-141.528093
  0
VERTEX
 10
-292.840932
 20
-143.023475
  0
VERTEX
 10
-279.962280
 20
-111.080439
  0
VERTEX
 10
-301.936736
 20
-107.096996
  0
SEQEND
  0
POLYLINE
  8
ETM
 70
1
 62
5
 10
0
 20
0
  0
VERTEX
 10
-301.936736
 20
-107.096996
  0
VERTEX
 10
-301.500895
 20
-101.324727
  0
VERTEX
 10
-322.960450
 20
-101.451788
  0
VERTEX
 10
-323.133911
 20
-103.749100
  0
SEQEND
  0
POLYLINE
  8
ETM
 70
1
 62
5
 10
0
 20
0
  0
VERTEX
 10
-323.133911
 20
-103.749100
  0
VERTEX
 10
-350.881279
 20
-99.761181
  0
VERTEX
 10
-349.077805
 20
-134.155434
  0
VERTEX
 10
-334.550754
 20
-136.243296
  0
SEQEND
  0
POLYLINE
  8
ETM
 70
1
 62
5
 10
0
 20
0
  0
VERTEX
 10
-334.550754
 20
-136.243296
  0
VERTEX
 10
-334.615077
 20
-136.519068
  0
VERTEX
 10
-302.269280
 20
-146.583461
  0
VERTEX
 10
-301.090127
 20
-141.528093
  0
SEQEND
  0
POLYLINE
  8
ETM
 70
1
 62
5
 10
0
 20
0
  0
VERTEX
 10
-310.018084
 20
-180.141974
  0
VERTEX
 10
-309.700981
 20
-180.253748
  0
VERTEX
 10
-294.693782
 20
-149.253720
  0
VERTEX
 10
-302.269280
 20
-146.583461
  0
SEQEND
  0
POLYLINE
  8
ETM
 70
1
 62
5
 10
0
 20
0
  0
VERTEX
 10
-302.269280
 20
-146.583461
  0
VERTEX
 10
-301.090127
 20
-141.528093
  0
VERTEX
 10
-334.550754
 20
-136.243296
  0
VERTEX
 10
-334.615077
 20
-136.519068
  0
SEQEND
  0
POLYLINE
  8
ETM
 70
1
 62
5
 10
0
 20
0
  0
VERTEX
 10
-334.615077
 20
-136.519068
  0
VERTEX
 10
-349.077805
 20
-134.155434
  0
VERTEX
 10
-347.274329
 20
-168.549696
  0
VERTEX
 10
-347.274329
 20
-168.549696
  0
SEQEND
  0
POLYLINE
  8
ETM
 70
1
 62
5
 10
0
 20
0
  0
VERTEX
 10
-347.274329
 20
-168.549696
  0
VERTEX
 10
-347.274329
 20
-168.549696
  0
VERTEX
 10
-316.248360
 20
-192.209746
  0
VERTEX
 10
-310.018084
 20
-180.141974
  0
SEQEND
  0
POLYLINE
  8
ETM
 70
1
 62
5
 10
0
 20
0
  0
VERTEX
 10
334.615072
 20
136.519074
  0
VERTEX
 10
349.077798
 20
134.155441
  0
VERTEX
 10
347.274322
 20
168.549702
  0
VERTEX
 10
347.274321
 20
168.549702
  0
SEQEND
  0
POLYLINE
  8
ETM
 70
1
 62
5
 10
0
 20
0
  0
VERTEX
 10
347.274321
 20
168.549702
  0
VERTEX
 10
347.274321
 20
168.549702
  0
VERTEX
 10
316.248351
 20
192.209751
  0
VERTEX
 10
310.018075
 20
180.141978
  0
SEQEND
  0
POLYLINE
  8
ETM
 70
1
 62
5
 10
0
 20
0
  0
VERTEX
 10
310.018075
 20
180.141978
  0
VERTEX
 10
309.700973
 20
180.253752
  0
VERTEX
 10
294.693778
 20
149.253723
  0
VERTEX
 10
302.269272
 20
146.583466
  0
SEQEND
  0
POLYLINE
  8
ETM
 70
1
 62
5
 10
0
 20
0
  0
VERTEX
 10
302.269272
 20
146.583466
  0
VERTEX
 10
301.090120
 20
141.528098
  0
VERTEX
 10
334.550749
 20
136.243302
  0
VERTEX
 10
334.615072
 20
136.519074
  0
SEQEND
  0
POLYLINE
  8
ETM
 70
1
 62
5
 10
0
 20
0
  0
VERTEX
 10
323.133909
 20
103.749097
  0
VERTEX
 10
350.881275
 20
99.761182
  0
VERTEX
 10
349.077798
 20
134.155441
  0
VERTEX
 10
334.550749
 20
136.243302
  0
SEQEND
  0
POLYLINE
  8
ETM
 70
1
 62
5
 10
0
 20
0
  0
VERTEX
 10
334.550749
 20
136.243302
  0
VERTEX
 10
334.615072
 20
136.519074
  0
VERTEX
 10
302.269272
 20
146.583466
  0
VERTEX
 10
301.090120
 20
141.528098
  0
SEQEND
  0
POLYLINE
  8
ETM
 70
1
 62
5
 10
0
 20
0
  0
VERTEX
 10
301.090120
 20
141.528098
  0
VERTEX
 10
292.840928
 20
143.023478
  0
VERTEX
 10
279.962280
 20
111.080435
  0
VERTEX
 10
301.936732
 20
107.096996
  0
SEQEND
  0
POLYLINE
  8
ETM
 70
1
 62
5
 10
0
 20
0
  0
VERTEX
 10
301.936732
 20
107.096996
  0
VERTEX
 10
301.500890
 20
101.324709
  0
VERTEX
 10
322.960447
 20
101.451768
  0
VERTEX
 10
323.133909
 20
103.749097
  0
SEQEND
  0
POLYLINE
  8
ETM
 70
1
 62
5
 10
0
 20
0
  0
VERTEX
 10
316.953401
 20
67.538156
  0
VERTEX
 10
352.686205
 20
65.339210
  0
VERTEX
 10
350.882728
 20
99.733471
  0
VERTEX
 10
322.960447
 20
101.451768
  0
SEQEND
  0
POLYLINE
  8
ETM
 70
1
 62
5
 10
0
 20
0
  0
VERTEX
 10
322.960447
 20
101.451768
  0
VERTEX
 10
323.133909
 20
103.749097
  0
VERTEX
 10
301.936732
 20
107.096996
  0
VERTEX
 10
301.500890
 20
101.324709
  0
SEQEND
  0
POLYLINE
  8
ETM
 70
1
 62
5
 10
0
 20
0
  0
VERTEX
 10
301.500890
 20
101.324709
  0
VERTEX
 10
278.779751
 20
101.861129
  0
VERTEX
 10
270.781720
 20
68.361139
  0
VERTEX
 10
307.909099
 20
67.484605
  0
SEQEND
  0
POLYLINE
  8
ETM
 70
1
 62
5
 10
0
 20
0
  0
VERTEX
 10
307.909099
 20
67.484605
  0
VERTEX
 10
310.021369
 20
56.141774
  0
VERTEX
 10
318.478692
 20
59.347389
  0
VERTEX
 10
316.953401
 20
67.538156
  0
SEQEND
  0
POLYLINE
  8
ETM
 70
1
 62
5
 10
0
 20
0
  0
VERTEX
 10
328.247274
 20
26.320244
  0
VERTEX
 10
354.495944
 20
30.825506
  0
VERTEX
 10
352.692468
 20
65.219765
  0
VERTEX
 10
318.478692
 20
59.347389
  0
SEQEND
  0
POLYLINE
  8
ETM
 70
1
 62
5
 10
0
 20
0
  0
VERTEX
 10
318.478692
 20
59.347389
  0
VERTEX
 10
316.953401
 20
67.538156
  0
VERTEX
 10
307.909099
 20
67.484605
  0
VERTEX
 10
310.021369
 20
56.141774
  0
SEQEND
  0
POLYLINE
  8
ETM
 70
1
 62
5
 10
0
 20
0
  0
VERTEX
 10
310.021369
 20
56.141774
  0
VERTEX
 10
271.068481
 20
47.374711
  0
VERTEX
 10
271.265789
 20
12.933767
  0
VERTEX
 10
324.598761
 20
24.937332
  0
SEQEND
  0
POLYLINE
  8
ETM
 70
1
 62
5
 10
0
 20
0
  0
VERTEX
 10
324.598761
 20
24.937332
  0
VERTEX
 10
352.102498
 20
1.909245
  0
VERTEX
 10
352.822608
 20
5.744025
  0
VERTEX
 10
328.247274
 20
26.320244
  0
SEQEND
  0
POLYLINE
  8
ETM
 70
1
 62
5
 10
0
 20
0
  0
VERTEX
 10
275.350157
 20
-42.708195
  0
VERTEX
 10
343.110528
 20
-45.975470
  0
VERTEX
 10
349.466982
 20
-12.125605
  0
VERTEX
 10
272.279972
 20
-8.403795
  0
SEQEND
  0
POLYLINE
  8
ETM
 70
1
 62
5
 10
0
 20
0
  0
VERTEX
 10
272.279972
 20
-8.403795
  0
VERTEX
 10
271.265789
 20
12.933767
  0
VERTEX
 10
267.376605
 20
12.620182
  0
VERTEX
 10
268.378579
 20
-8.460498
  0
SEQEND
  0
POLYLINE
  8
ETM
 70
1
 62
5
 10
0
 20
0
  0
VERTEX
 10
268.378579
 20
-8.460498
  0
VERTEX
 10
222.046850
 20
-9.619650
  0
VERTEX
 10
225.835341
 20
-43.852166
  0
VERTEX
 10
266.306649
 20
-42.839634
  0
SEQEND
  0
POLYLINE
  8
ETM
 70
1
 62
5
 10
0
 20
0
  0
VERTEX
 10
266.306649
 20
-42.839634
  0
VERTEX
 10
267.191445
 20
-69.002970
  0
VERTEX
 10
276.223171
 20
-68.523138
  0
VERTEX
 10
275.350157
 20
-42.708195
  0
SEQEND
  0
POLYLINE
  8
ETM
 70
1
 62
5
 10
0
 20
0
  0
VERTEX
 10
284.219450
 20
-102.023537
  0
VERTEX
 10
332.807765
 20
-100.840521
  0
VERTEX
 10
339.164216
 20
-66.990666
  0
VERTEX
 10
276.223171
 20
-68.523138
  0
SEQEND
  0
POLYLINE
  8
ETM
 70
1
 62
5
 10
0
 20
0
  0
VERTEX
 10
276.223171
 20
-68.523138
  0
VERTEX
 10
275.350157
 20
-42.708195
  0
VERTEX
 10
266.306649
 20
-42.839634
  0
VERTEX
 10
267.191445
 20
-69.002970
  0
SEQEND
  0
POLYLINE
  8
ETM
 70
1
 62
5
 10
0
 20
0
  0
VERTEX
 10
267.191445
 20
-69.002970
  0
VERTEX
 10
227.631661
 20
-71.887178
  0
VERTEX
 10
236.941392
 20
-105.046583
  0
VERTEX
 10
262.789741
 20
-103.162043
  0
SEQEND
  0
POLYLINE
  8
ETM
 70
1
 62
5
 10
0
 20
0
  0
VERTEX
 10
262.789741
 20
-103.162043
  0
VERTEX
 10
264.068932
 20
-118.845467
  0
VERTEX
 10
285.399893
 20
-116.496274
  0
VERTEX
 10
284.219450
 20
-102.023537
  0
SEQEND
  0
POLYLINE
  8
ETM
 70
1
 62
5
 10
0
 20
0
  0
VERTEX
 10
295.278841
 20
-149.490569
  0
VERTEX
 10
323.955855
 20
-147.979373
  0
VERTEX
 10
330.312307
 20
-114.129518
  0
VERTEX
 10
285.399893
 20
-116.496274
  0
SEQEND
  0
POLYLINE
  8
ETM
 70
1
 62
5
 10
0
 20
0
  0
VERTEX
 10
285.399893
 20
-116.496274
  0
VERTEX
 10
284.219450
 20
-102.023537
  0
VERTEX
 10
262.789741
 20
-103.162043
  0
VERTEX
 10
264.068932
 20
-118.845467
  0
SEQEND
  0
POLYLINE
  8
ETM
 70
1
 62
5
 10
0
 20
0
  0
VERTEX
 10
264.068932
 20
-118.845467
  0
VERTEX
 10
239.285728
 20
-122.409144
  0
VERTEX
 10
251.327376
 20
-154.677021
  0
VERTEX
 10
261.607025
 20
-153.198869
  0
SEQEND
  0
POLYLINE
  8
ETM
 70
1
 62
5
 10
0
 20
0
  0
VERTEX
 10
261.607025
 20
-153.198869
  0
VERTEX
 10
263.770463
 20
-166.444075
  0
VERTEX
 10
296.872227
 20
-159.245747
  0
VERTEX
 10
295.278841
 20
-149.490569
  0
SEQEND
  0
POLYLINE
  8
ETM
 70
1
 62
5
 10
0
 20
0
  0
VERTEX
 10
306.683031
 20
-192.260378
  0
VERTEX
 10
315.728355
 20
-191.793079
  0
VERTEX
 10
322.084808
 20
-157.943215
  0
VERTEX
 10
296.872227
 20
-159.245747
  0
SEQEND
  0
POLYLINE
  8
ETM
 70
1
 62
5
 10
0
 20
0
  0
VERTEX
 10
296.872227
 20
-159.245747
  0
VERTEX
 10
295.278841
 20
-149.490569
  0
VERTEX
 10
261.607025
 20
-153.198869
  0
VERTEX
 10
263.770463
 20
-166.444075
  0
SEQEND
  0
POLYLINE
  8
ETM
 70
1
 62
5
 10
0
 20
0
  0
VERTEX
 10
263.770463
 20
-166.444075
  0
VERTEX
 10
254.828587
 20
-168.837083
  0
VERTEX
 10
267.718118
 20
-200.775737
  0
VERTEX
 10
268.556057
 20
-200.551490
  0
SEQEND
  0
POLYLINE
  8
ETM
 70
1
 62
5
 10
0
 20
0
  0
VERTEX
 10
268.556057
 20
-200.551490
  0
VERTEX
 10
276.603724
 20
-220.613236
  0
VERTEX
 10
309.890819
 20
-200.256958
  0
VERTEX
 10
306.683031
 20
-192.260378
  0
SEQEND
  0
POLYLINE
  8
ETM
 70
1
 62
5
 10
0
 20
0
  0
VERTEX
 10
294.693778
 20
149.253723
  0
VERTEX
 10
302.269272
 20
146.583466
  0
VERTEX
 10
310.018075
 20
180.141978
  0
VERTEX
 10
309.700973
 20
180.253752
  0
SEQEND
  0
POLYLINE
  8
ETM
 70
1
 62
5
 10
0
 20
0
  0
VERTEX
 10
309.700973
 20
180.253752
  0
VERTEX
 10
316.248351
 20
192.209751
  0
VERTEX
 10
284.626957
 20
215.067926
  0
VERTEX
 10
273.410426
 20
194.585708
  0
SEQEND
  0
POLYLINE
  8
ETM
 70
1
 62
5
 10
0
 20
0
  0
VERTEX
 10
273.410426
 20
194.585708
  0
VERTEX
 10
270.114213
 20
195.885151
  0
VERTEX
 10
255.144564
 20
164.866977
  0
VERTEX
 10
263.186394
 20
161.696703
  0
SEQEND
  0
POLYLINE
  8
ETM
 70
1
 62
5
 10
0
 20
0
  0
VERTEX
 10
263.186394
 20
161.696703
  0
VERTEX
 10
259.654375
 20
149.820216
  0
VERTEX
 10
292.840928
 20
143.023478
  0
VERTEX
 10
294.693778
 20
149.253723
  0
SEQEND
  0
POLYLINE
  8
ETM
 70
1
 62
5
 10
0
 20
0
  0
VERTEX
 10
279.962280
 20
111.080435
  0
VERTEX
 10
301.936732
 20
107.096996
  0
VERTEX
 10
301.090120
 20
141.528098
  0
VERTEX
 10
292.840928
 20
143.023478
  0
SEQEND
  0
POLYLINE
  8
ETM
 70
1
 62
5
 10
0
 20
0
  0
VERTEX
 10
292.840928
 20
143.023478
  0
VERTEX
 10
294.693778
 20
149.253723
  0
VERTEX
 10
263.186394
 20
161.696703
  0
VERTEX
 10
259.654375
 20
149.820216
  0
SEQEND
  0
POLYLINE
  8
ETM
 70
1
 62
5
 10
0
 20
0
  0
VERTEX
 10
259.654375
 20
149.820216
  0
VERTEX
 10
251.082289
 20
151.665912
  0
VERTEX
 10
237.563182
 20
119.988611
  0
VERTEX
 10
258.938731
 20
115.386141
  0
SEQEND
  0
POLYLINE
  8
ETM
 70
1
 62
5
 10
0
 20
0
  0
VERTEX
 10
258.938731
 20
115.386141
  0
VERTEX
 10
257.350099
 20
103.000753
  0
VERTEX
 10
278.779751
 20
101.861129
  0
VERTEX
 10
279.962280
 20
111.080435
  0
SEQEND
  0
POLYLINE
  8
ETM
 70
1
 62
5
 10
0
 20
0
  0
VERTEX
 10
270.781720
 20
68.361139
  0
VERTEX
 10
307.909099
 20
67.484605
  0
VERTEX
 10
301.500890
 20
101.324709
  0
VERTEX
 10
278.779751
 20
101.861129
  0
SEQEND
  0
POLYLINE
  8
ETM
 70
1
 62
5
 10
0
 20
0
  0
VERTEX
 10
278.779751
 20
101.861129
  0
VERTEX
 10
279.962280
 20
111.080435
  0
VERTEX
 10
258.938731
 20
115.386141
  0
VERTEX
 10
257.350099
 20
103.000753
  0
SEQEND
  0
POLYLINE
  8
ETM
 70
1
 62
5
 10
0
 20
0
  0
VERTEX
 10
257.350099
 20
103.000753
  0
VERTEX
 10
235.099165
 20
104.672881
  0
VERTEX
 10
225.643438
 20
71.554804
  0
VERTEX
 10
261.750022
 20
68.841443
  0
SEQEND
  0
POLYLINE
  8
ETM
 70
1
 62
5
 10
0
 20
0
  0
VERTEX
 10
261.750022
 20
68.841443
  0
VERTEX
 10
262.053277
 20
46.647813
  0
VERTEX
 10
271.068481
 20
47.374711
  0
VERTEX
 10
270.781720
 20
68.361139
  0
SEQEND
  0
POLYLINE
  8
ETM
 70
1
 62
5
 10
0
 20
0
  0
VERTEX
 10
271.265789
 20
12.933767
  0
VERTEX
 10
324.598761
 20
24.937332
  0
VERTEX
 10
310.021369
 20
56.141774
  0
VERTEX
 10
271.068481
 20
47.374711
  0
SEQEND
  0
POLYLINE
  8
ETM
 70
1
 62
5
 10
0
 20
0
  0
VERTEX
 10
271.068481
 20
47.374711
  0
VERTEX
 10
270.781720
 20
68.361139
  0
VERTEX
 10
261.750022
 20
68.841443
  0
VERTEX
 10
262.053277
 20
46.647813
  0
SEQEND
  0
POLYLINE
  8
ETM
 70
1
 62
5
 10
0
 20
0
  0
VERTEX
 10
262.053277
 20
46.647813
  0
VERTEX
 10
224.339173
 20
45.165364
  0
VERTEX
 10
221.703227
 20
10.824873
  0
VERTEX
 10
267.376605
 20
12.620182
  0
SEQEND
  0
POLYLINE
  8
ETM
 70
1
 62
5
 10
0
 20
0
  0
VERTEX
 10
267.376605
 20
12.620182
  0
VERTEX
 10
268.378579
 20
-8.460498
  0
VERTEX
 10
272.279972
 20
-8.403795
  0
VERTEX
 10
271.265789
 20
12.933767
  0
SEQEND
  0
POLYLINE
  8
ETM
 70
1
 62
5
 10
0
 20
0
  0
VERTEX
 10
225.835341
 20
-43.852166
  0
VERTEX
 10
266.306649
 20
-42.839634
  0
VERTEX
 10
268.378579
 20
-8.460498
  0
VERTEX
 10
222.046850
 20
-9.619650
  0
SEQEND
  0
POLYLINE
  8
ETM
 70
1
 62
5
 10
0
 20
0
  0
VERTEX
 10
222.046850
 20
-9.619650
  0
VERTEX
 10
221.703227
 20
10.824873
  0
VERTEX
 10
217.801429
 20
10.832215
  0
VERTEX
 10
218.147502
 20
-9.758109
  0
SEQEND
  0
POLYLINE
  8
ETM
 70
1
 62
5
 10
0
 20
0
  0
VERTEX
 10
218.147502
 20
-9.758109
  0
VERTEX
 10
181.191878
 20
-11.095305
  0
VERTEX
 10
185.026548
 20
-45.322679
  0
VERTEX
 10
216.796576
 20
-44.173118
  0
SEQEND
  0
POLYLINE
  8
ETM
 70
1
 62
5
 10
0
 20
0
  0
VERTEX
 10
216.796576
 20
-44.173118
  0
VERTEX
 10
218.625848
 20
-72.722417
  0
VERTEX
 10
227.631661
 20
-71.887178
  0
VERTEX
 10
225.835341
 20
-43.852166
  0
SEQEND
  0
POLYLINE
  8
ETM
 70
1
 62
5
 10
0
 20
0
  0
VERTEX
 10
236.941392
 20
-105.046583
  0
VERTEX
 10
262.789741
 20
-103.162043
  0
VERTEX
 10
267.191445
 20
-69.002970
  0
VERTEX
 10
227.631661
 20
-71.887178
  0
SEQEND
  0
POLYLINE
  8
ETM
 70
1
 62
5
 10
0
 20
0
  0
VERTEX
 10
227.631661
 20
-71.887178
  0
VERTEX
 10
225.835341
 20
-43.852166
  0
VERTEX
 10
216.796576
 20
-44.173118
  0
VERTEX
 10
218.625848
 20
-72.722417
  0
SEQEND
  0
POLYLINE
  8
ETM
 70
1
 62
5
 10
0
 20
0
  0
VERTEX
 10
218.625848
 20
-72.722417
  0
VERTEX
 10
187.200895
 20
-75.841903
  0
VERTEX
 10
196.938496
 20
-108.878192
  0
VERTEX
 10
215.573163
 20
-107.028369
  0
SEQEND
  0
POLYLINE
  8
ETM
 70
1
 62
5
 10
0
 20
0
  0
VERTEX
 10
215.573163
 20
-107.028369
  0
VERTEX
 10
218.157090
 20
-126.165389
  0
VERTEX
 10
239.285728
 20
-122.409144
  0
VERTEX
 10
236.941392
 20
-105.046583
  0
SEQEND
  0
POLYLINE
  8
ETM
 70
1
 62
5
 10
0
 20
0
  0
VERTEX
 10
251.327376
 20
-154.677021
  0
VERTEX
 10
261.607025
 20
-153.198869
  0
VERTEX
 10
264.068932
 20
-118.845467
  0
VERTEX
 10
239.285728
 20
-122.409144
  0
SEQEND
  0
POLYLINE
  8
ETM
 70
1
 62
5
 10
0
 20
0
  0
VERTEX
 10
239.285728
 20
-122.409144
  0
VERTEX
 10
236.941392
 20
-105.046583
  0
VERTEX
 10
215.573163
 20
-107.028369
  0
VERTEX
 10
218.157090
 20
-126.165389
  0
SEQEND
  0
POLYLINE
  8
ETM
 70
1
 62
5
 10
0
 20
0
  0
VERTEX
 10
218.157090
 20
-126.165389
  0
VERTEX
 10
200.042153
 20
-129.543092
  0
VERTEX
 10
212.624244
 20
-161.604097
  0
VERTEX
 10
217.974939
 20
-160.606409
  0
SEQEND
  0
POLYLINE
  8
ETM
 70
1
 62
5
 10
0
 20
0
  0
VERTEX
 10
217.974939
 20
-160.606409
  0
VERTEX
 10
222.556086
 20
-179.134092
  0
VERTEX
 10
254.828587
 20
-168.837083
  0
VERTEX
 10
251.327376
 20
-154.677021
  0
SEQEND
  0
POLYLINE
  8
ETM
 70
1
 62
5
 10
0
 20
0
  0
VERTEX
 10
267.718118
 20
-200.775737
  0
VERTEX
 10
268.556057
 20
-200.551490
  0
VERTEX
 10
263.770463
 20
-166.444075
  0
VERTEX
 10
254.828587
 20
-168.837083
  0
SEQEND
  0
POLYLINE
  8
ETM
 70
1
 62
5
 10
0
 20
0
  0
VERTEX
 10
254.828587
 20
-168.837083
  0
VERTEX
 10
251.327376
 20
-154.677021
  0
VERTEX
 10
217.974939
 20
-160.606409
  0
VERTEX
 10
222.556086
 20
-179.134092
  0
SEQEND
  0
POLYLINE
  8
ETM
 70
1
 62
5
 10
0
 20
0
  0
VERTEX
 10
222.556086
 20
-179.134092
  0
VERTEX
 10
217.557723
 20
-180.737441
  0
VERTEX
 10
230.546299
 20
-212.635947
  0
VERTEX
 10
230.546299
 20
-212.635947
  0
SEQEND
  0
POLYLINE
  8
ETM
 70
1
 62
5
 10
0
 20
0
  0
VERTEX
 10
230.546299
 20
-212.635947
  0
VERTEX
 10
243.005750
 20
-240.452209
  0
VERTEX
 10
276.603724
 20
-220.613236
  0
VERTEX
 10
267.718118
 20
-200.775737
  0
SEQEND
  0
POLYLINE
  8
ETM
 70
1
 62
5
 10
0
 20
0
  0
VERTEX
 10
255.144564
 20
164.866977
  0
VERTEX
 10
263.186394
 20
161.696703
  0
VERTEX
 10
273.410426
 20
194.585708
  0
VERTEX
 10
270.114213
 20
195.885151
  0
SEQEND
  0
POLYLINE
  8
ETM
 70
1
 62
5
 10
0
 20
0
  0
VERTEX
 10
270.114213
 20
195.885151
  0
VERTEX
 10
281.050393
 20
217.484412
  0
VERTEX
 10
248.043518
 20
238.291980
  0
VERTEX
 10
233.806342
 20
210.173161
  0
SEQEND
  0
POLYLINE
  8
ETM
 70
1
 62
5
 10
0
 20
0
  0
VERTEX
 10
233.806342
 20
210.173161
  0
VERTEX
 10
232.299464
 20
210.735041
  0
VERTEX
 10
218.456121
 20
179.198087
  0
VERTEX
 10
223.622139
 20
177.271799
  0
SEQEND
  0
POLYLINE
  8
ETM
 70
1
 62
5
 10
0
 20
0
  0
VERTEX
 10
223.622139
 20
177.271799
  0
VERTEX
 10
218.039292
 20
159.129373
  0
VERTEX
 10
251.082289
 20
151.665912
  0
VERTEX
 10
255.144564
 20
164.866977
  0
SEQEND
  0
POLYLINE
  8
ETM
 70
1
 62
5
 10
0
 20
0
  0
VERTEX
 10
237.563182
 20
119.988611
  0
VERTEX
 10
258.938731
 20
115.386141
  0
VERTEX
 10
259.654375
 20
149.820216
  0
VERTEX
 10
251.082289
 20
151.665912
  0
SEQEND
  0
POLYLINE
  8
ETM
 70
1
 62
5
 10
0
 20
0
  0
VERTEX
 10
251.082289
 20
151.665912
  0
VERTEX
 10
255.144564
 20
164.866977
  0
VERTEX
 10
223.622139
 20
177.271799
  0
VERTEX
 10
218.039292
 20
159.129373
  0
SEQEND
  0
POLYLINE
  8
ETM
 70
1
 62
5
 10
0
 20
0
  0
VERTEX
 10
218.039292
 20
159.129373
  0
VERTEX
 10
213.067562
 20
160.233087
  0
VERTEX
 10
199.782484
 20
128.456929
  0
VERTEX
 10
216.630574
 20
124.716685
  0
SEQEND
  0
POLYLINE
  8
ETM
 70
1
 62
5
 10
0
 20
0
  0
VERTEX
 10
216.630574
 20
124.716685
  0
VERTEX
 10
213.739873
 20
106.748789
  0
VERTEX
 10
235.099165
 20
104.672881
  0
VERTEX
 10
237.563182
 20
119.988611
  0
SEQEND
  0
POLYLINE
  8
ETM
 70
1
 62
5
 10
0
 20
0
  0
VERTEX
 10
225.643438
 20
71.554804
  0
VERTEX
 10
261.750022
 20
68.841443
  0
VERTEX
 10
257.350099
 20
103.000753
  0
VERTEX
 10
235.099165
 20
104.672881
  0
SEQEND
  0
POLYLINE
  8
ETM
 70
1
 62
5
 10
0
 20
0
  0
VERTEX
 10
235.099165
 20
104.672881
  0
VERTEX
 10
237.563182
 20
119.988611
  0
VERTEX
 10
216.630574
 20
124.716685
  0
VERTEX
 10
213.739873
 20
106.748789
  0
SEQEND
  0
POLYLINE
  8
ETM
 70
1
 62
5
 10
0
 20
0
  0
VERTEX
 10
213.739873
 20
106.748789
  0
VERTEX
 10
196.515655
 20
108.540265
  0
VERTEX
 10
186.613645
 20
75.552872
  0
VERTEX
 10
216.641392
 20
72.429711
  0
SEQEND
  0
POLYLINE
  8
ETM
 70
1
 62
5
 10
0
 20
0
  0
VERTEX
 10
216.641392
 20
72.429711
  0
VERTEX
 10
215.294727
 20
45.182382
  0
VERTEX
 10
224.339173
 20
45.165364
  0
VERTEX
 10
225.643438
 20
71.554804
  0
SEQEND
  0
POLYLINE
  8
ETM
 70
1
 62
5
 10
0
 20
0
  0
VERTEX
 10
221.703227
 20
10.824873
  0
VERTEX
 10
267.376605
 20
12.620182
  0
VERTEX
 10
262.053277
 20
46.647813
  0
VERTEX
 10
224.339173
 20
45.165364
  0
SEQEND
  0
POLYLINE
  8
ETM
 70
1
 62
5
 10
0
 20
0
  0
VERTEX
 10
224.339173
 20
45.165364
  0
VERTEX
 10
225.643438
 20
71.554804
  0
VERTEX
 10
216.641392
 20
72.429711
  0
VERTEX
 10
215.294727
 20
45.182382
  0
SEQEND
  0
POLYLINE
  8
ETM
 70
1
 62
5
 10
0
 20
0
  0
VERTEX
 10
215.294727
 20
45.182382
  0
VERTEX
 10
184.560361
 20
45.619944
  0
VERTEX
 10
181.076794
 20
11.355060
  0
VERTEX
 10
217.801429
 20
10.832215
  0
SEQEND
  0
POLYLINE
  8
ETM
 70
1
 62
5
 10
0
 20
0
  0
VERTEX
 10
217.801429
 20
10.832215
  0
VERTEX
 10
218.147502
 20
-9.758109
  0
VERTEX
 10
222.046850
 20
-9.619650
  0
VERTEX
 10
221.703227
 20
10.824873
  0
SEQEND
  0
POLYLINE
  8
ETM
 70
1
 62
5
 10
0
 20
0
  0
VERTEX
 10
185.026548
 20
-45.322679
  0
VERTEX
 10
216.796576
 20
-44.173118
  0
VERTEX
 10
218.147502
 20
-9.758109
  0
VERTEX
 10
181.191878
 20
-11.095305
  0
SEQEND
  0
POLYLINE
  8
ETM
 70
1
 62
5
 10
0
 20
0
  0
VERTEX
 10
181.191878
 20
-11.095305
  0
VERTEX
 10
181.076794
 20
11.355060
  0
VERTEX
 10
177.176367
 20
11.458798
  0
VERTEX
 10
177.292720
 20
-11.239025
  0
SEQEND
  0
POLYLINE
  8
ETM
 70
1
 62
5
 10
0
 20
0
  0
VERTEX
 10
177.292720
 20
-11.239025
  0
VERTEX
 10
145.370436
 20
-12.355200
  0
VERTEX
 10
149.075602
 20
-46.596836
  0
VERTEX
 10
175.988223
 20
-45.655825
  0
SEQEND
  0
POLYLINE
  8
ETM
 70
1
 62
5
 10
0
 20
0
  0
VERTEX
 10
175.988223
 20
-45.655825
  0
VERTEX
 10
178.206631
 20
-76.793491
  0
VERTEX
 10
187.200895
 20
-75.841903
  0
VERTEX
 10
185.026548
 20
-45.322679
  0
SEQEND
  0
POLYLINE
  8
ETM
 70
1
 62
5
 10
0
 20
0
  0
VERTEX
 10
196.938496
 20
-108.878192
  0
VERTEX
 10
215.573163
 20
-107.028369
  0
VERTEX
 10
218.625848
 20
-72.722417
  0
VERTEX
 10
187.200895
 20
-75.841903
  0
SEQEND
  0
POLYLINE
  8
ETM
 70
1
 62
5
 10
0
 20
0
  0
VERTEX
 10
187.200895
 20
-75.841903
  0
VERTEX
 10
185.026548
 20
-45.322679
  0
VERTEX
 10
175.988223
 20
-45.655825
  0
VERTEX
 10
178.206631
 20
-76.793491
  0
SEQEND
  0
POLYLINE
  8
ETM
 70
1
 62
5
 10
0
 20
0
  0
VERTEX
 10
178.206631
 20
-76.793491
  0
VERTEX
 10
151.264929
 20
-79.564321
  0
VERTEX
 10
160.809286
 20
-112.656956
  0
VERTEX
 10
175.597670
 20
-111.136039
  0
SEQEND
  0
POLYLINE
  8
ETM
 70
1
 62
5
 10
0
 20
0
  0
VERTEX
 10
175.597670
 20
-111.136039
  0
VERTEX
 10
178.979608
 20
-133.653798
  0
VERTEX
 10
200.042153
 20
-129.543092
  0
VERTEX
 10
196.938496
 20
-108.878192
  0
SEQEND
  0
POLYLINE
  8
ETM
 70
1
 62
5
 10
0
 20
0
  0
VERTEX
 10
212.624244
 20
-161.604097
  0
VERTEX
 10
217.974939
 20
-160.606409
  0
VERTEX
 10
218.157090
 20
-126.165389
  0
VERTEX
 10
200.042153
 20
-129.543092
  0
SEQEND
  0
POLYLINE
  8
ETM
 70
1
 62
5
 10
0
 20
0
  0
VERTEX
 10
200.042153
 20
-129.543092
  0
VERTEX
 10
196.938496
 20
-108.878192
  0
VERTEX
 10
175.597670
 20
-111.136039
  0
VERTEX
 10
178.979608
 20
-133.653798
  0
SEQEND
  0
POLYLINE
  8
ETM
 70
1
 62
5
 10
0
 20
0
  0
VERTEX
 10
178.979608
 20
-133.653798
  0
VERTEX
 10
164.126786
 20
-136.436525
  0
VERTEX
 10
176.224156
 20
-168.683554
  0
VERTEX
 10
179.376137
 20
-168.093019
  0
SEQEND
  0
POLYLINE
  8
ETM
 70
1
 62
5
 10
0
 20
0
  0
VERTEX
 10
179.376137
 20
-168.093019
  0
VERTEX
 10
185.317329
 20
-191.134544
  0
VERTEX
 10
217.557723
 20
-180.737441
  0
VERTEX
 10
212.624244
 20
-161.604097
  0
SEQEND
  0
POLYLINE
  8
ETM
 70
1
 62
5
 10
0
 20
0
  0
VERTEX
 10
230.546299
 20
-212.635947
  0
VERTEX
 10
230.546299
 20
-212.635947
  0
VERTEX
 10
222.556086
 20
-179.134092
  0
VERTEX
 10
217.557723
 20
-180.737441
  0
SEQEND
  0
POLYLINE
  8
ETM
 70
1
 62
5
 10
0
 20
0
  0
VERTEX
 10
217.557723
 20
-180.737441
  0
VERTEX
 10
212.624244
 20
-161.604097
  0
VERTEX
 10
179.376137
 20
-168.093019
  0
VERTEX
 10
185.317329
 20
-191.134544
  0
SEQEND
  0
POLYLINE
  8
ETM
 70
1
 62
5
 10
0
 20
0
  0
VERTEX
 10
185.317329
 20
-191.134544
  0
VERTEX
 10
181.638843
 20
-192.244435
  0
VERTEX
 10
193.411463
 20
-224.611441
  0
VERTEX
 10
193.411464
 20
-224.611441
  0
SEQEND
  0
POLYLINE
  8
ETM
 70
1
 62
5
 10
0
 20
0
  0
VERTEX
 10
193.411464
 20
-224.611441
  0
VERTEX
 10
207.474296
 20
-258.626103
  0
VERTEX
 10
242.224181
 20
-240.881978
  0
VERTEX
 10
230.546299
 20
-212.635947
  0
SEQEND
  0
POLYLINE
  8
ETM
 70
1
 62
5
 10
0
 20
0
  0
VERTEX
 10
218.456121
 20
179.198087
  0
VERTEX
 10
223.622139
 20
177.271799
  0
VERTEX
 10
233.806342
 20
210.173161
  0
VERTEX
 10
232.299464
 20
210.735041
  0
SEQEND
  0
POLYLINE
  8
ETM
 70
1
 62
5
 10
0
 20
0
  0
VERTEX
 10
232.299464
 20
210.735041
  0
VERTEX
 10
245.037631
 20
240.021254
  0
VERTEX
 10
210.458390
 20
258.095672
  0
VERTEX
 10
195.500783
 20
223.706762
  0
SEQEND
  0
POLYLINE
  8
ETM
 70
1
 62
5
 10
0
 20
0
  0
VERTEX
 10
195.500783
 20
223.706762
  0
VERTEX
 10
194.506912
 20
224.026884
  0
VERTEX
 10
182.405343
 20
191.781426
  0
VERTEX
 10
186.507573
 20
190.460112
  0
SEQEND
  0
POLYLINE
  8
ETM
 70
1
 62
5
 10
0
 20
0
  0
VERTEX
 10
186.507573
 20
190.460112
  0
VERTEX
 10
179.970411
 20
167.452611
  0
VERTEX
 10
213.067562
 20
160.233087
  0
VERTEX
 10
218.456121
 20
179.198087
  0
SEQEND
  0
POLYLINE
  8
ETM
 70
1
 62
5
 10
0
 20
0
  0
VERTEX
 10
199.782484
 20
128.456929
  0
VERTEX
 10
216.630574
 20
124.716685
  0
VERTEX
 10
218.039292
 20
159.129373
  0
VERTEX
 10
213.067562
 20
160.233087
  0
SEQEND
  0
POLYLINE
  8
ETM
 70
1
 62
5
 10
0
 20
0
  0
VERTEX
 10
213.067562
 20
160.233087
  0
VERTEX
 10
218.456121
 20
179.198087
  0
VERTEX
 10
186.507573
 20
190.460112
  0
VERTEX
 10
179.970411
 20
167.452611
  0
SEQEND
  0
POLYLINE
  8
ETM
 70
1
 62
5
 10
0
 20
0
  0
VERTEX
 10
179.970411
 20
167.452611
  0
VERTEX
 10
176.715198
 20
168.116543
  0
VERTEX
 10
164.297128
 20
135.991643
  0
VERTEX
 10
178.815570
 20
133.030467
  0
SEQEND
  0
POLYLINE
  8
ETM
 70
1
 62
5
 10
0
 20
0
  0
VERTEX
 10
178.815570
 20
133.030467
  0
VERTEX
 10
175.186337
 20
110.904364
  0
VERTEX
 10
196.515655
 20
108.540265
  0
VERTEX
 10
199.782484
 20
128.456929
  0
SEQEND
  0
POLYLINE
  8
ETM
 70
1
 62
5
 10
0
 20
0
  0
VERTEX
 10
186.613645
 20
75.552872
  0
VERTEX
 10
216.641392
 20
72.429711
  0
VERTEX
 10
213.739873
 20
106.748789
  0
VERTEX
 10
196.515655
 20
108.540265
  0
SEQEND
  0
POLYLINE
  8
ETM
 70
1
 62
5
 10
0
 20
0
  0
VERTEX
 10
196.515655
 20
108.540265
  0
VERTEX
 10
199.782484
 20
128.456929
  0
VERTEX
 10
178.815570
 20
133.030467
  0
VERTEX
 10
175.186337
 20
110.904364
  0
SEQEND
  0
POLYLINE
  8
ETM
 70
1
 62
5
 10
0
 20
0
  0
VERTEX
 10
175.186337
 20
110.904364
  0
VERTEX
 10
160.847045
 20
112.442334
  0
VERTEX
 10
151.178853
 20
79.385657
  0
VERTEX
 10
177.624233
 20
76.549241
  0
SEQEND
  0
POLYLINE
  8
ETM
 70
1
 62
5
 10
0
 20
0
  0
VERTEX
 10
177.624233
 20
76.549241
  0
VERTEX
 10
175.519096
 20
45.860411
  0
VERTEX
 10
184.560361
 20
45.619944
  0
VERTEX
 10
186.613645
 20
75.552872
  0
SEQEND
  0
POLYLINE
  8
ETM
 70
1
 62
5
 10
0
 20
0
  0
VERTEX
 10
181.076794
 20
11.355060
  0
VERTEX
 10
217.801429
 20
10.832215
  0
VERTEX
 10
215.294727
 20
45.182382
  0
VERTEX
 10
184.560361
 20
45.619944
  0
SEQEND
  0
POLYLINE
  8
ETM
 70
1
 62
5
 10
0
 20
0
  0
VERTEX
 10
184.560361
 20
45.619944
  0
VERTEX
 10
186.613645
 20
75.552872
  0
VERTEX
 10
177.624233
 20
76.549241
  0
VERTEX
 10
175.519096
 20
45.860411
  0
SEQEND
  0
POLYLINE
  8
ETM
 70
1
 62
5
 10
0
 20
0
  0
VERTEX
 10
175.519096
 20
45.860411
  0
VERTEX
 10
148.976559
 20
46.624053
  0
VERTEX
 10
145.344162
 20
12.374627
  0
VERTEX
 10
177.176367
 20
11.458798
  0
SEQEND
  0
POLYLINE
  8
ETM
 70
1
 62
5
 10
0
 20
0
  0
VERTEX
 10
177.176367
 20
11.458798
  0
VERTEX
 10
177.292720
 20
-11.239025
  0
VERTEX
 10
181.191878
 20
-11.095305
  0
VERTEX
 10
181.076794
 20
11.355060
  0
SEQEND
  0
POLYLINE
  8
ETM
 70
1
 62
5
 10
0
 20
0
  0
VERTEX
 10
149.075602
 20
-46.596836
  0
VERTEX
 10
175.988223
 20
-45.655825
  0
VERTEX
 10
177.292720
 20
-11.239025
  0
VERTEX
 10
145.370436
 20
-12.355200
  0
SEQEND
  0
POLYLINE
  8
ETM
 70
1
 62
5
 10
0
 20
0
  0
VERTEX
 10
145.370436
 20
-12.355200
  0
VERTEX
 10
145.344162
 20
12.374627
  0
VERTEX
 10
141.444222
 20
12.495309
  0
VERTEX
 10
141.470761
 20
-12.484169
  0
SEQEND
  0
POLYLINE
  8
ETM
 70
1
 62
5
 10
0
 20
0
  0
VERTEX
 10
141.470761
 20
-12.484169
  0
VERTEX
 10
110.409426
 20
-13.413611
  0
VERTEX
 10
113.899083
 20
-47.677881
  0
VERTEX
 10
140.036078
 20
-46.895789
  0
SEQEND
  0
POLYLINE
  8
ETM
 70
1
 62
5
 10
0
 20
0
  0
VERTEX
 10
140.036078
 20
-46.895789
  0
VERTEX
 10
142.265254
 20
-80.463327
  0
VERTEX
 10
151.264929
 20
-79.564321
  0
VERTEX
 10
149.075602
 20
-46.596836
  0
SEQEND
  0
POLYLINE
  8
ETM
 70
1
 62
5
 10
0
 20
0
  0
VERTEX
 10
160.809286
 20
-112.656956
  0
VERTEX
 10
175.597670
 20
-111.136039
  0
VERTEX
 10
178.206631
 20
-76.793491
  0
VERTEX
 10
151.264929
 20
-79.564321
  0
SEQEND
  0
POLYLINE
  8
ETM
 70
1
 62
5
 10
0
 20
0
  0
VERTEX
 10
151.264929
 20
-79.564321
  0
VERTEX
 10
149.075602
 20
-46.596836
  0
VERTEX
 10
140.036078
 20
-46.895789
  0
VERTEX
 10
142.265254
 20
-80.463327
  0
SEQEND
  0
POLYLINE
  8
ETM
 70
1
 62
5
 10
0
 20
0
  0
VERTEX
 10
142.265254
 20
-80.463327
  0
VERTEX
 10
115.817032
 20
-82.872491
  0
VERTEX
 10
124.782587
 20
-116.126604
  0
VERTEX
 10
139.455625
 20
-114.790039
  0
SEQEND
  0
POLYLINE
  8
ETM
 70
1
 62
5
 10
0
 20
0
  0
VERTEX
 10
139.455625
 20
-114.790039
  0
VERTEX
 10
143.004664
 20
-140.229261
  0
VERTEX
 10
164.126786
 20
-136.436525
  0
VERTEX
 10
160.809286
 20
-112.656956
  0
SEQEND
  0
POLYLINE
  8
ETM
 70
1
 62
5
 10
0
 20
0
  0
VERTEX
 10
176.224156
 20
-168.683554
  0
VERTEX
 10
179.376137
 20
-168.093019
  0
VERTEX
 10
178.979608
 20
-133.653798
  0
VERTEX
 10
164.126786
 20
-136.436525
  0
SEQEND
  0
POLYLINE
  8
ETM
 70
1
 62
5
 10
0
 20
0
  0
VERTEX
 10
164.126786
 20
-136.436525
  0
VERTEX
 10
160.809286
 20
-112.656956
  0
VERTEX
 10
139.455625
 20
-114.790039
  0
VERTEX
 10
143.004664
 20
-140.229261
  0
SEQEND
  0
POLYLINE
  8
ETM
 70
1
 62
5
 10
0
 20
0
  0
VERTEX
 10
143.004664
 20
-140.229261
  0
VERTEX
 10
127.802847
 20
-142.697483
  0
VERTEX
 10
138.815973
 20
-175.330721
  0
VERTEX
 10
142.882002
 20
-174.670545
  0
SEQEND
  0
POLYLINE
  8
ETM
 70
1
 62
5
 10
0
 20
0
  0
VERTEX
 10
142.882002
 20
-174.670545
  0
VERTEX
 10
149.028213
 20
-201.414502
  0
VERTEX
 10
181.638843
 20
-192.244435
  0
VERTEX
 10
176.224156
 20
-168.683554
  0
SEQEND
  0
POLYLINE
  8
ETM
 70
1
 62
5
 10
0
 20
0
  0
VERTEX
 10
193.411463
 20
-224.611441
  0
VERTEX
 10
193.411464
 20
-224.611441
  0
VERTEX
 10
185.317329
 20
-191.134544
  0
VERTEX
 10
181.638843
 20
-192.244435
  0
SEQEND
  0
POLYLINE
  8
ETM
 70
1
 62
5
 10
0
 20
0
  0
VERTEX
 10
181.638843
 20
-192.244435
  0
VERTEX
 10
176.224156
 20
-168.683554
  0
VERTEX
 10
142.882002
 20
-174.670545
  0
VERTEX
 10
149.028213
 20
-201.414502
  0
SEQEND
  0
POLYLINE
  8
ETM
 70
1
 62
5
 10
0
 20
0
  0
VERTEX
 10
149.028213
 20
-201.414502
  0
VERTEX
 10
143.810625
 20
-202.720718
  0
VERTEX
 10
153.699538
 20
-235.712037
  0
VERTEX
 10
155.850179
 20
-235.173627
  0
SEQEND
  0
POLYLINE
  8
ETM
 70
1
 62
5
 10
0
 20
0
  0
VERTEX
 10
155.850179
 20
-235.173627
  0
VERTEX
 10
169.383486
 20
-274.397229
  0
VERTEX
 10
205.466308
 20
-259.550012
  0
VERTEX
 10
193.411463
 20
-224.611441
  0
SEQEND
  0
POLYLINE
  8
ETM
 70
1
 62
5
 10
0
 20
0
  0
VERTEX
 10
182.405343
 20
191.781426
  0
VERTEX
 10
186.507573
 20
190.460112
  0
VERTEX
 10
195.500783
 20
223.706762
  0
VERTEX
 10
194.506912
 20
224.026884
  0
SEQEND
  0
POLYLINE
  8
ETM
 70
1
 62
5
 10
0
 20
0
  0
VERTEX
 10
194.506912
 20
224.026884
  0
VERTEX
 10
207.038686
 20
259.691305
  0
VERTEX
 10
170.972895
 20
274.579845
  0
VERTEX
 10
157.055119
 20
234.970973
  0
SEQEND
  0
POLYLINE
  8
ETM
 70
1
 62
5
 10
0
 20
0
  0
VERTEX
 10
157.055119
 20
234.970973
  0
VERTEX
 10
154.235056
 20
235.696264
  0
VERTEX
 10
144.258034
 20
202.731484
  0
VERTEX
 10
149.889770
 20
201.283060
  0
SEQEND
  0
POLYLINE
  8
ETM
 70
1
 62
5
 10
0
 20
0
  0
VERTEX
 10
149.889770
 20
201.283060
  0
VERTEX
 10
143.434347
 20
174.435448
  0
VERTEX
 10
176.715198
 20
168.116543
  0
VERTEX
 10
182.405343
 20
191.781426
  0
SEQEND
  0
POLYLINE
  8
ETM
 70
1
 62
5
 10
0
 20
0
  0
VERTEX
 10
164.297128
 20
135.991643
  0
VERTEX
 10
178.815570
 20
133.030467
  0
VERTEX
 10
179.970411
 20
167.452611
  0
VERTEX
 10
176.715198
 20
168.116543
  0
SEQEND
  0
POLYLINE
  8
ETM
 70
1
 62
5
 10
0
 20
0
  0
VERTEX
 10
176.715198
 20
168.116543
  0
VERTEX
 10
182.405343
 20
191.781426
  0
VERTEX
 10
149.889770
 20
201.283060
  0
VERTEX
 10
143.434347
 20
174.435448
  0
SEQEND
  0
POLYLINE
  8
ETM
 70
1
 62
5
 10
0
 20
0
  0
VERTEX
 10
143.434347
 20
174.435448
  0
VERTEX
 10
139.137238
 20
175.163762
  0
VERTEX
 10
127.996739
 20
142.573782
  0
VERTEX
 10
143.213842
 20
139.994645
  0
SEQEND
  0
POLYLINE
  8
ETM
 70
1
 62
5
 10
0
 20
0
  0
VERTEX
 10
143.213842
 20
139.994645
  0
VERTEX
 10
139.501518
 20
114.655350
  0
VERTEX
 10
160.847045
 20
112.442334
  0
VERTEX
 10
164.297128
 20
135.991643
  0
SEQEND
  0
POLYLINE
  8
ETM
 70
1
 62
5
 10
0
 20
0
  0
VERTEX
 10
151.178853
 20
79.385657
  0
VERTEX
 10
177.624233
 20
76.549241
  0
VERTEX
 10
175.186337
 20
110.904364
  0
VERTEX
 10
160.847045
 20
112.442334
  0
SEQEND
  0
POLYLINE
  8
ETM
 70
1
 62
5
 10
0
 20
0
  0
VERTEX
 10
160.847045
 20
112.442334
  0
VERTEX
 10
164.297128
 20
135.991643
  0
VERTEX
 10
143.213842
 20
139.994645
  0
VERTEX
 10
139.501518
 20
114.655350
  0
SEQEND
  0
POLYLINE
  8
ETM
 70
1
 62
5
 10
0
 20
0
  0
VERTEX
 10
139.501518
 20
114.655350
  0
VERTEX
 10
124.897920
 20
116.029045
  0
VERTEX
 10
115.860662
 20
82.794338
  0
VERTEX
 10
142.182609
 20
80.318351
  0
SEQEND
  0
POLYLINE
  8
ETM
 70
1
 62
5
 10
0
 20
0
  0
VERTEX
 10
142.182609
 20
80.318351
  0
VERTEX
 10
139.936422
 20
46.903797
  0
VERTEX
 10
148.976559
 20
46.624053
  0
VERTEX
 10
151.178853
 20
79.385657
  0
SEQEND
  0
POLYLINE
  8
ETM
 70
1
 62
5
 10
0
 20
0
  0
VERTEX
 10
145.344162
 20
12.374627
  0
VERTEX
 10
177.176367
 20
11.458798
  0
VERTEX
 10
175.519096
 20
45.860411
  0
VERTEX
 10
148.976559
 20
46.624053
  0
SEQEND
  0
POLYLINE
  8
ETM
 70
1
 62
5
 10
0
 20
0
  0
VERTEX
 10
148.976559
 20
46.624053
  0
VERTEX
 10
151.178853
 20
79.385657
  0
VERTEX
 10
142.182609
 20
80.318351
  0
VERTEX
 10
139.936422
 20
46.903797
  0
SEQEND
  0
POLYLINE
  8
ETM
 70
1
 62
5
 10
0
 20
0
  0
VERTEX
 10
139.936422
 20
46.903797
  0
VERTEX
 10
113.905454
 20
47.656778
  0
VERTEX
 10
110.411217
 20
13.392980
  0
VERTEX
 10
141.444222
 20
12.495309
  0
SEQEND
  0
POLYLINE
  8
ETM
 70
1
 62
5
 10
0
 20
0
  0
VERTEX
 10
141.444222
 20
12.495309
  0
VERTEX
 10
141.470761
 20
-12.484169
  0
VERTEX
 10
145.370436
 20
-12.355200
  0
VERTEX
 10
145.344162
 20
12.374627
  0
SEQEND
  0
POLYLINE
  8
ETM
 70
1
 62
5
 10
0
 20
0
  0
VERTEX
 10
113.899083
 20
-47.677881
  0
VERTEX
 10
140.036078
 20
-46.895789
  0
VERTEX
 10
141.470761
 20
-12.484169
  0
VERTEX
 10
110.409426
 20
-13.413611
  0
SEQEND
  0
POLYLINE
  8
ETM
 70
1
 62
5
 10
0
 20
0
  0
VERTEX
 10
110.409426
 20
-13.413611
  0
VERTEX
 10
110.411217
 20
13.392980
  0
VERTEX
 10
106.510823
 20
13.497933
  0
VERTEX
 10
106.509017
 20
-13.518042
  0
SEQEND
  0
POLYLINE
  8
ETM
 70
1
 62
5
 10
0
 20
0
  0
VERTEX
 10
106.509017
 20
-13.518042
  0
VERTEX
 10
74.749762
 20
-14.241750
  0
VERTEX
 10
77.966248
 20
-48.532741
  0
VERTEX
 10
104.857857
 20
-47.919954
  0
SEQEND
  0
POLYLINE
  8
ETM
 70
1
 62
5
 10
0
 20
0
  0
VERTEX
 10
104.857857
 20
-47.919954
  0
VERTEX
 10
106.803041
 20
-83.614346
  0
VERTEX
 10
115.817032
 20
-82.872491
  0
VERTEX
 10
113.899083
 20
-47.677881
  0
SEQEND
  0
POLYLINE
  8
ETM
 70
1
 62
5
 10
0
 20
0
  0
VERTEX
 10
124.782587
 20
-116.126604
  0
VERTEX
 10
139.455625
 20
-114.790039
  0
VERTEX
 10
142.265254
 20
-80.463327
  0
VERTEX
 10
115.817032
 20
-82.872491
  0
SEQEND
  0
POLYLINE
  8
ETM
 70
1
 62
5
 10
0
 20
0
  0
VERTEX
 10
115.817032
 20
-82.872491
  0
VERTEX
 10
113.899083
 20
-47.677881
  0
VERTEX
 10
104.857857
 20
-47.919954
  0
VERTEX
 10
106.803041
 20
-83.614346
  0
SEQEND
  0
POLYLINE
  8
ETM
 70
1
 62
5
 10
0
 20
0
  0
VERTEX
 10
106.803041
 20
-83.614346
  0
VERTEX
 10
79.385688
 20
-85.536665
  0
VERTEX
 10
87.542821
 20
-118.998261
  0
VERTEX
 10
103.394961
 20
-117.886816
  0
SEQEND
  0
POLYLINE
  8
ETM
 70
1
 62
5
 10
0
 20
0
  0
VERTEX
 10
103.394961
 20
-117.886816
  0
VERTEX
 10
106.565791
 20
-145.782336
  0
VERTEX
 10
127.802847
 20
-142.697483
  0
VERTEX
 10
124.782587
 20
-116.126604
  0
SEQEND
  0
POLYLINE
  8
ETM
 70
1
 62
5
 10
0
 20
0
  0
VERTEX
 10
138.815973
 20
-175.330721
  0
VERTEX
 10
142.882002
 20
-174.670545
  0
VERTEX
 10
143.004664
 20
-140.229261
  0
VERTEX
 10
127.802847
 20
-142.697483
  0
SEQEND
  0
POLYLINE
  8
ETM
 70
1
 62
5
 10
0
 20
0
  0
VERTEX
 10
127.802847
 20
-142.697483
  0
VERTEX
 10
124.782587
 20
-116.126604
  0
VERTEX
 10
103.394961
 20
-117.886816
  0
VERTEX
 10
106.565791
 20
-145.782336
  0
SEQEND
  0
POLYLINE
  8
ETM
 70
1
 62
5
 10
0
 20
0
  0
VERTEX
 10
106.565791
 20
-145.782336
  0
VERTEX
 10
89.834935
 20
-147.841905
  0
VERTEX
 10
99.417535
 20
-180.923485
  0
VERTEX
 10
105.292389
 20
-180.200290
  0
SEQEND
  0
POLYLINE
  8
ETM
 70
1
 62
5
 10
0
 20
0
  0
VERTEX
 10
105.292389
 20
-180.200290
  0
VERTEX
 10
110.725981
 20
-209.997369
  0
VERTEX
 10
143.810625
 20
-202.720718
  0
VERTEX
 10
138.815973
 20
-175.330721
  0
SEQEND
  0
POLYLINE
  8
ETM
 70
1
 62
5
 10
0
 20
0
  0
VERTEX
 10
153.699538
 20
-235.712037
  0
VERTEX
 10
155.850179
 20
-235.173627
  0
VERTEX
 10
149.028213
 20
-201.414502
  0
VERTEX
 10
143.810625
 20
-202.720718
  0
SEQEND
  0
POLYLINE
  8
ETM
 70
1
 62
5
 10
0
 20
0
  0
VERTEX
 10
143.810625
 20
-202.720718
  0
VERTEX
 10
138.815973
 20
-175.330721
  0
VERTEX
 10
105.292389
 20
-180.200290
  0
VERTEX
 10
110.725981
 20
-209.997369
  0
SEQEND
  0
POLYLINE
  8
ETM
 70
1
 62
5
 10
0
 20
0
  0
VERTEX
 10
110.725981
 20
-209.997369
  0
VERTEX
 10
103.238582
 20
-211.380679
  0
VERTEX
 10
110.876271
 20
-244.964655
  0
VERTEX
 10
115.592283
 20
-244.093364
  0
SEQEND
  0
POLYLINE
  8
ETM
 70
1
 62
5
 10
0
 20
0
  0
VERTEX
 10
115.592283
 20
-244.093364
  0
VERTEX
 10
127.075671
 20
-287.680538
  0
VERTEX
 10
164.365837
 20
-276.197815
  0
VERTEX
 10
153.699538
 20
-235.712037
  0
SEQEND
  0
POLYLINE
  8
ETM
 70
1
 62
5
 10
0
 20
0
  0
VERTEX
 10
144.258034
 20
202.731484
  0
VERTEX
 10
149.889770
 20
201.283060
  0
VERTEX
 10
157.055119
 20
234.970973
  0
VERTEX
 10
154.235056
 20
235.696264
  0
SEQEND
  0
POLYLINE
  8
ETM
 70
1
 62
5
 10
0
 20
0
  0
VERTEX
 10
154.235056
 20
235.696264
  0
VERTEX
 10
165.040204
 20
276.703893
  0
VERTEX
 10
127.720197
 20
288.089260
  0
VERTEX
 10
116.150331
 20
244.179376
  0
SEQEND
  0
POLYLINE
  8
ETM
 70
1
 62
5
 10
0
 20
0
  0
VERTEX
 10
116.150331
 20
244.179376
  0
VERTEX
 10
110.993744
 20
245.137081
  0
VERTEX
 10
103.382618
 20
211.547075
  0
VERTEX
 10
111.192945
 20
210.096506
  0
SEQEND
  0
POLYLINE
  8
ETM
 70
1
 62
5
 10
0
 20
0
  0
VERTEX
 10
111.192945
 20
210.096506
  0
VERTEX
 10
105.632925
 20
180.164228
  0
VERTEX
 10
139.137238
 20
175.163762
  0
VERTEX
 10
144.258034
 20
202.731484
  0
SEQEND
  0
POLYLINE
  8
ETM
 70
1
 62
5
 10
0
 20
0
  0
VERTEX
 10
127.996739
 20
142.573782
  0
VERTEX
 10
143.213842
 20
139.994645
  0
VERTEX
 10
143.434347
 20
174.435448
  0
VERTEX
 10
139.137238
 20
175.163762
  0
SEQEND
  0
POLYLINE
  8
ETM
 70
1
 62
5
 10
0
 20
0
  0
VERTEX
 10
139.137238
 20
175.163762
  0
VERTEX
 10
144.258034
 20
202.731484
  0
VERTEX
 10
111.192945
 20
210.096506
  0
VERTEX
 10
105.632925
 20
180.164228
  0
SEQEND
  0
POLYLINE
  8
ETM
 70
1
 62
5
 10
0
 20
0
  0
VERTEX
 10
105.632925
 20
180.164228
  0
VERTEX
 10
99.540753
 20
180.928824
  0
VERTEX
 10
89.930686
 20
147.855206
  0
VERTEX
 10
106.771891
 20
145.741556
  0
SEQEND
  0
POLYLINE
  8
ETM
 70
1
 62
5
 10
0
 20
0
  0
VERTEX
 10
106.771891
 20
145.741556
  0
VERTEX
 10
103.514138
 20
117.835382
  0
VERTEX
 10
124.897920
 20
116.029045
  0
VERTEX
 10
127.996739
 20
142.573782
  0
SEQEND
  0
POLYLINE
  8
ETM
 70
1
 62
5
 10
0
 20
0
  0
VERTEX
 10
115.860662
 20
82.794338
  0
VERTEX
 10
142.182609
 20
80.318351
  0
VERTEX
 10
139.501518
 20
114.655350
  0
VERTEX
 10
124.897920
 20
116.029045
  0
SEQEND
  0
POLYLINE
  8
ETM
 70
1
 62
5
 10
0
 20
0
  0
VERTEX
 10
124.897920
 20
116.029045
  0
VERTEX
 10
127.996739
 20
142.573782
  0
VERTEX
 10
106.771891
 20
145.741556
  0
VERTEX
 10
103.514138
 20
117.835382
  0
SEQEND
  0
POLYLINE
  8
ETM
 70
1
 62
5
 10
0
 20
0
  0
VERTEX
 10
103.514138
 20
117.835382
  0
VERTEX
 10
87.611284
 20
118.974360
  0
VERTEX
 10
79.425917
 20
85.519653
  0
VERTEX
 10
106.848295
 20
83.555635
  0
SEQEND
  0
POLYLINE
  8
ETM
 70
1
 62
5
 10
0
 20
0
  0
VERTEX
 10
106.848295
 20
83.555635
  0
VERTEX
 10
104.864263
 20
47.900060
  0
VERTEX
 10
113.905454
 20
47.656778
  0
VERTEX
 10
115.860662
 20
82.794338
  0
SEQEND
  0
POLYLINE
  8
ETM
 70
1
 62
5
 10
0
 20
0
  0
VERTEX
 10
110.411217
 20
13.392980
  0
VERTEX
 10
141.444222
 20
12.495309
  0
VERTEX
 10
139.936422
 20
46.903797
  0
VERTEX
 10
113.905454
 20
47.656778
  0
SEQEND
  0
POLYLINE
  8
ETM
 70
1
 62
5
 10
0
 20
0
  0
VERTEX
 10
113.905454
 20
47.656778
  0
VERTEX
 10
115.860662
 20
82.794338
  0
VERTEX
 10
106.848295
 20
83.555635
  0
VERTEX
 10
104.864263
 20
47.900060
  0
SEQEND
  0
POLYLINE
  8
ETM
 70
1
 62
5
 10
0
 20
0
  0
VERTEX
 10
104.864263
 20
47.900060
  0
VERTEX
 10
77.984151
 20
48.519345
  0
VERTEX
 10
74.755014
 20
14.229548
  0
VERTEX
 10
106.510823
 20
13.497933
  0
SEQEND
  0
POLYLINE
  8
ETM
 70
1
 62
5
 10
0
 20
0
  0
VERTEX
 10
106.510823
 20
13.497933
  0
VERTEX
 10
106.509017
 20
-13.518042
  0
VERTEX
 10
110.409426
 20
-13.413611
  0
VERTEX
 10
110.411217
 20
13.392980
  0
SEQEND
  0
POLYLINE
  8
ETM
 70
1
 62
5
 10
0
 20
0
  0
VERTEX
 10
77.966248
 20
-48.532741
  0
VERTEX
 10
104.857857
 20
-47.919954
  0
VERTEX
 10
106.509017
 20
-13.518042
  0
VERTEX
 10
74.749762
 20
-14.241750
  0
SEQEND
  0
POLYLINE
  8
ETM
 70
1
 62
5
 10
0
 20
0
  0
VERTEX
 10
74.749762
 20
-14.241750
  0
VERTEX
 10
74.755014
 20
14.229548
  0
VERTEX
 10
70.853924
 20
14.304332
  0
VERTEX
 10
70.848645
 20
-14.315095
  0
SEQEND
  0
POLYLINE
  8
ETM
 70
1
 62
5
 10
0
 20
0
  0
VERTEX
 10
70.848645
 20
-14.315095
  0
VERTEX
 10
38.509319
 20
-14.776149
  0
VERTEX
 10
41.414111
 20
-49.094949
  0
VERTEX
 10
68.923383
 20
-48.702756
  0
SEQEND
  0
POLYLINE
  8
ETM
 70
1
 62
5
 10
0
 20
0
  0
VERTEX
 10
68.923383
 20
-48.702756
  0
VERTEX
 10
70.356371
 20
-86.059884
  0
VERTEX
 10
79.385688
 20
-85.536665
  0
VERTEX
 10
77.966248
 20
-48.532741
  0
SEQEND
  0
POLYLINE
  8
ETM
 70
1
 62
5
 10
0
 20
0
  0
VERTEX
 10
87.542821
 20
-118.998261
  0
VERTEX
 10
103.394961
 20
-117.886816
  0
VERTEX
 10
106.803041
 20
-83.614346
  0
VERTEX
 10
79.385688
 20
-85.536665
  0
SEQEND
  0
POLYLINE
  8
ETM
 70
1
 62
5
 10
0
 20
0
  0
VERTEX
 10
79.385688
 20
-85.536665
  0
VERTEX
 10
77.966248
 20
-48.532741
  0
VERTEX
 10
68.923383
 20
-48.702756
  0
VERTEX
 10
70.356371
 20
-86.059884
  0
SEQEND
  0
POLYLINE
  8
ETM
 70
1
 62
5
 10
0
 20
0
  0
VERTEX
 10
70.356371
 20
-86.059884
  0
VERTEX
 10
42.170759
 20
-87.297691
  0
VERTEX
 10
49.388317
 20
-120.974449
  0
VERTEX
 10
66.118823
 20
-120.239707
  0
SEQEND
  0
POLYLINE
  8
ETM
 70
1
 62
5
 10
0
 20
0
  0
VERTEX
 10
66.118823
 20
-120.239707
  0
VERTEX
 10
68.483755
 20
-149.999669
  0
VERTEX
 10
89.834935
 20
-147.841905
  0
VERTEX
 10
87.542821
 20
-118.998261
  0
SEQEND
  0
POLYLINE
  8
ETM
 70
1
 62
5
 10
0
 20
0
  0
VERTEX
 10
99.417535
 20
-180.923485
  0
VERTEX
 10
105.292389
 20
-180.200290
  0
VERTEX
 10
106.565791
 20
-145.782336
  0
VERTEX
 10
89.834935
 20
-147.841905
  0
SEQEND
  0
POLYLINE
  8
ETM
 70
1
 62
5
 10
0
 20
0
  0
VERTEX
 10
89.834935
 20
-147.841905
  0
VERTEX
 10
87.542821
 20
-118.998261
  0
VERTEX
 10
66.118823
 20
-120.239707
  0
VERTEX
 10
68.483755
 20
-149.999669
  0
SEQEND
  0
POLYLINE
  8
ETM
 70
1
 62
5
 10
0
 20
0
  0
VERTEX
 10
68.483755
 20
-149.999669
  0
VERTEX
 10
50.631167
 20
-151.364226
  0
VERTEX
 10
58.586452
 20
-184.874383
  0
VERTEX
 10
65.713806
 20
-184.329606
  0
SEQEND
  0
POLYLINE
  8
ETM
 70
1
 62
5
 10
0
 20
0
  0
VERTEX
 10
65.713806
 20
-184.329606
  0
VERTEX
 10
69.737963
 20
-216.405767
  0
VERTEX
 10
103.238582
 20
-211.380679
  0
VERTEX
 10
99.417535
 20
-180.923485
  0
SEQEND
  0
POLYLINE
  8
ETM
 70
1
 62
5
 10
0
 20
0
  0
VERTEX
 10
110.876271
 20
-244.964655
  0
VERTEX
 10
115.592283
 20
-244.093364
  0
VERTEX
 10
110.725981
 20
-209.997369
  0
VERTEX
 10
103.238582
 20
-211.380679
  0
SEQEND
  0
POLYLINE
  8
ETM
 70
1
 62
5
 10
0
 20
0
  0
VERTEX
 10
103.238582
 20
-211.380679
  0
VERTEX
 10
99.417535
 20
-180.923485
  0
VERTEX
 10
65.713806
 20
-184.329606
  0
VERTEX
 10
69.737963
 20
-216.405767
  0
SEQEND
  0
POLYLINE
  8
ETM
 70
1
 62
5
 10
0
 20
0
  0
VERTEX
 10
69.737963
 20
-216.405767
  0
VERTEX
 10
60.674839
 20
-217.430404
  0
VERTEX
 10
65.855524
 20
-251.480047
  0
VERTEX
 10
72.289885
 20
-250.752607
  0
SEQEND
  0
POLYLINE
  8
ETM
 70
1
 62
5
 10
0
 20
0
  0
VERTEX
 10
72.289885
 20
-250.752607
  0
VERTEX
 10
80.600307
 20
-297.622206
  0
VERTEX
 10
118.824393
 20
-289.790936
  0
VERTEX
 10
110.876271
 20
-244.964655
  0
SEQEND
  0
POLYLINE
  8
ETM
 70
1
 62
5
 10
0
 20
0
  0
VERTEX
 10
103.382618
 20
211.547075
  0
VERTEX
 10
111.192945
 20
210.096506
  0
VERTEX
 10
116.150331
 20
244.179376
  0
VERTEX
 10
110.993744
 20
245.137081
  0
SEQEND
  0
POLYLINE
  8
ETM
 70
1
 62
5
 10
0
 20
0
  0
VERTEX
 10
110.993744
 20
245.137081
  0
VERTEX
 10
118.884933
 20
290.316337
  0
VERTEX
 10
80.627211
 20
297.981601
  0
VERTEX
 10
72.402792
 20
250.894513
  0
SEQEND
  0
POLYLINE
  8
ETM
 70
1
 62
5
 10
0
 20
0
  0
VERTEX
 10
72.402792
 20
250.894513
  0
VERTEX
 10
65.715092
 20
251.640046
  0
VERTEX
 10
60.613575
 20
217.578451
  0
VERTEX
 10
69.878034
 20
216.545666
  0
SEQEND
  0
POLYLINE
  8
ETM
 70
1
 62
5
 10
0
 20
0
  0
VERTEX
 10
69.878034
 20
216.545666
  0
VERTEX
 10
65.839863
 20
184.362928
  0
VERTEX
 10
99.540753
 20
180.928824
  0
VERTEX
 10
103.382618
 20
211.547075
  0
SEQEND
  0
POLYLINE
  8
ETM
 70
1
 62
5
 10
0
 20
0
  0
VERTEX
 10
89.930686
 20
147.855206
  0
VERTEX
 10
106.771891
 20
145.741556
  0
VERTEX
 10
105.632925
 20
180.164228
  0
VERTEX
 10
99.540753
 20
180.928824
  0
SEQEND
  0
POLYLINE
  8
ETM
 70
1
 62
5
 10
0
 20
0
  0
VERTEX
 10
99.540753
 20
180.928824
  0
VERTEX
 10
103.382618
 20
211.547075
  0
VERTEX
 10
69.878034
 20
216.545666
  0
VERTEX
 10
65.839863
 20
184.362928
  0
SEQEND
  0
POLYLINE
  8
ETM
 70
1
 62
5
 10
0
 20
0
  0
VERTEX
 10
65.839863
 20
184.362928
  0
VERTEX
 10
58.567146
 20
184.919522
  0
VERTEX
 10
50.633219
 20
151.404296
  0
VERTEX
 10
68.581307
 20
150.030698
  0
SEQEND
  0
POLYLINE
  8
ETM
 70
1
 62
5
 10
0
 20
0
  0
VERTEX
 10
68.581307
 20
150.030698
  0
VERTEX
 10
66.188344
 20
120.233885
  0
VERTEX
 10
87.611284
 20
118.974360
  0
VERTEX
 10
89.930686
 20
147.855206
  0
SEQEND
  0
POLYLINE
  8
ETM
 70
1
 62
5
 10
0
 20
0
  0
VERTEX
 10
79.425917
 20
85.519653
  0
VERTEX
 10
106.848295
 20
83.555635
  0
VERTEX
 10
103.514138
 20
117.835382
  0
VERTEX
 10
87.611284
 20
118.974360
  0
SEQEND
  0
POLYLINE
  8
ETM
 70
1
 62
5
 10
0
 20
0
  0
VERTEX
 10
87.611284
 20
118.974360
  0
VERTEX
 10
89.930686
 20
147.855206
  0
VERTEX
 10
68.581307
 20
150.030698
  0
VERTEX
 10
66.188344
 20
120.233885
  0
SEQEND
  0
POLYLINE
  8
ETM
 70
1
 62
5
 10
0
 20
0
  0
VERTEX
 10
66.188344
 20
120.233885
  0
VERTEX
 10
49.398312
 20
120.978504
  0
VERTEX
 10
42.180099
 20
87.301878
  0
VERTEX
 10
70.397044
 20
86.050489
  0
SEQEND
  0
POLYLINE
  8
ETM
 70
1
 62
5
 10
0
 20
0
  0
VERTEX
 10
70.397044
 20
86.050489
  0
VERTEX
 10
68.941348
 20
48.692696
  0
VERTEX
 10
77.984151
 20
48.519345
  0
VERTEX
 10
79.425917
 20
85.519653
  0
SEQEND
  0
POLYLINE
  8
ETM
 70
1
 62
5
 10
0
 20
0
  0
VERTEX
 10
74.755014
 20
14.229548
  0
VERTEX
 10
106.510823
 20
13.497933
  0
VERTEX
 10
104.864263
 20
47.900060
  0
VERTEX
 10
77.984151
 20
48.519345
  0
SEQEND
  0
POLYLINE
  8
ETM
 70
1
 62
5
 10
0
 20
0
  0
VERTEX
 10
77.984151
 20
48.519345
  0
VERTEX
 10
79.425917
 20
85.519653
  0
VERTEX
 10
70.397044
 20
86.050489
  0
VERTEX
 10
68.941348
 20
48.692696
  0
SEQEND
  0
POLYLINE
  8
ETM
 70
1
 62
5
 10
0
 20
0
  0
VERTEX
 10
68.941348
 20
48.692696
  0
VERTEX
 10
41.420463
 20
49.091912
  0
VERTEX
 10
38.511231
 20
14.773493
  0
VERTEX
 10
70.853924
 20
14.304332
  0
SEQEND
  0
POLYLINE
  8
ETM
 70
1
 62
5
 10
0
 20
0
  0
VERTEX
 10
70.853924
 20
14.304332
  0
VERTEX
 10
70.848645
 20
-14.315095
  0
VERTEX
 10
74.749762
 20
-14.241750
  0
VERTEX
 10
74.755014
 20
14.229548
  0
SEQEND
  0
POLYLINE
  8
ETM
 70
1
 62
5
 10
0
 20
0
  0
VERTEX
 10
41.414111
 20
-49.094949
  0
VERTEX
 10
68.923383
 20
-48.702756
  0
VERTEX
 10
70.848645
 20
-14.315095
  0
VERTEX
 10
38.509319
 20
-14.776149
  0
SEQEND
  0
POLYLINE
  8
ETM
 70
1
 62
5
 10
0
 20
0
  0
VERTEX
 10
38.509319
 20
-14.776149
  0
VERTEX
 10
38.511231
 20
14.773493
  0
VERTEX
 10
34.609613
 20
14.811894
  0
VERTEX
 10
34.607696
 20
-14.814045
  0
SEQEND
  0
POLYLINE
  8
ETM
 70
1
 62
5
 10
0
 20
0
  0
VERTEX
 10
34.607696
 20
-14.814045
  0
VERTEX
 10
1.950876
 20
-14.972640
  0
VERTEX
 10
4.522205
 20
-49.318035
  0
VERTEX
 10
32.370072
 20
-49.182794
  0
SEQEND
  0
POLYLINE
  8
ETM
 70
1
 62
5
 10
0
 20
0
  0
VERTEX
 10
32.370072
 20
-49.182794
  0
VERTEX
 10
33.130335
 20
-87.568029
  0
VERTEX
 10
42.170759
 20
-87.297691
  0
VERTEX
 10
41.414111
 20
-49.094949
  0
SEQEND
  0
POLYLINE
  8
ETM
 70
1
 62
5
 10
0
 20
0
  0
VERTEX
 10
49.388317
 20
-120.974449
  0
VERTEX
 10
66.118823
 20
-120.239707
  0
VERTEX
 10
70.356371
 20
-86.059884
  0
VERTEX
 10
42.170759
 20
-87.297691
  0
SEQEND
  0
POLYLINE
  8
ETM
 70
1
 62
5
 10
0
 20
0
  0
VERTEX
 10
42.170759
 20
-87.297691
  0
VERTEX
 10
41.414111
 20
-49.094949
  0
VERTEX
 10
32.370072
 20
-49.182794
  0
VERTEX
 10
33.130335
 20
-87.568029
  0
SEQEND
  0
POLYLINE
  8
ETM
 70
1
 62
5
 10
0
 20
0
  0
VERTEX
 10
33.130335
 20
-87.568029
  0
VERTEX
 10
4.524709
 20
-87.997487
  0
VERTEX
 10
10.736827
 20
-121.874129
  0
VERTEX
 10
27.937971
 20
-121.615887
  0
SEQEND
  0
POLYLINE
  8
ETM
 70
1
 62
5
 10
0
 20
0
  0
VERTEX
 10
27.937971
 20
-121.615887
  0
VERTEX
 10
29.200077
 20
-152.476509
  0
VERTEX
 10
50.631167
 20
-151.364226
  0
VERTEX
 10
49.388317
 20
-120.974449
  0
SEQEND
  0
POLYLINE
  8
ETM
 70
1
 62
5
 10
0
 20
0
  0
VERTEX
 10
58.586452
 20
-184.874383
  0
VERTEX
 10
65.713806
 20
-184.329606
  0
VERTEX
 10
68.483755
 20
-149.999669
  0
VERTEX
 10
50.631167
 20
-151.364226
  0
SEQEND
  0
POLYLINE
  8
ETM
 70
1
 62
5
 10
0
 20
0
  0
VERTEX
 10
50.631167
 20
-151.364226
  0
VERTEX
 10
49.388317
 20
-120.974449
  0
VERTEX
 10
27.937971
 20
-121.615887
  0
VERTEX
 10
29.200077
 20
-152.476509
  0
SEQEND
  0
POLYLINE
  8
ETM
 70
1
 62
5
 10
0
 20
0
  0
VERTEX
 10
29.200077
 20
-152.476509
  0
VERTEX
 10
10.747182
 20
-152.960000
  0
VERTEX
 10
16.973104
 20
-186.834105
  0
VERTEX
 10
24.756575
 20
-186.630167
  0
SEQEND
  0
POLYLINE
  8
ETM
 70
1
 62
5
 10
0
 20
0
  0
VERTEX
 10
24.756575
 20
-186.630167
  0
VERTEX
 10
26.897899
 20
-220.011428
  0
VERTEX
 10
60.674839
 20
-217.430404
  0
VERTEX
 10
58.586452
 20
-184.874383
  0
SEQEND
  0
POLYLINE
  8
ETM
 70
1
 62
5
 10
0
 20
0
  0
VERTEX
 10
65.855524
 20
-251.480047
  0
VERTEX
 10
72.289885
 20
-250.752607
  0
VERTEX
 10
69.737963
 20
-216.405767
  0
VERTEX
 10
60.674839
 20
-217.430404
  0
SEQEND
  0
POLYLINE
  8
ETM
 70
1
 62
5
 10
0
 20
0
  0
VERTEX
 10
60.674839
 20
-217.430404
  0
VERTEX
 10
58.586452
 20
-184.874383
  0
VERTEX
 10
24.756575
 20
-186.630167
  0
VERTEX
 10
26.897899
 20
-220.011428
  0
SEQEND
  0
POLYLINE
  8
ETM
 70
1
 62
5
 10
0
 20
0
  0
VERTEX
 10
26.897899
 20
-220.011428
  0
VERTEX
 10
17.005291
 20
-220.395686
  0
VERTEX
 10
19.624059
 20
-254.737496
  0
VERTEX
 10
26.950878
 20
-254.452900
  0
SEQEND
  0
POLYLINE
  8
ETM
 70
1
 62
5
 10
0
 20
0
  0
VERTEX
 10
26.950878
 20
-254.452900
  0
VERTEX
 10
31.333878
 20
-303.238487
  0
VERTEX
 10
70.145404
 20
-299.229155
  0
VERTEX
 10
65.855524
 20
-251.480047
  0
SEQEND
  0
POLYLINE
  8
ETM
 70
1
 62
5
 10
0
 20
0
  0
VERTEX
 10
60.613575
 20
217.578451
  0
VERTEX
 10
69.878034
 20
216.545666
  0
VERTEX
 10
72.402792
 20
250.894513
  0
VERTEX
 10
65.715092
 20
251.640046
  0
SEQEND
  0
POLYLINE
  8
ETM
 70
1
 62
5
 10
0
 20
0
  0
VERTEX
 10
65.715092
 20
251.640046
  0
VERTEX
 10
69.843185
 20
299.587022
  0
VERTEX
 10
31.011686
 20
303.398055
  0
VERTEX
 10
26.803641
 20
254.522451
  0
SEQEND
  0
POLYLINE
  8
ETM
 70
1
 62
5
 10
0
 20
0
  0
VERTEX
 10
26.803641
 20
254.522451
  0
VERTEX
 10
19.393894
 20
254.791394
  0
VERTEX
 10
16.870010
 20
220.442482
  0
VERTEX
 10
26.830725
 20
220.080950
  0
SEQEND
  0
POLYLINE
  8
ETM
 70
1
 62
5
 10
0
 20
0
  0
VERTEX
 10
26.830725
 20
220.080950
  0
VERTEX
 10
24.736155
 20
186.653750
  0
VERTEX
 10
58.567146
 20
184.919522
  0
VERTEX
 10
60.613575
 20
217.578451
  0
SEQEND
  0
POLYLINE
  8
ETM
 70
1
 62
5
 10
0
 20
0
  0
VERTEX
 10
50.633219
 20
151.404296
  0
VERTEX
 10
68.581307
 20
150.030698
  0
VERTEX
 10
65.839863
 20
184.362928
  0
VERTEX
 10
58.567146
 20
184.919522
  0
SEQEND
  0
POLYLINE
  8
ETM
 70
1
 62
5
 10
0
 20
0
  0
VERTEX
 10
58.567146
 20
184.919522
  0
VERTEX
 10
60.613575
 20
217.578451
  0
VERTEX
 10
26.830725
 20
220.080950
  0
VERTEX
 10
24.736155
 20
186.653750
  0
SEQEND
  0
POLYLINE
  8
ETM
 70
1
 62
5
 10
0
 20
0
  0
VERTEX
 10
24.736155
 20
186.653750
  0
VERTEX
 10
16.902228
 20
186.852303
  0
VERTEX
 10
10.712687
 20
152.971524
  0
VERTEX
 10
29.201420
 20
152.502923
  0
SEQEND
  0
POLYLINE
  8
ETM
 70
1
 62
5
 10
0
 20
0
  0
VERTEX
 10
29.201420
 20
152.502923
  0
VERTEX
 10
27.947973
 20
121.620356
  0
VERTEX
 10
49.398312
 20
120.978504
  0
VERTEX
 10
50.633219
 20
151.404296
  0
SEQEND
  0
POLYLINE
  8
ETM
 70
1
 62
5
 10
0
 20
0
  0
VERTEX
 10
42.180099
 20
87.301878
  0
VERTEX
 10
70.397044
 20
86.050489
  0
VERTEX
 10
66.188344
 20
120.233885
  0
VERTEX
 10
49.398312
 20
120.978504
  0
SEQEND
  0
POLYLINE
  8
ETM
 70
1
 62
5
 10
0
 20
0
  0
VERTEX
 10
49.398312
 20
120.978504
  0
VERTEX
 10
50.633219
 20
151.404296
  0
VERTEX
 10
29.201420
 20
152.502923
  0
VERTEX
 10
27.947973
 20
121.620356
  0
SEQEND
  0
POLYLINE
  8
ETM
 70
1
 62
5
 10
0
 20
0
  0
VERTEX
 10
27.947973
 20
121.620356
  0
VERTEX
 10
10.723049
 20
121.876890
  0
VERTEX
 10
4.519700
 20
87.998634
  0
VERTEX
 10
33.139683
 20
87.572391
  0
SEQEND
  0
POLYLINE
  8
ETM
 70
1
 62
5
 10
0
 20
0
  0
VERTEX
 10
33.139683
 20
87.572391
  0
VERTEX
 10
32.376438
 20
49.180928
  0
VERTEX
 10
41.420463
 20
49.091912
  0
VERTEX
 10
42.180099
 20
87.301878
  0
SEQEND
  0
POLYLINE
  8
ETM
 70
1
 62
5
 10
0
 20
0
  0
VERTEX
 10
38.511231
 20
14.773493
  0
VERTEX
 10
70.853924
 20
14.304332
  0
VERTEX
 10
68.941348
 20
48.692696
  0
VERTEX
 10
41.420463
 20
49.091912
  0
SEQEND
  0
POLYLINE
  8
ETM
 70
1
 62
5
 10
0
 20
0
  0
VERTEX
 10
41.420463
 20
49.091912
  0
VERTEX
 10
42.180099
 20
87.301878
  0
VERTEX
 10
33.139683
 20
87.572391
  0
VERTEX
 10
32.376438
 20
49.180928
  0
SEQEND
  0
POLYLINE
  8
ETM
 70
1
 62
5
 10
0
 20
0
  0
VERTEX
 10
32.376438
 20
49.180928
  0
VERTEX
 10
4.522204
 20
49.318002
  0
VERTEX
 10
1.950876
 20
14.972612
  0
VERTEX
 10
34.609613
 20
14.811894
  0
SEQEND
  0
POLYLINE
  8
ETM
 70
1
 62
5
 10
0
 20
0
  0
VERTEX
 10
34.609613
 20
14.811894
  0
VERTEX
 10
34.607696
 20
-14.814045
  0
VERTEX
 10
38.509319
 20
-14.776149
  0
VERTEX
 10
38.511231
 20
14.773493
  0
SEQEND
  0
POLYLINE
  8
ETM
 70
1
 62
5
 10
0
 20
0
  0
VERTEX
 10
4.522205
 20
-49.318035
  0
VERTEX
 10
32.370072
 20
-49.182794
  0
VERTEX
 10
34.607696
 20
-14.814045
  0
VERTEX
 10
1.950876
 20
-14.972640
  0
SEQEND
  0
POLYLINE
  8
ETM
 70
1
 62
5
 10
0
 20
0
  0
VERTEX
 10
1.950876
 20
-14.972640
  0
VERTEX
 10
1.950876
 20
14.972612
  0
VERTEX
 10
-1.950930
 20
14.972612
  0
VERTEX
 10
-1.950930
 20
-14.972640
  0
SEQEND
  0
POLYLINE
  8
ETM
 70
1
 62
5
 10
0
 20
0
  0
VERTEX
 10
-1.950930
 20
-14.972640
  0
VERTEX
 10
-34.609665
 20
-14.811921
  0
VERTEX
 10
-32.376491
 20
-49.180960
  0
VERTEX
 10
-4.522260
 20
-49.318035
  0
SEQEND
  0
POLYLINE
  8
ETM
 70
1
 62
5
 10
0
 20
0
  0
VERTEX
 10
-4.522260
 20
-49.318035
  0
VERTEX
 10
-4.519756
 20
-87.998658
  0
VERTEX
 10
4.524709
 20
-87.997487
  0
VERTEX
 10
4.522205
 20
-49.318035
  0
SEQEND
  0
POLYLINE
  8
ETM
 70
1
 62
5
 10
0
 20
0
  0
VERTEX
 10
10.736827
 20
-121.874129
  0
VERTEX
 10
27.937971
 20
-121.615887
  0
VERTEX
 10
33.130335
 20
-87.568029
  0
VERTEX
 10
4.524709
 20
-87.997487
  0
SEQEND
  0
POLYLINE
  8
ETM
 70
1
 62
5
 10
0
 20
0
  0
VERTEX
 10
4.524709
 20
-87.997487
  0
VERTEX
 10
4.522205
 20
-49.318035
  0
VERTEX
 10
-4.522260
 20
-49.318035
  0
VERTEX
 10
-4.519756
 20
-87.998658
  0
SEQEND
  0
POLYLINE
  8
ETM
 70
1
 62
5
 10
0
 20
0
  0
VERTEX
 10
-4.519756
 20
-87.998658
  0
VERTEX
 10
-33.139734
 20
-87.572409
  0
VERTEX
 10
-27.948033
 20
-121.620366
  0
VERTEX
 10
-10.723110
 20
-121.876904
  0
SEQEND
  0
POLYLINE
  8
ETM
 70
1
 62
5
 10
0
 20
0
  0
VERTEX
 10
-10.723110
 20
-121.876904
  0
VERTEX
 10
-10.712751
 20
-152.971522
  0
VERTEX
 10
10.747182
 20
-152.960000
  0
VERTEX
 10
10.736827
 20
-121.874129
  0
SEQEND
  0
POLYLINE
  8
ETM
 70
1
 62
5
 10
0
 20
0
  0
VERTEX
 10
16.973104
 20
-186.834105
  0
VERTEX
 10
24.756575
 20
-186.630167
  0
VERTEX
 10
29.200077
 20
-152.476509
  0
VERTEX
 10
10.747182
 20
-152.960000
  0
SEQEND
  0
POLYLINE
  8
ETM
 70
1
 62
5
 10
0
 20
0
  0
VERTEX
 10
10.747182
 20
-152.960000
  0
VERTEX
 10
10.736827
 20
-121.874129
  0
VERTEX
 10
-10.723110
 20
-121.876904
  0
VERTEX
 10
-10.712751
 20
-152.971522
  0
SEQEND
  0
POLYLINE
  8
ETM
 70
1
 62
5
 10
0
 20
0
  0
VERTEX
 10
-10.712751
 20
-152.971522
  0
VERTEX
 10
-29.201476
 20
-152.502918
  0
VERTEX
 10
-24.736218
 20
-186.653739
  0
VERTEX
 10
-16.902297
 20
-186.852293
  0
SEQEND
  0
POLYLINE
  8
ETM
 70
1
 62
5
 10
0
 20
0
  0
VERTEX
 10
-16.902297
 20
-186.852293
  0
VERTEX
 10
-16.870082
 20
-220.442476
  0
VERTEX
 10
17.005291
 20
-220.395686
  0
VERTEX
 10
16.973104
 20
-186.834105
  0
SEQEND
  0
POLYLINE
  8
ETM
 70
1
 62
5
 10
0
 20
0
  0
VERTEX
 10
19.624059
 20
-254.737496
  0
VERTEX
 10
26.950878
 20
-254.452900
  0
VERTEX
 10
26.897899
 20
-220.011428
  0
VERTEX
 10
17.005291
 20
-220.395686
  0
SEQEND
  0
POLYLINE
  8
ETM
 70
1
 62
5
 10
0
 20
0
  0
VERTEX
 10
17.005291
 20
-220.395686
  0
VERTEX
 10
16.973104
 20
-186.834105
  0
VERTEX
 10
-16.902297
 20
-186.852293
  0
VERTEX
 10
-16.870082
 20
-220.442476
  0
SEQEND
  0
POLYLINE
  8
ETM
 70
1
 62
5
 10
0
 20
0
  0
VERTEX
 10
-16.870082
 20
-220.442476
  0
VERTEX
 10
-26.830787
 20
-220.080944
  0
VERTEX
 10
-26.803704
 20
-254.522445
  0
VERTEX
 10
-19.393970
 20
-254.791387
  0
SEQEND
  0
POLYLINE
  8
ETM
 70
1
 62
5
 10
0
 20
0
  0
VERTEX
 10
-19.393970
 20
-254.791387
  0
VERTEX
 10
-19.294544
 20
-303.956017
  0
VERTEX
 10
19.723383
 20
-303.852096
  0
VERTEX
 10
19.624059
 20
-254.737496
  0
SEQEND
  0
POLYLINE
  8
ETM
 70
1
 62
5
 10
0
 20
0
  0
VERTEX
 10
16.870010
 20
220.442482
  0
VERTEX
 10
26.830725
 20
220.080950
  0
VERTEX
 10
26.803641
 20
254.522451
  0
VERTEX
 10
19.393894
 20
254.791394
  0
SEQEND
  0
POLYLINE
  8
ETM
 70
1
 62
5
 10
0
 20
0
  0
VERTEX
 10
19.393894
 20
254.791394
  0
VERTEX
 10
19.294463
 20
303.956017
  0
VERTEX
 10
-19.723464
 20
303.852094
  0
VERTEX
 10
-19.624135
 20
254.737497
  0
SEQEND
  0
POLYLINE
  8
ETM
 70
1
 62
5
 10
0
 20
0
  0
VERTEX
 10
-19.624135
 20
254.737497
  0
VERTEX
 10
-26.950946
 20
254.452902
  0
VERTEX
 10
-26.897964
 20
220.011431
  0
VERTEX
 10
-17.005368
 20
220.395689
  0
SEQEND
  0
POLYLINE
  8
ETM
 70
1
 62
5
 10
0
 20
0
  0
VERTEX
 10
-17.005368
 20
220.395689
  0
VERTEX
 10
-16.973176
 20
186.834110
  0
VERTEX
 10
16.902228
 20
186.852303
  0
VERTEX
 10
16.870010
 20
220.442482
  0
SEQEND
  0
POLYLINE
  8
ETM
 70
1
 62
5
 10
0
 20
0
  0
VERTEX
 10
10.712687
 20
152.971524
  0
VERTEX
 10
29.201420
 20
152.502923
  0
VERTEX
 10
24.736155
 20
186.653750
  0
VERTEX
 10
16.902228
 20
186.852303
  0
SEQEND
  0
POLYLINE
  8
ETM
 70
1
 62
5
 10
0
 20
0
  0
VERTEX
 10
16.902228
 20
186.852303
  0
VERTEX
 10
16.870010
 20
220.442482
  0
VERTEX
 10
-17.005368
 20
220.395689
  0
VERTEX
 10
-16.973176
 20
186.834110
  0
SEQEND
  0
POLYLINE
  8
ETM
 70
1
 62
5
 10
0
 20
0
  0
VERTEX
 10
-16.973176
 20
186.834110
  0
VERTEX
 10
-24.756640
 20
186.630171
  0
VERTEX
 10
-29.200135
 20
152.476505
  0
VERTEX
 10
-10.747247
 20
152.960000
  0
SEQEND
  0
POLYLINE
  8
ETM
 70
1
 62
5
 10
0
 20
0
  0
VERTEX
 10
-10.747247
 20
152.960000
  0
VERTEX
 10
-10.736888
 20
121.874112
  0
VERTEX
 10
10.723049
 20
121.876890
  0
VERTEX
 10
10.712687
 20
152.971524
  0
SEQEND
  0
POLYLINE
  8
ETM
 70
1
 62
5
 10
0
 20
0
  0
VERTEX
 10
4.519700
 20
87.998634
  0
VERTEX
 10
33.139683
 20
87.572391
  0
VERTEX
 10
27.947973
 20
121.620356
  0
VERTEX
 10
10.723049
 20
121.876890
  0
SEQEND
  0
POLYLINE
  8
ETM
 70
1
 62
5
 10
0
 20
0
  0
VERTEX
 10
10.723049
 20
121.876890
  0
VERTEX
 10
10.712687
 20
152.971524
  0
VERTEX
 10
-10.747247
 20
152.960000
  0
VERTEX
 10
-10.736888
 20
121.874112
  0
SEQEND
  0
POLYLINE
  8
ETM
 70
1
 62
5
 10
0
 20
0
  0
VERTEX
 10
-10.736888
 20
121.874112
  0
VERTEX
 10
-27.938031
 20
121.615868
  0
VERTEX
 10
-33.130391
 20
87.568002
  0
VERTEX
 10
-4.524764
 20
87.997464
  0
SEQEND
  0
POLYLINE
  8
ETM
 70
1
 62
5
 10
0
 20
0
  0
VERTEX
 10
-4.524764
 20
87.997464
  0
VERTEX
 10
-4.522260
 20
49.318002
  0
VERTEX
 10
4.522204
 20
49.318002
  0
VERTEX
 10
4.519700
 20
87.998634
  0
SEQEND
  0
POLYLINE
  8
ETM
 70
1
 62
5
 10
0
 20
0
  0
VERTEX
 10
1.950876
 20
14.972612
  0
VERTEX
 10
34.609613
 20
14.811894
  0
VERTEX
 10
32.376438
 20
49.180928
  0
VERTEX
 10
4.522204
 20
49.318002
  0
SEQEND
  0
POLYLINE
  8
ETM
 70
1
 62
5
 10
0
 20
0
  0
VERTEX
 10
4.522204
 20
49.318002
  0
VERTEX
 10
4.519700
 20
87.998634
  0
VERTEX
 10
-4.524764
 20
87.997464
  0
VERTEX
 10
-4.522260
 20
49.318002
  0
SEQEND
  0
POLYLINE
  8
ETM
 70
1
 62
5
 10
0
 20
0
  0
VERTEX
 10
-4.522260
 20
49.318002
  0
VERTEX
 10
-32.370126
 20
49.182760
  0
VERTEX
 10
-34.607748
 20
14.814016
  0
VERTEX
 10
-1.950930
 20
14.972612
  0
SEQEND
  0
POLYLINE
  8
ETM
 70
1
 62
5
 10
0
 20
0
  0
VERTEX
 10
-1.950930
 20
14.972612
  0
VERTEX
 10
-1.950930
 20
-14.972640
  0
VERTEX
 10
1.950876
 20
-14.972640
  0
VERTEX
 10
1.950876
 20
14.972612
  0
SEQEND
  0
POLYLINE
  8
ETM
 70
1
 62
5
 10
0
 20
0
  0
VERTEX
 10
-352.822607
 20
-5.744060
  0
VERTEX
 10
-328.247275
 20
-26.320277
  0
VERTEX
 10
-324.598762
 20
-24.937366
  0
VERTEX
 10
-352.102498
 20
-1.909280
  0
SEQEND
  0
POLYLINE
  8
ETM
 70
1
 62
5
 10
0
 20
0
  0
VERTEX
 10
-352.692469
 20
-65.219802
  0
VERTEX
 10
-318.478694
 20
-59.347429
  0
VERTEX
 10
-328.247275
 20
-26.320277
  0
VERTEX
 10
-354.495944
 20
-30.825538
  0
SEQEND
  0
POLYLINE
  8
ETM
 70
1
 62
5
 10
0
 20
0
  0
VERTEX
 10
-350.882731
 20
-99.733489
  0
VERTEX
 10
-322.960450
 20
-101.451788
  0
VERTEX
 10
-316.953405
 20
-67.538183
  0
VERTEX
 10
-352.686206
 20
-65.339236
  0
SEQEND
  0
POLYLINE
  8
ETM
 70
1
 62
5
 10
0
 20
0
  0
VERTEX
 10
-349.077805
 20
-134.155434
  0
VERTEX
 10
-334.550754
 20
-136.243296
  0
VERTEX
 10
-323.133911
 20
-103.749100
  0
VERTEX
 10
-350.881279
 20
-99.761181
  0
SEQEND
  0
POLYLINE
  8
ETM
 70
1
 62
5
 10
0
 20
0
  0
VERTEX
 10
-347.274329
 20
-168.549696
  0
VERTEX
 10
-347.274329
 20
-168.549696
  0
VERTEX
 10
-334.615077
 20
-136.519068
  0
VERTEX
 10
-349.077805
 20
-134.155434
  0
SEQEND
  0
POLYLINE
  8
ETM
 70
1
 62
5
 10
0
 20
0
  0
VERTEX
 10
-316.248360
 20
-192.209746
  0
VERTEX
 10
-310.018084
 20
-180.141974
  0
VERTEX
 10
-347.274329
 20
-168.549696
  0
VERTEX
 10
-347.274329
 20
-168.549696
  0
SEQEND
  0
POLYLINE
  8
ETM
 70
1
 62
5
 10
0
 20
0
  0
VERTEX
 10
-284.626968
 20
-215.067921
  0
VERTEX
 10
-273.410438
 20
-194.585709
  0
VERTEX
 10
-309.700981
 20
-180.253748
  0
VERTEX
 10
-316.248360
 20
-192.209746
  0
SEQEND
  0
POLYLINE
  8
ETM
 70
1
 62
5
 10
0
 20
0
  0
VERTEX
 10
-248.043498
 20
-238.291997
  0
VERTEX
 10
-233.806321
 20
-210.173175
  0
VERTEX
 10
-270.114216
 20
-195.885156
  0
VERTEX
 10
-281.050395
 20
-217.484414
  0
SEQEND
  0
POLYLINE
  8
ETM
 70
1
 62
5
 10
0
 20
0
  0
VERTEX
 10
-210.458355
 20
-258.095696
  0
VERTEX
 10
-195.500746
 20
-223.706783
  0
VERTEX
 10
-232.299451
 20
-210.735052
  0
VERTEX
 10
-245.037619
 20
-240.021266
  0
SEQEND
  0
POLYLINE
  8
ETM
 70
1
 62
5
 10
0
 20
0
  0
VERTEX
 10
-170.972838
 20
-274.579877
  0
VERTEX
 10
-157.055062
 20
-234.970996
  0
VERTEX
 10
-194.506866
 20
-224.026908
  0
VERTEX
 10
-207.038639
 20
-259.691335
  0
SEQEND
  0
POLYLINE
  8
ETM
 70
1
 62
5
 10
0
 20
0
  0
VERTEX
 10
-127.720173
 20
-288.089278
  0
VERTEX
 10
-116.150308
 20
-244.179387
  0
VERTEX
 10
-154.235046
 20
-235.696275
  0
VERTEX
 10
-165.040192
 20
-276.703909
  0
SEQEND
  0
POLYLINE
  8
ETM
 70
1
 62
5
 10
0
 20
0
  0
VERTEX
 10
-80.627206
 20
-297.981610
  0
VERTEX
 10
-72.402790
 20
-250.894514
  0
VERTEX
 10
-110.993754
 20
-245.137084
  0
VERTEX
 10
-118.884940
 20
-290.316346
  0
SEQEND
  0
POLYLINE
  8
ETM
 70
1
 62
5
 10
0
 20
0
  0
VERTEX
 10
-31.011748
 20
-303.398056
  0
VERTEX
 10
-26.803704
 20
-254.522445
  0
VERTEX
 10
-65.715109
 20
-251.640044
  0
VERTEX
 10
-69.843202
 20
-299.587028
  0
SEQEND
  0
POLYLINE
  8
ETM
 70
1
 62
5
 10
0
 20
0
  0
VERTEX
 10
19.723383
 20
-303.852096
  0
VERTEX
 10
19.624059
 20
-254.737496
  0
VERTEX
 10
-19.393970
 20
-254.791387
  0
VERTEX
 10
-19.294544
 20
-303.956017
  0
SEQEND
  0
POLYLINE
  8
ETM
 70
1
 62
5
 10
0
 20
0
  0
VERTEX
 10
70.145404
 20
-299.229155
  0
VERTEX
 10
65.855524
 20
-251.480047
  0
VERTEX
 10
26.950878
 20
-254.452900
  0
VERTEX
 10
31.333878
 20
-303.238487
  0
SEQEND
  0
POLYLINE
  8
ETM
 70
1
 62
5
 10
0
 20
0
  0
VERTEX
 10
118.824393
 20
-289.790936
  0
VERTEX
 10
110.876271
 20
-244.964655
  0
VERTEX
 10
72.289885
 20
-250.752607
  0
VERTEX
 10
80.600307
 20
-297.622206
  0
SEQEND
  0
POLYLINE
  8
ETM
 70
1
 62
5
 10
0
 20
0
  0
VERTEX
 10
164.365837
 20
-276.197815
  0
VERTEX
 10
153.699538
 20
-235.712037
  0
VERTEX
 10
115.592283
 20
-244.093364
  0
VERTEX
 10
127.075671
 20
-287.680538
  0
SEQEND
  0
POLYLINE
  8
ETM
 70
1
 62
5
 10
0
 20
0
  0
VERTEX
 10
205.466308
 20
-259.550012
  0
VERTEX
 10
193.411463
 20
-224.611441
  0
VERTEX
 10
155.850179
 20
-235.173627
  0
VERTEX
 10
169.383486
 20
-274.397229
  0
SEQEND
  0
POLYLINE
  8
ETM
 70
1
 62
5
 10
0
 20
0
  0
VERTEX
 10
242.224181
 20
-240.881978
  0
VERTEX
 10
230.546299
 20
-212.635947
  0
VERTEX
 10
193.411464
 20
-224.611441
  0
VERTEX
 10
207.474296
 20
-258.626103
  0
SEQEND
  0
POLYLINE
  8
ETM
 70
1
 62
5
 10
0
 20
0
  0
VERTEX
 10
276.603724
 20
-220.613236
  0
VERTEX
 10
267.718118
 20
-200.775737
  0
VERTEX
 10
230.546299
 20
-212.635947
  0
VERTEX
 10
243.005750
 20
-240.452209
  0
SEQEND
  0
POLYLINE
  8
ETM
 70
1
 62
5
 10
0
 20
0
  0
VERTEX
 10
309.890819
 20
-200.256958
  0
VERTEX
 10
306.683031
 20
-192.260378
  0
VERTEX
 10
268.556057
 20
-200.551490
  0
VERTEX
 10
276.603724
 20
-220.613236
  0
SEQEND
  0
POLYLINE
  8
ETM
 70
1
 62
5
 10
0
 20
0
  0
VERTEX
 10
322.084808
 20
-157.943215
  0
VERTEX
 10
296.872227
 20
-159.245747
  0
VERTEX
 10
306.683031
 20
-192.260378
  0
VERTEX
 10
315.728355
 20
-191.793079
  0
SEQEND
  0
POLYLINE
  8
ETM
 70
1
 62
5
 10
0
 20
0
  0
VERTEX
 10
330.312307
 20
-114.129518
  0
VERTEX
 10
285.399893
 20
-116.496274
  0
VERTEX
 10
295.278841
 20
-149.490569
  0
VERTEX
 10
323.955855
 20
-147.979373
  0
SEQEND
  0
POLYLINE
  8
ETM
 70
1
 62
5
 10
0
 20
0
  0
VERTEX
 10
339.164216
 20
-66.990666
  0
VERTEX
 10
276.223171
 20
-68.523138
  0
VERTEX
 10
284.219450
 20
-102.023537
  0
VERTEX
 10
332.807765
 20
-100.840521
  0
SEQEND
  0
POLYLINE
  8
ETM
 70
1
 62
5
 10
0
 20
0
  0
VERTEX
 10
349.466982
 20
-12.125605
  0
VERTEX
 10
272.279972
 20
-8.403795
  0
VERTEX
 10
275.350157
 20
-42.708195
  0
VERTEX
 10
343.110528
 20
-45.975470
  0
SEQEND
  0
POLYLINE
  8
ETM
 70
1
 62
5
 10
0
 20
0
  0
VERTEX
 10
352.822608
 20
5.744025
  0
VERTEX
 10
328.247274
 20
26.320244
  0
VERTEX
 10
324.598761
 20
24.937332
  0
VERTEX
 10
352.102498
 20
1.909245
  0
SEQEND
  0
POLYLINE
  8
ETM
 70
1
 62
5
 10
0
 20
0
  0
VERTEX
 10
352.692468
 20
65.219765
  0
VERTEX
 10
318.478692
 20
59.347389
  0
VERTEX
 10
328.247274
 20
26.320244
  0
VERTEX
 10
354.495944
 20
30.825506
  0
SEQEND
  0
POLYLINE
  8
ETM
 70
1
 62
5
 10
0
 20
0
  0
VERTEX
 10
350.882728
 20
99.733471
  0
VERTEX
 10
322.960447
 20
101.451768
  0
VERTEX
 10
316.953401
 20
67.538156
  0
VERTEX
 10
352.686205
 20
65.339210
  0
SEQEND
  0
POLYLINE
  8
ETM
 70
1
 62
5
 10
0
 20
0
  0
VERTEX
 10
349.077798
 20
134.155441
  0
VERTEX
 10
334.550749
 20
136.243302
  0
VERTEX
 10
323.133909
 20
103.749097
  0
VERTEX
 10
350.881275
 20
99.761182
  0
SEQEND
  0
POLYLINE
  8
ETM
 70
1
 62
5
 10
0
 20
0
  0
VERTEX
 10
347.274322
 20
168.549702
  0
VERTEX
 10
347.274321
 20
168.549702
  0
VERTEX
 10
334.615072
 20
136.519074
  0
VERTEX
 10
349.077798
 20
134.155441
  0
SEQEND
  0
POLYLINE
  8
ETM
 70
1
 62
5
 10
0
 20
0
  0
VERTEX
 10
316.248351
 20
192.209751
  0
VERTEX
 10
310.018075
 20
180.141978
  0
VERTEX
 10
347.274321
 20
168.549702
  0
VERTEX
 10
347.274321
 20
168.549702
  0
SEQEND
  0
POLYLINE
  8
ETM
 70
1
 62
5
 10
0
 20
0
  0
VERTEX
 10
284.626957
 20
215.067926
  0
VERTEX
 10
273.410426
 20
194.585708
  0
VERTEX
 10
309.700973
 20
180.253752
  0
VERTEX
 10
316.248351
 20
192.209751
  0
SEQEND
  0
POLYLINE
  8
ETM
 70
1
 62
5
 10
0
 20
0
  0
VERTEX
 10
248.043518
 20
238.291980
  0
VERTEX
 10
233.806342
 20
210.173161
  0
VERTEX
 10
270.114213
 20
195.885151
  0
VERTEX
 10
281.050393
 20
217.484412
  0
SEQEND
  0
POLYLINE
  8
ETM
 70
1
 62
5
 10
0
 20
0
  0
VERTEX
 10
210.458390
 20
258.095672
  0
VERTEX
 10
195.500783
 20
223.706762
  0
VERTEX
 10
232.299464
 20
210.735041
  0
VERTEX
 10
245.037631
 20
240.021254
  0
SEQEND
  0
POLYLINE
  8
ETM
 70
1
 62
5
 10
0
 20
0
  0
VERTEX
 10
170.972895
 20
274.579845
  0
VERTEX
 10
157.055119
 20
234.970973
  0
VERTEX
 10
194.506912
 20
224.026884
  0
VERTEX
 10
207.038686
 20
259.691305
  0
SEQEND
  0
POLYLINE
  8
ETM
 70
1
 62
5
 10
0
 20
0
  0
VERTEX
 10
127.720197
 20
288.089260
  0
VERTEX
 10
116.150331
 20
244.179376
  0
VERTEX
 10
154.235056
 20
235.696264
  0
VERTEX
 10
165.040204
 20
276.703893
  0
SEQEND
  0
POLYLINE
  8
ETM
 70
1
 62
5
 10
0
 20
0
  0
VERTEX
 10
80.627211
 20
297.981601
  0
VERTEX
 10
72.402792
 20
250.894513
  0
VERTEX
 10
110.993744
 20
245.137081
  0
VERTEX
 10
118.884933
 20
290.316337
  0
SEQEND
  0
POLYLINE
  8
ETM
 70
1
 62
5
 10
0
 20
0
  0
VERTEX
 10
31.011686
 20
303.398055
  0
VERTEX
 10
26.803641
 20
254.522451
  0
VERTEX
 10
65.715092
 20
251.640046
  0
VERTEX
 10
69.843185
 20
299.587022
  0
SEQEND
  0
POLYLINE
  8
ETM
 70
1
 62
5
 10
0
 20
0
  0
VERTEX
 10
-19.723464
 20
303.852094
  0
VERTEX
 10
-19.624135
 20
254.737497
  0
VERTEX
 10
19.393894
 20
254.791394
  0
VERTEX
 10
19.294463
 20
303.956017
  0
SEQEND
  0
POLYLINE
  8
ETM
 70
1
 62
5
 10
0
 20
0
  0
VERTEX
 10
-70.145425
 20
299.229159
  0
VERTEX
 10
-65.855546
 20
251.480054
  0
VERTEX
 10
-26.950946
 20
254.452902
  0
VERTEX
 10
-31.333945
 20
303.238485
  0
SEQEND
  0
POLYLINE
  8
ETM
 70
1
 62
5
 10
0
 20
0
  0
VERTEX
 10
-118.824395
 20
289.790944
  0
VERTEX
 10
-110.876278
 20
244.964668
  0
VERTEX
 10
-72.289880
 20
250.752616
  0
VERTEX
 10
-80.600297
 20
297.622214
  0
SEQEND
  0
POLYLINE
  8
ETM
 70
1
 62
5
 10
0
 20
0
  0
VERTEX
 10
-164.365827
 20
276.197829
  0
VERTEX
 10
-153.699532
 20
235.712056
  0
VERTEX
 10
-115.592264
 20
244.093382
  0
VERTEX
 10
-127.075647
 20
287.680554
  0
SEQEND
  0
POLYLINE
  8
ETM
 70
1
 62
5
 10
0
 20
0
  0
VERTEX
 10
-205.466263
 20
259.550040
  0
VERTEX
 10
-193.411423
 20
224.611472
  0
VERTEX
 10
-155.850128
 20
235.173658
  0
VERTEX
 10
-169.383432
 20
274.397259
  0
SEQEND
  0
POLYLINE
  8
ETM
 70
1
 62
5
 10
0
 20
0
  0
VERTEX
 10
-242.224161
 20
240.881993
  0
VERTEX
 10
-230.546283
 20
212.635970
  0
VERTEX
 10
-193.411423
 20
224.611472
  0
VERTEX
 10
-207.474253
 20
258.626129
  0
SEQEND
  0
POLYLINE
  8
ETM
 70
1
 62
5
 10
0
 20
0
  0
VERTEX
 10
-276.603727
 20
220.613238
  0
VERTEX
 10
-267.718127
 20
200.775753
  0
VERTEX
 10
-230.546283
 20
212.635970
  0
VERTEX
 10
-243.005730
 20
240.452224
  0
SEQEND
  0
POLYLINE
  8
ETM
 70
1
 62
5
 10
0
 20
0
  0
VERTEX
 10
-309.890820
 20
200.256959
  0
VERTEX
 10
-306.683037
 20
192.260391
  0
VERTEX
 10
-268.556064
 20
200.551505
  0
VERTEX
 10
-276.603727
 20
220.613238
  0
SEQEND
  0
POLYLINE
  8
ETM
 70
1
 62
5
 10
0
 20
0
  0
VERTEX
 10
-322.084799
 20
157.943231
  0
VERTEX
 10
-296.872234
 20
159.245761
  0
VERTEX
 10
-306.683037
 20
192.260391
  0
VERTEX
 10
-315.728346
 20
191.793093
  0
SEQEND
  0
POLYLINE
  8
ETM
 70
1
 62
5
 10
0
 20
0
  0
VERTEX
 10
-330.312299
 20
114.129531
  0
VERTEX
 10
-285.399895
 20
116.496289
  0
VERTEX
 10
-295.278848
 20
149.490589
  0
VERTEX
 10
-323.955846
 20
147.979392
  0
SEQEND
  0
POLYLINE
  8
ETM
 70
1
 62
5
 10
0
 20
0
  0
VERTEX
 10
-339.164212
 20
66.990657
  0
VERTEX
 10
-276.223169
 20
68.523129
  0
VERTEX
 10
-284.219449
 20
102.023535
  0
VERTEX
 10
-332.807759
 20
100.840519
  0
SEQEND
  0
POLYLINE
  8
ETM
 70
1
 62
5
 10
0
 20
0
  0
VERTEX
 10
-349.466979
 20
12.125583
  0
VERTEX
 10
-272.279966
 20
8.403775
  0
VERTEX
 10
-275.350152
 20
42.708169
  0
VERTEX
 10
-343.110527
 20
45.975443
  0
SEQEND
  0
POLYLINE
  8
VTM
 70
1
 62
0
 10
0
 20
0
  0
VERTEX
 10
-42.180140
 20
-87.301896
  0
VERTEX
 10
-68.941379
 20
-48.692732
  0
VERTEX
 10
-70.397072
 20
-86.050517
  0
SEQEND
  0
POLYLINE
  8
VTM
 70
1
 62
0
 10
0
 20
0
  0
VERTEX
 10
-50.633245
 20
-151.404294
  0
VERTEX
 10
-49.398341
 20
-120.978517
  0
VERTEX
 10
-66.188363
 20
-120.233904
  0
SEQEND
  0
POLYLINE
  8
VTM
 70
1
 62
0
 10
0
 20
0
  0
VERTEX
 10
-60.613592
 20
-217.578449
  0
VERTEX
 10
-58.567163
 20
-184.919514
  0
VERTEX
 10
-65.839869
 20
-184.362923
  0
SEQEND
  0
POLYLINE
  8
VTM
 70
1
 62
0
 10
0
 20
0
  0
VERTEX
 10
-65.713807
 20
184.329616
  0
VERTEX
 10
-58.586476
 20
184.874389
  0
VERTEX
 10
-60.674863
 20
217.430411
  0
SEQEND
  0
POLYLINE
  8
VTM
 70
1
 62
0
 10
0
 20
0
  0
VERTEX
 10
-50.631201
 20
151.364225
  0
VERTEX
 10
-68.483765
 20
149.999675
  0
VERTEX
 10
-66.118836
 20
120.239695
  0
SEQEND
  0
POLYLINE
  8
VTM
 70
1
 62
0
 10
0
 20
0
  0
VERTEX
 10
-42.170802
 20
87.297663
  0
VERTEX
 10
-70.356391
 20
86.059863
  0
VERTEX
 10
-68.923412
 20
48.702727
  0
SEQEND
  0
POLYLINE
  8
VTM
 70
1
 62
0
 10
0
 20
0
  0
VERTEX
 10
-38.511278
 20
-14.773520
  0
VERTEX
 10
-38.509366
 20
14.776119
  0
VERTEX
 10
-70.848679
 20
14.315071
  0
SEQEND
  0
POLYLINE
  8
VTM
 70
1
 62
0
 10
0
 20
0
  0
VERTEX
 10
-77.984187
 20
-48.519382
  0
VERTEX
 10
-104.864263
 20
-47.900099
  0
VERTEX
 10
-106.848289
 20
-83.555666
  0
SEQEND
  0
POLYLINE
  8
VTM
 70
1
 62
0
 10
0
 20
0
  0
VERTEX
 10
-89.930712
 20
-147.855211
  0
VERTEX
 10
-87.611316
 20
-118.974381
  0
VERTEX
 10
-103.514131
 20
-117.835406
  0
SEQEND
  0
POLYLINE
  8
VTM
 70
1
 62
0
 10
0
 20
0
  0
VERTEX
 10
-103.382632
 20
-211.547078
  0
VERTEX
 10
-99.540772
 20
-180.928825
  0
VERTEX
 10
-105.632908
 20
-180.164235
  0
SEQEND
  0
POLYLINE
  8
VTM
 70
1
 62
0
 10
0
 20
0
  0
VERTEX
 10
-99.417553
 20
180.923500
  0
VERTEX
 10
-103.238594
 20
211.380691
  0
VERTEX
 10
-110.725965
 20
209.997387
  0
SEQEND
  0
POLYLINE
  8
VTM
 70
1
 62
0
 10
0
 20
0
  0
VERTEX
 10
-89.834956
 20
147.841914
  0
VERTEX
 10
-106.565783
 20
145.782350
  0
VERTEX
 10
-103.394955
 20
117.886810
  0
SEQEND
  0
POLYLINE
  8
VTM
 70
1
 62
0
 10
0
 20
0
  0
VERTEX
 10
-106.803042
 20
83.614333
  0
VERTEX
 10
-104.857858
 20
47.919929
  0
VERTEX
 10
-77.966280
 20
48.532714
  0
SEQEND
  0
POLYLINE
  8
VTM
 70
1
 62
0
 10
0
 20
0
  0
VERTEX
 10
-74.749797
 20
14.241727
  0
VERTEX
 10
-106.509020
 20
13.518022
  0
VERTEX
 10
-106.510826
 20
-13.497966
  0
SEQEND
  0
POLYLINE
  8
VTM
 70
1
 62
0
 10
0
 20
0
  0
VERTEX
 10
-115.860660
 20
-82.794371
  0
VERTEX
 10
-113.905458
 20
-47.656817
  0
VERTEX
 10
-139.936382
 20
-46.903839
  0
SEQEND
  0
POLYLINE
  8
VTM
 70
1
 62
0
 10
0
 20
0
  0
VERTEX
 10
-127.996732
 20
-142.573795
  0
VERTEX
 10
-124.897915
 20
-116.029069
  0
VERTEX
 10
-139.501473
 20
-114.655379
  0
SEQEND
  0
POLYLINE
  8
VTM
 70
1
 62
0
 10
0
 20
0
  0
VERTEX
 10
-143.434293
 20
-174.435462
  0
VERTEX
 10
-149.889715
 20
-201.283081
  0
VERTEX
 10
-144.258022
 20
-202.731494
  0
SEQEND
  0
POLYLINE
  8
VTM
 70
1
 62
0
 10
0
 20
0
  0
VERTEX
 10
-138.815972
 20
175.330742
  0
VERTEX
 10
-143.810621
 20
202.720737
  0
VERTEX
 10
-149.028161
 20
201.414533
  0
SEQEND
  0
POLYLINE
  8
VTM
 70
1
 62
0
 10
0
 20
0
  0
VERTEX
 10
-127.802848
 20
142.697499
  0
VERTEX
 10
-143.004621
 20
140.229286
  0
VERTEX
 10
-139.455579
 20
114.790041
  0
SEQEND
  0
POLYLINE
  8
VTM
 70
1
 62
0
 10
0
 20
0
  0
VERTEX
 10
-115.817035
 20
82.872478
  0
VERTEX
 10
-142.265214
 20
80.463321
  0
VERTEX
 10
-140.036038
 20
46.895766
  0
SEQEND
  0
POLYLINE
  8
VTM
 70
1
 62
0
 10
0
 20
0
  0
VERTEX
 10
-141.470722
 20
12.484151
  0
VERTEX
 10
-141.444183
 20
-12.495346
  0
VERTEX
 10
-110.411221
 20
-13.393014
  0
SEQEND
  0
POLYLINE
  8
VTM
 70
1
 62
0
 10
0
 20
0
  0
VERTEX
 10
-151.178817
 20
-79.385695
  0
VERTEX
 10
-148.976524
 20
-46.624095
  0
VERTEX
 10
-175.519073
 20
-45.860453
  0
SEQEND
  0
POLYLINE
  8
VTM
 70
1
 62
0
 10
0
 20
0
  0
VERTEX
 10
-164.297086
 20
-135.991666
  0
VERTEX
 10
-160.847005
 20
-112.442363
  0
VERTEX
 10
-175.186309
 20
-110.904393
  0
SEQEND
  0
POLYLINE
  8
VTM
 70
1
 62
0
 10
0
 20
0
  0
VERTEX
 10
-179.970378
 20
-167.452624
  0
VERTEX
 10
-186.507542
 20
-190.460128
  0
VERTEX
 10
-182.405297
 20
-191.781446
  0
SEQEND
  0
POLYLINE
  8
VTM
 70
1
 62
0
 10
0
 20
0
  0
VERTEX
 10
-179.376103
 20
168.093049
  0
VERTEX
 10
-176.224122
 20
168.683583
  0
VERTEX
 10
-181.638807
 20
192.244464
  0
SEQEND
  0
POLYLINE
  8
VTM
 70
1
 62
0
 10
0
 20
0
  0
VERTEX
 10
-164.126752
 20
136.436550
  0
VERTEX
 10
-178.979578
 20
133.653823
  0
VERTEX
 10
-175.597638
 20
111.136041
  0
SEQEND
  0
POLYLINE
  8
VTM
 70
1
 62
0
 10
0
 20
0
  0
VERTEX
 10
-151.264890
 20
79.564315
  0
VERTEX
 10
-178.206603
 20
76.793486
  0
VERTEX
 10
-175.988199
 20
45.655804
  0
SEQEND
  0
POLYLINE
  8
VTM
 70
1
 62
0
 10
0
 20
0
  0
VERTEX
 10
-145.344125
 20
-12.374663
  0
VERTEX
 10
-145.370399
 20
12.355182
  0
VERTEX
 10
-177.292700
 20
11.239008
  0
SEQEND
  0
POLYLINE
  8
VTM
 70
1
 62
0
 10
0
 20
0
  0
VERTEX
 10
-216.641373
 20
-72.429748
  0
VERTEX
 10
-186.613628
 20
-75.552910
  0
VERTEX
 10
-184.560344
 20
-45.619986
  0
SEQEND
  0
POLYLINE
  8
VTM
 70
1
 62
0
 10
0
 20
0
  0
VERTEX
 10
-216.630554
 20
-124.716702
  0
VERTEX
 10
-199.782467
 20
-128.456946
  0
VERTEX
 10
-196.515637
 20
-108.540292
  0
SEQEND
  0
POLYLINE
  8
VTM
 70
1
 62
0
 10
0
 20
0
  0
VERTEX
 10
-218.456104
 20
-179.198096
  0
VERTEX
 10
-213.067544
 20
-160.233095
  0
VERTEX
 10
-218.039270
 20
-159.129381
  0
SEQEND
  0
POLYLINE
  8
VTM
 70
1
 62
0
 10
0
 20
0
  0
VERTEX
 10
-217.974924
 20
160.606436
  0
VERTEX
 10
-212.624233
 20
161.604124
  0
VERTEX
 10
-217.557709
 20
180.737464
  0
SEQEND
  0
POLYLINE
  8
VTM
 70
1
 62
0
 10
0
 20
0
  0
VERTEX
 10
-218.157078
 20
126.165411
  0
VERTEX
 10
-215.573148
 20
107.028370
  0
VERTEX
 10
-196.938477
 20
108.878193
  0
SEQEND
  0
POLYLINE
  8
VTM
 70
1
 62
0
 10
0
 20
0
  0
VERTEX
 10
-187.200872
 20
75.841899
  0
VERTEX
 10
-218.625836
 20
72.722412
  0
VERTEX
 10
-216.796558
 20
44.173099
  0
SEQEND
  0
POLYLINE
  8
VTM
 70
1
 62
0
 10
0
 20
0
  0
VERTEX
 10
-218.147485
 20
9.758094
  0
VERTEX
 10
-217.801411
 20
-10.832252
  0
VERTEX
 10
-181.076776
 20
-11.355096
  0
SEQEND
  0
POLYLINE
  8
VTM
 70
1
 62
0
 10
0
 20
0
  0
VERTEX
 10
-225.643426
 20
-71.554840
  0
VERTEX
 10
-224.339161
 20
-45.165407
  0
VERTEX
 10
-262.053272
 20
-46.647853
  0
SEQEND
  0
POLYLINE
  8
VTM
 70
1
 62
0
 10
0
 20
0
  0
VERTEX
 10
-258.938733
 20
-115.386148
  0
VERTEX
 10
-237.563170
 20
-119.988626
  0
VERTEX
 10
-235.099155
 20
-104.672907
  0
SEQEND
  0
POLYLINE
  8
VTM
 70
1
 62
0
 10
0
 20
0
  0
VERTEX
 10
-263.186403
 20
-161.696699
  0
VERTEX
 10
-255.144558
 20
-164.866981
  0
VERTEX
 10
-251.082282
 20
-151.665915
  0
SEQEND
  0
POLYLINE
  8
VTM
 70
1
 62
0
 10
0
 20
0
  0
VERTEX
 10
-251.327383
 20
154.677044
  0
VERTEX
 10
-254.828593
 20
168.837100
  0
VERTEX
 10
-263.770467
 20
166.444092
  0
SEQEND
  0
POLYLINE
  8
VTM
 70
1
 62
0
 10
0
 20
0
  0
VERTEX
 10
-264.068932
 20
118.845483
  0
VERTEX
 10
-262.789739
 20
103.162043
  0
VERTEX
 10
-236.941389
 20
105.046583
  0
SEQEND
  0
POLYLINE
  8
VTM
 70
1
 62
0
 10
0
 20
0
  0
VERTEX
 10
-227.631655
 20
71.887170
  0
VERTEX
 10
-267.191445
 20
69.002962
  0
VERTEX
 10
-266.306646
 20
42.839609
  0
SEQEND
  0
POLYLINE
  8
VTM
 70
1
 62
0
 10
0
 20
0
  0
VERTEX
 10
-268.378573
 20
8.460478
  0
VERTEX
 10
-267.376599
 20
-12.620216
  0
VERTEX
 10
-221.703212
 20
-10.824911
  0
SEQEND
  0
POLYLINE
  8
VTM
 70
1
 62
0
 10
0
 20
0
  0
VERTEX
 10
-270.781721
 20
-68.361168
  0
VERTEX
 10
-271.068477
 20
-47.374750
  0
VERTEX
 10
-310.021369
 20
-56.141812
  0
SEQEND
  0
POLYLINE
  8
VTM
 70
1
 62
0
 10
0
 20
0
  0
VERTEX
 10
-301.936736
 20
-107.096996
  0
VERTEX
 10
-279.962280
 20
-111.080439
  0
VERTEX
 10
-278.779751
 20
-101.861148
  0
SEQEND
  0
POLYLINE
  8
VTM
 70
1
 62
0
 10
0
 20
0
  0
VERTEX
 10
-302.269280
 20
-146.583461
  0
VERTEX
 10
-292.840932
 20
-143.023475
  0
VERTEX
 10
-301.090127
 20
-141.528093
  0
SEQEND
  0
POLYLINE
  8
VTM
 70
1
 62
0
 10
0
 20
0
  0
VERTEX
 10
294.693778
 20
149.253723
  0
VERTEX
 10
292.840928
 20
143.023478
  0
VERTEX
 10
301.090120
 20
141.528098
  0
SEQEND
  0
POLYLINE
  8
VTM
 70
1
 62
0
 10
0
 20
0
  0
VERTEX
 10
301.500890
 20
101.324709
  0
VERTEX
 10
301.936732
 20
107.096996
  0
VERTEX
 10
279.962280
 20
111.080435
  0
SEQEND
  0
POLYLINE
  8
VTM
 70
1
 62
0
 10
0
 20
0
  0
VERTEX
 10
307.909099
 20
67.484605
  0
VERTEX
 10
270.781720
 20
68.361139
  0
VERTEX
 10
271.068481
 20
47.374711
  0
SEQEND
  0
POLYLINE
  8
VTM
 70
1
 62
0
 10
0
 20
0
  0
VERTEX
 10
267.191445
 20
-69.002970
  0
VERTEX
 10
266.306649
 20
-42.839634
  0
VERTEX
 10
225.835341
 20
-43.852166
  0
SEQEND
  0
POLYLINE
  8
VTM
 70
1
 62
0
 10
0
 20
0
  0
VERTEX
 10
264.068932
 20
-118.845467
  0
VERTEX
 10
262.789741
 20
-103.162043
  0
VERTEX
 10
236.941392
 20
-105.046583
  0
SEQEND
  0
POLYLINE
  8
VTM
 70
1
 62
0
 10
0
 20
0
  0
VERTEX
 10
261.607025
 20
-153.198869
  0
VERTEX
 10
251.327376
 20
-154.677021
  0
VERTEX
 10
254.828587
 20
-168.837083
  0
SEQEND
  0
POLYLINE
  8
VTM
 70
1
 62
0
 10
0
 20
0
  0
VERTEX
 10
259.654375
 20
149.820216
  0
VERTEX
 10
263.186394
 20
161.696703
  0
VERTEX
 10
255.144564
 20
164.866977
  0
SEQEND
  0
POLYLINE
  8
VTM
 70
1
 62
0
 10
0
 20
0
  0
VERTEX
 10
257.350099
 20
103.000753
  0
VERTEX
 10
258.938731
 20
115.386141
  0
VERTEX
 10
237.563182
 20
119.988611
  0
SEQEND
  0
POLYLINE
  8
VTM
 70
1
 62
0
 10
0
 20
0
  0
VERTEX
 10
261.750022
 20
68.841443
  0
VERTEX
 10
225.643438
 20
71.554804
  0
VERTEX
 10
224.339173
 20
45.165364
  0
SEQEND
  0
POLYLINE
  8
VTM
 70
1
 62
0
 10
0
 20
0
  0
VERTEX
 10
222.046850
 20
-9.619650
  0
VERTEX
 10
268.378579
 20
-8.460498
  0
VERTEX
 10
267.376605
 20
12.620182
  0
SEQEND
  0
POLYLINE
  8
VTM
 70
1
 62
0
 10
0
 20
0
  0
VERTEX
 10
187.200895
 20
-75.841903
  0
VERTEX
 10
218.625848
 20
-72.722417
  0
VERTEX
 10
216.796576
 20
-44.173118
  0
SEQEND
  0
POLYLINE
  8
VTM
 70
1
 62
0
 10
0
 20
0
  0
VERTEX
 10
196.938496
 20
-108.878192
  0
VERTEX
 10
200.042153
 20
-129.543092
  0
VERTEX
 10
218.157090
 20
-126.165389
  0
SEQEND
  0
POLYLINE
  8
VTM
 70
1
 62
0
 10
0
 20
0
  0
VERTEX
 10
217.557723
 20
-180.737441
  0
VERTEX
 10
222.556086
 20
-179.134092
  0
VERTEX
 10
217.974939
 20
-160.606409
  0
SEQEND
  0
POLYLINE
  8
VTM
 70
1
 62
0
 10
0
 20
0
  0
VERTEX
 10
223.622139
 20
177.271799
  0
VERTEX
 10
218.456121
 20
179.198087
  0
VERTEX
 10
213.067562
 20
160.233087
  0
SEQEND
  0
POLYLINE
  8
VTM
 70
1
 62
0
 10
0
 20
0
  0
VERTEX
 10
199.782484
 20
128.456929
  0
VERTEX
 10
196.515655
 20
108.540265
  0
VERTEX
 10
213.739873
 20
106.748789
  0
SEQEND
  0
POLYLINE
  8
VTM
 70
1
 62
0
 10
0
 20
0
  0
VERTEX
 10
186.613645
 20
75.552872
  0
VERTEX
 10
184.560361
 20
45.619944
  0
VERTEX
 10
215.294727
 20
45.182382
  0
SEQEND
  0
POLYLINE
  8
VTM
 70
1
 62
0
 10
0
 20
0
  0
VERTEX
 10
181.076794
 20
11.355060
  0
VERTEX
 10
181.191878
 20
-11.095305
  0
VERTEX
 10
218.147502
 20
-9.758109
  0
SEQEND
  0
POLYLINE
  8
VTM
 70
1
 62
0
 10
0
 20
0
  0
VERTEX
 10
151.264929
 20
-79.564321
  0
VERTEX
 10
178.206631
 20
-76.793491
  0
VERTEX
 10
175.988223
 20
-45.655825
  0
SEQEND
  0
POLYLINE
  8
VTM
 70
1
 62
0
 10
0
 20
0
  0
VERTEX
 10
178.979608
 20
-133.653798
  0
VERTEX
 10
175.597670
 20
-111.136039
  0
VERTEX
 10
160.809286
 20
-112.656956
  0
SEQEND
  0
POLYLINE
  8
VTM
 70
1
 62
0
 10
0
 20
0
  0
VERTEX
 10
176.224156
 20
-168.683554
  0
VERTEX
 10
181.638843
 20
-192.244435
  0
VERTEX
 10
185.317329
 20
-191.134544
  0
SEQEND
  0
POLYLINE
  8
VTM
 70
1
 62
0
 10
0
 20
0
  0
VERTEX
 10
186.507573
 20
190.460112
  0
VERTEX
 10
182.405343
 20
191.781426
  0
VERTEX
 10
176.715198
 20
168.116543
  0
SEQEND
  0
POLYLINE
  8
VTM
 70
1
 62
0
 10
0
 20
0
  0
VERTEX
 10
160.847045
 20
112.442334
  0
VERTEX
 10
175.186337
 20
110.904364
  0
VERTEX
 10
178.815570
 20
133.030467
  0
SEQEND
  0
POLYLINE
  8
VTM
 70
1
 62
0
 10
0
 20
0
  0
VERTEX
 10
148.976559
 20
46.624053
  0
VERTEX
 10
175.519096
 20
45.860411
  0
VERTEX
 10
177.624233
 20
76.549241
  0
SEQEND
  0
POLYLINE
  8
VTM
 70
1
 62
0
 10
0
 20
0
  0
VERTEX
 10
177.292720
 20
-11.239025
  0
VERTEX
 10
177.176367
 20
11.458798
  0
VERTEX
 10
145.344162
 20
12.374627
  0
SEQEND
  0
POLYLINE
  8
VTM
 70
1
 62
0
 10
0
 20
0
  0
VERTEX
 10
142.265254
 20
-80.463327
  0
VERTEX
 10
140.036078
 20
-46.895789
  0
VERTEX
 10
113.899083
 20
-47.677881
  0
SEQEND
  0
POLYLINE
  8
VTM
 70
1
 62
0
 10
0
 20
0
  0
VERTEX
 10
143.004664
 20
-140.229261
  0
VERTEX
 10
139.455625
 20
-114.790039
  0
VERTEX
 10
124.782587
 20
-116.126604
  0
SEQEND
  0
POLYLINE
  8
VTM
 70
1
 62
0
 10
0
 20
0
  0
VERTEX
 10
138.815973
 20
-175.330721
  0
VERTEX
 10
143.810625
 20
-202.720718
  0
VERTEX
 10
149.028213
 20
-201.414502
  0
SEQEND
  0
POLYLINE
  8
VTM
 70
1
 62
0
 10
0
 20
0
  0
VERTEX
 10
149.889770
 20
201.283060
  0
VERTEX
 10
144.258034
 20
202.731484
  0
VERTEX
 10
139.137238
 20
175.163762
  0
SEQEND
  0
POLYLINE
  8
VTM
 70
1
 62
0
 10
0
 20
0
  0
VERTEX
 10
124.897920
 20
116.029045
  0
VERTEX
 10
139.501518
 20
114.655350
  0
VERTEX
 10
143.213842
 20
139.994645
  0
SEQEND
  0
POLYLINE
  8
VTM
 70
1
 62
0
 10
0
 20
0
  0
VERTEX
 10
115.860662
 20
82.794338
  0
VERTEX
 10
139.936422
 20
46.903797
  0
VERTEX
 10
142.182609
 20
80.318351
  0
SEQEND
  0
POLYLINE
  8
VTM
 70
1
 62
0
 10
0
 20
0
  0
VERTEX
 10
141.470761
 20
-12.484169
  0
VERTEX
 10
141.444222
 20
12.495309
  0
VERTEX
 10
110.411217
 20
13.392980
  0
SEQEND
  0
POLYLINE
  8
VTM
 70
1
 62
0
 10
0
 20
0
  0
VERTEX
 10
79.385688
 20
-85.536665
  0
VERTEX
 10
106.803041
 20
-83.614346
  0
VERTEX
 10
104.857857
 20
-47.919954
  0
SEQEND
  0
POLYLINE
  8
VTM
 70
1
 62
0
 10
0
 20
0
  0
VERTEX
 10
89.834935
 20
-147.841905
  0
VERTEX
 10
106.565791
 20
-145.782336
  0
VERTEX
 10
103.394961
 20
-117.886816
  0
SEQEND
  0
POLYLINE
  8
VTM
 70
1
 62
0
 10
0
 20
0
  0
VERTEX
 10
99.417535
 20
-180.923485
  0
VERTEX
 10
103.238582
 20
-211.380679
  0
VERTEX
 10
110.725981
 20
-209.997369
  0
SEQEND
  0
POLYLINE
  8
VTM
 70
1
 62
0
 10
0
 20
0
  0
VERTEX
 10
99.540753
 20
180.928824
  0
VERTEX
 10
105.632925
 20
180.164228
  0
VERTEX
 10
111.192945
 20
210.096506
  0
SEQEND
  0
POLYLINE
  8
VTM
 70
1
 62
0
 10
0
 20
0
  0
VERTEX
 10
89.930686
 20
147.855206
  0
VERTEX
 10
87.611284
 20
118.974360
  0
VERTEX
 10
103.514138
 20
117.835382
  0
SEQEND
  0
POLYLINE
  8
VTM
 70
1
 62
0
 10
0
 20
0
  0
VERTEX
 10
79.425917
 20
85.519653
  0
VERTEX
 10
77.984151
 20
48.519345
  0
VERTEX
 10
104.864263
 20
47.900060
  0
SEQEND
  0
POLYLINE
  8
VTM
 70
1
 62
0
 10
0
 20
0
  0
VERTEX
 10
74.749762
 20
-14.241750
  0
VERTEX
 10
106.509017
 20
-13.518042
  0
VERTEX
 10
106.510823
 20
13.497933
  0
SEQEND
  0
POLYLINE
  8
VTM
 70
1
 62
0
 10
0
 20
0
  0
VERTEX
 10
42.170759
 20
-87.297691
  0
VERTEX
 10
70.356371
 20
-86.059884
  0
VERTEX
 10
68.923383
 20
-48.702756
  0
SEQEND
  0
POLYLINE
  8
VTM
 70
1
 62
0
 10
0
 20
0
  0
VERTEX
 10
50.631167
 20
-151.364226
  0
VERTEX
 10
68.483755
 20
-149.999669
  0
VERTEX
 10
66.118823
 20
-120.239707
  0
SEQEND
  0
POLYLINE
  8
VTM
 70
1
 62
0
 10
0
 20
0
  0
VERTEX
 10
65.713806
 20
-184.329606
  0
VERTEX
 10
58.586452
 20
-184.874383
  0
VERTEX
 10
60.674839
 20
-217.430404
  0
SEQEND
  0
POLYLINE
  8
VTM
 70
1
 62
0
 10
0
 20
0
  0
VERTEX
 10
60.613575
 20
217.578451
  0
VERTEX
 10
58.567146
 20
184.919522
  0
VERTEX
 10
65.839863
 20
184.362928
  0
SEQEND
  0
POLYLINE
  8
VTM
 70
1
 62
0
 10
0
 20
0
  0
VERTEX
 10
49.398312
 20
120.978504
  0
VERTEX
 10
66.188344
 20
120.233885
  0
VERTEX
 10
68.581307
 20
150.030698
  0
SEQEND
  0
POLYLINE
  8
VTM
 70
1
 62
0
 10
0
 20
0
  0
VERTEX
 10
41.420463
 20
49.091912
  0
VERTEX
 10
68.941348
 20
48.692696
  0
VERTEX
 10
70.397044
 20
86.050489
  0
SEQEND
  0
POLYLINE
  8
VTM
 70
1
 62
0
 10
0
 20
0
  0
VERTEX
 10
38.511231
 20
14.773493
  0
VERTEX
 10
38.509319
 20
-14.776149
  0
VERTEX
 10
70.848645
 20
-14.315095
  0
SEQEND
  0
POLYLINE
  8
VTM
 70
1
 62
0
 10
0
 20
0
  0
VERTEX
 10
33.130335
 20
-87.568029
  0
VERTEX
 10
32.370072
 20
-49.182794
  0
VERTEX
 10
4.522205
 20
-49.318035
  0
SEQEND
  0
POLYLINE
  8
VTM
 70
1
 62
0
 10
0
 20
0
  0
VERTEX
 10
10.747182
 20
-152.960000
  0
VERTEX
 10
29.200077
 20
-152.476509
  0
VERTEX
 10
27.937971
 20
-121.615887
  0
SEQEND
  0
POLYLINE
  8
VTM
 70
1
 62
0
 10
0
 20
0
  0
VERTEX
 10
16.973104
 20
-186.834105
  0
VERTEX
 10
17.005291
 20
-220.395686
  0
VERTEX
 10
26.897899
 20
-220.011428
  0
SEQEND
  0
POLYLINE
  8
VTM
 70
1
 62
0
 10
0
 20
0
  0
VERTEX
 10
16.870010
 20
220.442482
  0
VERTEX
 10
16.902228
 20
186.852303
  0
VERTEX
 10
24.736155
 20
186.653750
  0
SEQEND
  0
POLYLINE
  8
VTM
 70
1
 62
0
 10
0
 20
0
  0
VERTEX
 10
10.712687
 20
152.971524
  0
VERTEX
 10
10.723049
 20
121.876890
  0
VERTEX
 10
27.947973
 20
121.620356
  0
SEQEND
  0
POLYLINE
  8
VTM
 70
1
 62
0
 10
0
 20
0
  0
VERTEX
 10
4.519700
 20
87.998634
  0
VERTEX
 10
4.522204
 20
49.318002
  0
VERTEX
 10
32.376438
 20
49.180928
  0
SEQEND
  0
POLYLINE
  8
VTM
 70
1
 62
0
 10
0
 20
0
  0
VERTEX
 10
34.609613
 20
14.811894
  0
VERTEX
 10
1.950876
 20
14.972612
  0
VERTEX
 10
1.950876
 20
-14.972640
  0
SEQEND
  0
POLYLINE
  8
VTM
 70
1
 62
0
 10
0
 20
0
  0
VERTEX
 10
-4.522260
 20
-49.318035
  0
VERTEX
 10
-32.376491
 20
-49.180960
  0
VERTEX
 10
-33.139734
 20
-87.572409
  0
SEQEND
  0
POLYLINE
  8
VTM
 70
1
 62
0
 10
0
 20
0
  0
VERTEX
 10
-10.723110
 20
-121.876904
  0
VERTEX
 10
-27.948033
 20
-121.620366
  0
VERTEX
 10
-29.201476
 20
-152.502918
  0
SEQEND
  0
POLYLINE
  8
VTM
 70
1
 62
0
 10
0
 20
0
  0
VERTEX
 10
-16.902297
 20
-186.852293
  0
VERTEX
 10
-24.736218
 20
-186.653739
  0
VERTEX
 10
-26.830787
 20
-220.080944
  0
SEQEND
  0
POLYLINE
  8
VTM
 70
1
 62
0
 10
0
 20
0
  0
VERTEX
 10
-16.973176
 20
186.834110
  0
VERTEX
 10
-17.005368
 20
220.395689
  0
VERTEX
 10
-26.897964
 20
220.011431
  0
SEQEND
  0
POLYLINE
  8
VTM
 70
1
 62
0
 10
0
 20
0
  0
VERTEX
 10
-29.200135
 20
152.476505
  0
VERTEX
 10
-27.938031
 20
121.615868
  0
VERTEX
 10
-10.736888
 20
121.874112
  0
SEQEND
  0
POLYLINE
  8
VTM
 70
1
 62
0
 10
0
 20
0
  0
VERTEX
 10
-33.130391
 20
87.568002
  0
VERTEX
 10
-32.370126
 20
49.182760
  0
VERTEX
 10
-4.522260
 20
49.318002
  0
SEQEND
  0
POLYLINE
  8
VTM
 70
1
 62
0
 10
0
 20
0
  0
VERTEX
 10
-34.609665
 20
-14.811921
  0
VERTEX
 10
-1.950930
 20
-14.972640
  0
VERTEX
 10
-1.950930
 20
14.972612
  0
SEQEND
  0
POLYLINE
  8
VTM
 70
1
 62
0
 10
0
 20
0
  0
VERTEX
 10
-352.822607
 20
-5.744060
  0
VERTEX
 10
-354.495944
 20
-30.825538
  0
VERTEX
 10
-328.247275
 20
-26.320277
  0
SEQEND
  0
POLYLINE
  8
VTM
 70
1
 62
0
 10
0
 20
0
  0
VERTEX
 10
-352.686206
 20
-65.339236
  0
VERTEX
 10
-316.953405
 20
-67.538183
  0
VERTEX
 10
-318.478694
 20
-59.347429
  0
SEQEND
  0
POLYLINE
  8
VTM
 70
1
 62
0
 10
0
 20
0
  0
VERTEX
 10
-350.881279
 20
-99.761181
  0
VERTEX
 10
-323.133911
 20
-103.749100
  0
VERTEX
 10
-322.960450
 20
-101.451788
  0
SEQEND
  0
POLYLINE
  8
VTM
 70
1
 62
0
 10
0
 20
0
  0
VERTEX
 10
-349.077805
 20
-134.155434
  0
VERTEX
 10
-334.615077
 20
-136.519068
  0
VERTEX
 10
-334.550754
 20
-136.243296
  0
SEQEND
  0
POLYLINE
  8
VTM
 70
1
 62
0
 10
0
 20
0
  0
VERTEX
 10
-347.274329
 20
-168.549696
  0
VERTEX
 10
-347.274329
 20
-168.549696
  0
VERTEX
 10
-347.274329
 20
-168.549696
  0
SEQEND
  0
POLYLINE
  8
VTM
 70
1
 62
0
 10
0
 20
0
  0
VERTEX
 10
-316.248360
 20
-192.209746
  0
VERTEX
 10
-309.700981
 20
-180.253748
  0
VERTEX
 10
-310.018084
 20
-180.141974
  0
SEQEND
  0
POLYLINE
  8
VTM
 70
1
 62
0
 10
0
 20
0
  0
VERTEX
 10
-270.114216
 20
-195.885156
  0
VERTEX
 10
-273.410438
 20
-194.585709
  0
VERTEX
 10
-284.626968
 20
-215.067921
  0
SEQEND
  0
POLYLINE
  8
VTM
 70
1
 62
0
 10
0
 20
0
  0
VERTEX
 10
-233.806321
 20
-210.173175
  0
VERTEX
 10
-248.043498
 20
-238.291997
  0
VERTEX
 10
-245.037619
 20
-240.021266
  0
SEQEND
  0
POLYLINE
  8
VTM
 70
1
 62
0
 10
0
 20
0
  0
VERTEX
 10
-195.500746
 20
-223.706783
  0
VERTEX
 10
-210.458355
 20
-258.095696
  0
VERTEX
 10
-207.038639
 20
-259.691335
  0
SEQEND
  0
POLYLINE
  8
VTM
 70
1
 62
0
 10
0
 20
0
  0
VERTEX
 10
-170.972838
 20
-274.579877
  0
VERTEX
 10
-165.040192
 20
-276.703909
  0
VERTEX
 10
-154.235046
 20
-235.696275
  0
SEQEND
  0
POLYLINE
  8
VTM
 70
1
 62
0
 10
0
 20
0
  0
VERTEX
 10
-110.993754
 20
-245.137084
  0
VERTEX
 10
-116.150308
 20
-244.179387
  0
VERTEX
 10
-127.720173
 20
-288.089278
  0
SEQEND
  0
POLYLINE
  8
VTM
 70
1
 62
0
 10
0
 20
0
  0
VERTEX
 10
-69.843202
 20
-299.587028
  0
VERTEX
 10
-65.715109
 20
-251.640044
  0
VERTEX
 10
-72.402790
 20
-250.894514
  0
SEQEND
  0
POLYLINE
  8
VTM
 70
1
 62
0
 10
0
 20
0
  0
VERTEX
 10
-19.393970
 20
-254.791387
  0
VERTEX
 10
-26.803704
 20
-254.522445
  0
VERTEX
 10
-31.011748
 20
-303.398056
  0
SEQEND
  0
POLYLINE
  8
VTM
 70
1
 62
0
 10
0
 20
0
  0
VERTEX
 10
19.624059
 20
-254.737496
  0
VERTEX
 10
19.723383
 20
-303.852096
  0
VERTEX
 10
31.333878
 20
-303.238487
  0
SEQEND
  0
POLYLINE
  8
VTM
 70
1
 62
0
 10
0
 20
0
  0
VERTEX
 10
72.289885
 20
-250.752607
  0
VERTEX
 10
70.145404
 20
-299.229155
  0
VERTEX
 10
80.600307
 20
-297.622206
  0
SEQEND
  0
POLYLINE
  8
VTM
 70
1
 62
0
 10
0
 20
0
  0
VERTEX
 10
110.876271
 20
-244.964655
  0
VERTEX
 10
118.824393
 20
-289.790936
  0
VERTEX
 10
127.075671
 20
-287.680538
  0
SEQEND
  0
POLYLINE
  8
VTM
 70
1
 62
0
 10
0
 20
0
  0
VERTEX
 10
164.365837
 20
-276.197815
  0
VERTEX
 10
169.383486
 20
-274.397229
  0
VERTEX
 10
155.850179
 20
-235.173627
  0
SEQEND
  0
POLYLINE
  8
VTM
 70
1
 62
0
 10
0
 20
0
  0
VERTEX
 10
193.411463
 20
-224.611441
  0
VERTEX
 10
205.466308
 20
-259.550012
  0
VERTEX
 10
207.474296
 20
-258.626103
  0
SEQEND
  0
POLYLINE
  8
VTM
 70
1
 62
0
 10
0
 20
0
  0
VERTEX
 10
230.546299
 20
-212.635947
  0
VERTEX
 10
242.224181
 20
-240.881978
  0
VERTEX
 10
243.005750
 20
-240.452209
  0
SEQEND
  0
POLYLINE
  8
VTM
 70
1
 62
0
 10
0
 20
0
  0
VERTEX
 10
276.603724
 20
-220.613236
  0
VERTEX
 10
276.603724
 20
-220.613236
  0
VERTEX
 10
268.556057
 20
-200.551490
  0
SEQEND
  0
POLYLINE
  8
VTM
 70
1
 62
0
 10
0
 20
0
  0
VERTEX
 10
309.890819
 20
-200.256958
  0
VERTEX
 10
315.728355
 20
-191.793079
  0
VERTEX
 10
306.683031
 20
-192.260378
  0
SEQEND
  0
POLYLINE
  8
VTM
 70
1
 62
0
 10
0
 20
0
  0
VERTEX
 10
295.278841
 20
-149.490569
  0
VERTEX
 10
296.872227
 20
-159.245747
  0
VERTEX
 10
322.084808
 20
-157.943215
  0
SEQEND
  0
POLYLINE
  8
VTM
 70
1
 62
0
 10
0
 20
0
  0
VERTEX
 10
330.312307
 20
-114.129518
  0
VERTEX
 10
332.807765
 20
-100.840521
  0
VERTEX
 10
284.219450
 20
-102.023537
  0
SEQEND
  0
POLYLINE
  8
VTM
 70
1
 62
0
 10
0
 20
0
  0
VERTEX
 10
339.164216
 20
-66.990666
  0
VERTEX
 10
343.110528
 20
-45.975470
  0
VERTEX
 10
275.350157
 20
-42.708195
  0
SEQEND
  0
POLYLINE
  8
VTM
 70
1
 62
0
 10
0
 20
0
  0
VERTEX
 10
324.598761
 20
24.937332
  0
VERTEX
 10
272.279972
 20
-8.403795
  0
VERTEX
 10
349.466982
 20
-12.125605
  0
SEQEND
  0
POLYLINE
  8
VTM
 70
1
 62
0
 10
0
 20
0
  0
VERTEX
 10
352.822608
 20
5.744025
  0
VERTEX
 10
354.495944
 20
30.825506
  0
VERTEX
 10
328.247274
 20
26.320244
  0
SEQEND
  0
POLYLINE
  8
VTM
 70
1
 62
0
 10
0
 20
0
  0
VERTEX
 10
352.686205
 20
65.339210
  0
VERTEX
 10
316.953401
 20
67.538156
  0
VERTEX
 10
318.478692
 20
59.347389
  0
SEQEND
  0
POLYLINE
  8
VTM
 70
1
 62
0
 10
0
 20
0
  0
VERTEX
 10
350.881275
 20
99.761182
  0
VERTEX
 10
323.133909
 20
103.749097
  0
VERTEX
 10
322.960447
 20
101.451768
  0
SEQEND
  0
POLYLINE
  8
VTM
 70
1
 62
0
 10
0
 20
0
  0
VERTEX
 10
334.550749
 20
136.243302
  0
VERTEX
 10
349.077798
 20
134.155441
  0
VERTEX
 10
349.077798
 20
134.155441
  0
SEQEND
  0
POLYLINE
  8
VTM
 70
1
 62
0
 10
0
 20
0
  0
VERTEX
 10
347.274322
 20
168.549702
  0
VERTEX
 10
347.274321
 20
168.549702
  0
VERTEX
 10
347.274321
 20
168.549702
  0
SEQEND
  0
POLYLINE
  8
VTM
 70
1
 62
0
 10
0
 20
0
  0
VERTEX
 10
310.018075
 20
180.141978
  0
VERTEX
 10
316.248351
 20
192.209751
  0
VERTEX
 10
316.248351
 20
192.209751
  0
SEQEND
  0
POLYLINE
  8
VTM
 70
1
 62
0
 10
0
 20
0
  0
VERTEX
 10
270.114213
 20
195.885151
  0
VERTEX
 10
273.410426
 20
194.585708
  0
VERTEX
 10
284.626957
 20
215.067926
  0
SEQEND
  0
POLYLINE
  8
VTM
 70
1
 62
0
 10
0
 20
0
  0
VERTEX
 10
233.806342
 20
210.173161
  0
VERTEX
 10
248.043518
 20
238.291980
  0
VERTEX
 10
245.037631
 20
240.021254
  0
SEQEND
  0
POLYLINE
  8
VTM
 70
1
 62
0
 10
0
 20
0
  0
VERTEX
 10
210.458390
 20
258.095672
  0
VERTEX
 10
207.038686
 20
259.691305
  0
VERTEX
 10
194.506912
 20
224.026884
  0
SEQEND
  0
POLYLINE
  8
VTM
 70
1
 62
0
 10
0
 20
0
  0
VERTEX
 10
157.055119
 20
234.970973
  0
VERTEX
 10
170.972895
 20
274.579845
  0
VERTEX
 10
165.040204
 20
276.703893
  0
SEQEND
  0
POLYLINE
  8
VTM
 70
1
 62
0
 10
0
 20
0
  0
VERTEX
 10
110.993744
 20
245.137081
  0
VERTEX
 10
116.150331
 20
244.179376
  0
VERTEX
 10
127.720197
 20
288.089260
  0
SEQEND
  0
POLYLINE
  8
VTM
 70
1
 62
0
 10
0
 20
0
  0
VERTEX
 10
69.843185
 20
299.587022
  0
VERTEX
 10
65.715092
 20
251.640046
  0
VERTEX
 10
72.402792
 20
250.894513
  0
SEQEND
  0
POLYLINE
  8
VTM
 70
1
 62
0
 10
0
 20
0
  0
VERTEX
 10
19.393894
 20
254.791394
  0
VERTEX
 10
26.803641
 20
254.522451
  0
VERTEX
 10
31.011686
 20
303.398055
  0
SEQEND
  0
POLYLINE
  8
VTM
 70
1
 62
0
 10
0
 20
0
  0
VERTEX
 10
-19.624135
 20
254.737497
  0
VERTEX
 10
-19.723464
 20
303.852094
  0
VERTEX
 10
-31.333945
 20
303.238485
  0
SEQEND
  0
POLYLINE
  8
VTM
 70
1
 62
0
 10
0
 20
0
  0
VERTEX
 10
-72.289880
 20
250.752616
  0
VERTEX
 10
-70.145425
 20
299.229159
  0
VERTEX
 10
-80.600297
 20
297.622214
  0
SEQEND
  0
POLYLINE
  8
VTM
 70
1
 62
0
 10
0
 20
0
  0
VERTEX
 10
-110.876278
 20
244.964668
  0
VERTEX
 10
-118.824395
 20
289.790944
  0
VERTEX
 10
-127.075647
 20
287.680554
  0
SEQEND
  0
POLYLINE
  8
VTM
 70
1
 62
0
 10
0
 20
0
  0
VERTEX
 10
-153.699532
 20
235.712056
  0
VERTEX
 10
-164.365827
 20
276.197829
  0
VERTEX
 10
-169.383432
 20
274.397259
  0
SEQEND
  0
POLYLINE
  8
VTM
 70
1
 62
0
 10
0
 20
0
  0
VERTEX
 10
-193.411423
 20
224.611472
  0
VERTEX
 10
-205.466263
 20
259.550040
  0
VERTEX
 10
-207.474253
 20
258.626129
  0
SEQEND
  0
POLYLINE
  8
VTM
 70
1
 62
0
 10
0
 20
0
  0
VERTEX
 10
-230.546283
 20
212.635970
  0
VERTEX
 10
-230.546283
 20
212.635970
  0
VERTEX
 10
-242.224161
 20
240.881993
  0
SEQEND
  0
POLYLINE
  8
VTM
 70
1
 62
0
 10
0
 20
0
  0
VERTEX
 10
-276.603727
 20
220.613238
  0
VERTEX
 10
-276.603727
 20
220.613238
  0
VERTEX
 10
-268.556064
 20
200.551505
  0
SEQEND
  0
POLYLINE
  8
VTM
 70
1
 62
0
 10
0
 20
0
  0
VERTEX
 10
-309.890820
 20
200.256959
  0
VERTEX
 10
-315.728346
 20
191.793093
  0
VERTEX
 10
-306.683037
 20
192.260391
  0
SEQEND
  0
POLYLINE
  8
VTM
 70
1
 62
0
 10
0
 20
0
  0
VERTEX
 10
-295.278848
 20
149.490589
  0
VERTEX
 10
-296.872234
 20
159.245761
  0
VERTEX
 10
-322.084799
 20
157.943231
  0
SEQEND
  0
POLYLINE
  8
VTM
 70
1
 62
0
 10
0
 20
0
  0
VERTEX
 10
-330.312299
 20
114.129531
  0
VERTEX
 10
-332.807759
 20
100.840519
  0
VERTEX
 10
-284.219449
 20
102.023535
  0
SEQEND
  0
POLYLINE
  8
VTM
 70
1
 62
0
 10
0
 20
0
  0
VERTEX
 10
-339.164212
 20
66.990657
  0
VERTEX
 10
-343.110527
 20
45.975443
  0
VERTEX
 10
-275.350152
 20
42.708169
  0
SEQEND
  0
POLYLINE
  8
VTM
 70
1
 62
0
 10
0
 20
0
  0
VERTEX
 10
-324.598762
 20
-24.937366
  0
VERTEX
 10
-272.279966
 20
8.403775
  0
VERTEX
 10
-349.466979
 20
12.125583
  0
SEQEND
  0
ENDSEC
  0
EOF
