  0
SECTION
  2
ENTITIES
  0
POLYLINE
  8
Paper
 70
1
 62
0
 10
0
 20
0
  0
VERTEX
 10
354.495944
 20
-354.495944
  0
VERTEX
 10
354.495944
 20
354.495944
  0
VERTEX
 10
-354.495944
 20
354.495944
  0
VERTEX
 10
-354.495944
 20
-354.495944
  0
SEQEND
  0
POLYLINE
  8
Paper
 70
1
 62
0
 10
0
 20
0
  0
VERTEX
 10
-352.822607
 20
-5.744059
  0
VERTEX
 10
-354.495944
 20
-30.825538
  0
VERTEX
 10
-352.692468
 20
-65.219801
  0
VERTEX
 10
-352.686206
 20
-65.339236
  0
VERTEX
 10
-350.882731
 20
-99.733489
  0
VERTEX
 10
-350.881279
 20
-99.761181
  0
VERTEX
 10
-349.077804
 20
-134.155433
  0
VERTEX
 10
-349.077804
 20
-134.155433
  0
VERTEX
 10
-347.274329
 20
-168.549695
  0
VERTEX
 10
-347.274329
 20
-168.549695
  0
VERTEX
 10
-316.248360
 20
-192.209745
  0
VERTEX
 10
-316.248360
 20
-192.209745
  0
VERTEX
 10
-284.626968
 20
-215.067920
  0
VERTEX
 10
-281.050395
 20
-217.484413
  0
VERTEX
 10
-248.043498
 20
-238.291996
  0
VERTEX
 10
-245.037619
 20
-240.021265
  0
VERTEX
 10
-210.458355
 20
-258.095695
  0
VERTEX
 10
-207.038639
 20
-259.691334
  0
VERTEX
 10
-170.972839
 20
-274.579876
  0
VERTEX
 10
-165.040192
 20
-276.703908
  0
VERTEX
 10
-127.720173
 20
-288.089277
  0
VERTEX
 10
-118.884940
 20
-290.316345
  0
VERTEX
 10
-80.627206
 20
-297.981609
  0
VERTEX
 10
-69.843202
 20
-299.587027
  0
VERTEX
 10
-31.011748
 20
-303.398055
  0
VERTEX
 10
-19.294544
 20
-303.956016
  0
VERTEX
 10
19.723383
 20
-303.852095
  0
VERTEX
 10
31.333878
 20
-303.238486
  0
VERTEX
 10
70.145404
 20
-299.229154
  0
VERTEX
 10
80.600307
 20
-297.622205
  0
VERTEX
 10
118.824393
 20
-289.790935
  0
VERTEX
 10
127.075671
 20
-287.680537
  0
VERTEX
 10
164.365837
 20
-276.197814
  0
VERTEX
 10
169.383486
 20
-274.397228
  0
VERTEX
 10
205.466308
 20
-259.550011
  0
VERTEX
 10
207.474296
 20
-258.626102
  0
VERTEX
 10
242.224180
 20
-240.881977
  0
VERTEX
 10
243.005750
 20
-240.452208
  0
VERTEX
 10
276.603724
 20
-220.613235
  0
VERTEX
 10
276.603724
 20
-220.613235
  0
VERTEX
 10
309.890819
 20
-200.256957
  0
VERTEX
 10
315.728354
 20
-191.793078
  0
VERTEX
 10
322.084808
 20
-157.943215
  0
VERTEX
 10
323.955855
 20
-147.979372
  0
VERTEX
 10
330.312307
 20
-114.129518
  0
VERTEX
 10
332.807764
 20
-100.840520
  0
VERTEX
 10
339.164216
 20
-66.990665
  0
VERTEX
 10
343.110528
 20
-45.975470
  0
VERTEX
 10
349.466982
 20
-12.125604
  0
VERTEX
 10
352.102498
 20
1.909245
  0
VERTEX
 10
352.822607
 20
5.744025
  0
VERTEX
 10
354.495944
 20
30.825506
  0
VERTEX
 10
352.692467
 20
65.219764
  0
VERTEX
 10
352.686204
 20
65.339210
  0
VERTEX
 10
350.882727
 20
99.733470
  0
VERTEX
 10
350.881274
 20
99.761181
  0
VERTEX
 10
349.077798
 20
134.155441
  0
VERTEX
 10
349.077798
 20
134.155441
  0
VERTEX
 10
347.274321
 20
168.549701
  0
VERTEX
 10
347.274321
 20
168.549701
  0
VERTEX
 10
316.248351
 20
192.209750
  0
VERTEX
 10
316.248351
 20
192.209750
  0
VERTEX
 10
284.626957
 20
215.067925
  0
VERTEX
 10
281.050393
 20
217.484411
  0
VERTEX
 10
248.043518
 20
238.291979
  0
VERTEX
 10
245.037630
 20
240.021253
  0
VERTEX
 10
210.458390
 20
258.095671
  0
VERTEX
 10
207.038686
 20
259.691305
  0
VERTEX
 10
170.972895
 20
274.579844
  0
VERTEX
 10
165.040204
 20
276.703892
  0
VERTEX
 10
127.720197
 20
288.089260
  0
VERTEX
 10
118.884933
 20
290.316336
  0
VERTEX
 10
80.627211
 20
297.981600
  0
VERTEX
 10
69.843185
 20
299.587021
  0
VERTEX
 10
31.011686
 20
303.398054
  0
VERTEX
 10
19.294463
 20
303.956016
  0
VERTEX
 10
-19.723464
 20
303.852093
  0
VERTEX
 10
-31.333944
 20
303.238484
  0
VERTEX
 10
-70.145425
 20
299.229158
  0
VERTEX
 10
-80.600297
 20
297.622213
  0
VERTEX
 10
-118.824395
 20
289.790943
  0
VERTEX
 10
-127.075647
 20
287.680553
  0
VERTEX
 10
-164.365827
 20
276.197828
  0
VERTEX
 10
-169.383432
 20
274.397258
  0
VERTEX
 10
-205.466264
 20
259.550039
  0
VERTEX
 10
-207.474253
 20
258.626128
  0
VERTEX
 10
-242.224161
 20
240.881992
  0
VERTEX
 10
-243.005730
 20
240.452223
  0
VERTEX
 10
-276.603727
 20
220.613237
  0
VERTEX
 10
-276.603727
 20
220.613237
  0
VERTEX
 10
-309.890819
 20
200.256958
  0
VERTEX
 10
-315.728346
 20
191.793093
  0
VERTEX
 10
-322.084799
 20
157.943230
  0
VERTEX
 10
-323.955846
 20
147.979391
  0
VERTEX
 10
-330.312299
 20
114.129530
  0
VERTEX
 10
-332.807759
 20
100.840519
  0
VERTEX
 10
-339.164212
 20
66.990656
  0
VERTEX
 10
-343.110526
 20
45.975443
  0
VERTEX
 10
-349.466979
 20
12.125583
  0
VERTEX
 10
-352.102498
 20
-1.909280
  0
SEQEND
  0
POLYLINE
  8
Polygon
 70
1
 62
0
 10
0
 20
0
  0
VERTEX
 10
1.950876
 20
14.972612
  0
VERTEX
 10
4.522204
 20
49.318002
  0
VERTEX
 10
-4.522260
 20
49.318002
  0
VERTEX
 10
-1.950930
 20
14.972612
  0
SEQEND
  0
POLYLINE
  8
Polygon
 70
1
 62
0
 10
0
 20
0
  0
VERTEX
 10
4.519700
 20
87.998634
  0
VERTEX
 10
10.723049
 20
121.876890
  0
VERTEX
 10
-10.736888
 20
121.874112
  0
VERTEX
 10
-4.524764
 20
87.997463
  0
SEQEND
  0
POLYLINE
  8
Polygon
 70
1
 62
0
 10
0
 20
0
  0
VERTEX
 10
10.712687
 20
152.971524
  0
VERTEX
 10
16.902229
 20
186.852302
  0
VERTEX
 10
-16.973176
 20
186.834109
  0
VERTEX
 10
-10.747247
 20
152.959999
  0
SEQEND
  0
POLYLINE
  8
Polygon
 70
1
 62
0
 10
0
 20
0
  0
VERTEX
 10
16.870010
 20
220.442481
  0
VERTEX
 10
19.393894
 20
254.791393
  0
VERTEX
 10
-19.624135
 20
254.737496
  0
VERTEX
 10
-17.005368
 20
220.395689
  0
SEQEND
  0
POLYLINE
  8
Polygon
 70
1
 62
0
 10
0
 20
0
  0
VERTEX
 10
19.624059
 20
-254.737495
  0
VERTEX
 10
17.005291
 20
-220.395685
  0
VERTEX
 10
-16.870082
 20
-220.442475
  0
VERTEX
 10
-19.393970
 20
-254.791387
  0
SEQEND
  0
POLYLINE
  8
Polygon
 70
1
 62
0
 10
0
 20
0
  0
VERTEX
 10
16.973104
 20
-186.834104
  0
VERTEX
 10
10.747182
 20
-152.959999
  0
VERTEX
 10
-10.712751
 20
-152.971521
  0
VERTEX
 10
-16.902297
 20
-186.852292
  0
SEQEND
  0
POLYLINE
  8
Polygon
 70
1
 62
0
 10
0
 20
0
  0
VERTEX
 10
10.736827
 20
-121.874128
  0
VERTEX
 10
4.524710
 20
-87.997486
  0
VERTEX
 10
-4.519756
 20
-87.998657
  0
VERTEX
 10
-10.723109
 20
-121.876904
  0
SEQEND
  0
POLYLINE
  8
Polygon
 70
1
 62
0
 10
0
 20
0
  0
VERTEX
 10
4.522205
 20
-49.318035
  0
VERTEX
 10
1.950876
 20
-14.972640
  0
VERTEX
 10
-1.950930
 20
-14.972640
  0
VERTEX
 10
-4.522260
 20
-49.318035
  0
SEQEND
  0
POLYLINE
  8
Polygon
 70
1
 62
0
 10
0
 20
0
  0
VERTEX
 10
38.511231
 20
14.773493
  0
VERTEX
 10
41.420463
 20
49.091912
  0
VERTEX
 10
32.376438
 20
49.180928
  0
VERTEX
 10
34.609613
 20
14.811894
  0
SEQEND
  0
POLYLINE
  8
Polygon
 70
1
 62
0
 10
0
 20
0
  0
VERTEX
 10
42.180099
 20
87.301877
  0
VERTEX
 10
49.398312
 20
120.978503
  0
VERTEX
 10
27.947973
 20
121.620355
  0
VERTEX
 10
33.139683
 20
87.572391
  0
SEQEND
  0
POLYLINE
  8
Polygon
 70
1
 62
0
 10
0
 20
0
  0
VERTEX
 10
50.633219
 20
151.404296
  0
VERTEX
 10
58.567146
 20
184.919521
  0
VERTEX
 10
24.736155
 20
186.653749
  0
VERTEX
 10
29.201420
 20
152.502922
  0
SEQEND
  0
POLYLINE
  8
Polygon
 70
1
 62
0
 10
0
 20
0
  0
VERTEX
 10
60.613576
 20
217.578451
  0
VERTEX
 10
65.715092
 20
251.640045
  0
VERTEX
 10
26.803641
 20
254.522451
  0
VERTEX
 10
26.830725
 20
220.080949
  0
SEQEND
  0
POLYLINE
  8
Polygon
 70
1
 62
0
 10
0
 20
0
  0
VERTEX
 10
65.855524
 20
-251.480047
  0
VERTEX
 10
60.674839
 20
-217.430403
  0
VERTEX
 10
26.897899
 20
-220.011427
  0
VERTEX
 10
26.950878
 20
-254.452900
  0
SEQEND
  0
POLYLINE
  8
Polygon
 70
1
 62
0
 10
0
 20
0
  0
VERTEX
 10
58.586452
 20
-184.874383
  0
VERTEX
 10
50.631167
 20
-151.364225
  0
VERTEX
 10
29.200077
 20
-152.476509
  0
VERTEX
 10
24.756575
 20
-186.630167
  0
SEQEND
  0
POLYLINE
  8
Polygon
 70
1
 62
0
 10
0
 20
0
  0
VERTEX
 10
49.388317
 20
-120.974449
  0
VERTEX
 10
42.170760
 20
-87.297691
  0
VERTEX
 10
33.130335
 20
-87.568029
  0
VERTEX
 10
27.937971
 20
-121.615887
  0
SEQEND
  0
POLYLINE
  8
Polygon
 70
1
 62
0
 10
0
 20
0
  0
VERTEX
 10
41.414111
 20
-49.094949
  0
VERTEX
 10
38.509319
 20
-14.776148
  0
VERTEX
 10
34.607696
 20
-14.814045
  0
VERTEX
 10
32.370072
 20
-49.182794
  0
SEQEND
  0
POLYLINE
  8
Polygon
 70
1
 62
0
 10
0
 20
0
  0
VERTEX
 10
74.755014
 20
14.229547
  0
VERTEX
 10
77.984151
 20
48.519345
  0
VERTEX
 10
68.941348
 20
48.692695
  0
VERTEX
 10
70.853924
 20
14.304332
  0
SEQEND
  0
POLYLINE
  8
Polygon
 70
1
 62
0
 10
0
 20
0
  0
VERTEX
 10
79.425917
 20
85.519652
  0
VERTEX
 10
87.611284
 20
118.974359
  0
VERTEX
 10
66.188344
 20
120.233885
  0
VERTEX
 10
70.397044
 20
86.050489
  0
SEQEND
  0
POLYLINE
  8
Polygon
 70
1
 62
0
 10
0
 20
0
  0
VERTEX
 10
89.930686
 20
147.855206
  0
VERTEX
 10
99.540753
 20
180.928823
  0
VERTEX
 10
65.839863
 20
184.362928
  0
VERTEX
 10
68.581307
 20
150.030698
  0
SEQEND
  0
POLYLINE
  8
Polygon
 70
1
 62
0
 10
0
 20
0
  0
VERTEX
 10
103.382618
 20
211.547074
  0
VERTEX
 10
110.993744
 20
245.137080
  0
VERTEX
 10
72.402792
 20
250.894512
  0
VERTEX
 10
69.878034
 20
216.545665
  0
SEQEND
  0
POLYLINE
  8
Polygon
 70
1
 62
0
 10
0
 20
0
  0
VERTEX
 10
110.876271
 20
-244.964655
  0
VERTEX
 10
103.238582
 20
-211.380678
  0
VERTEX
 10
69.737963
 20
-216.405766
  0
VERTEX
 10
72.289885
 20
-250.752606
  0
SEQEND
  0
POLYLINE
  8
Polygon
 70
1
 62
0
 10
0
 20
0
  0
VERTEX
 10
99.417535
 20
-180.923485
  0
VERTEX
 10
89.834935
 20
-147.841905
  0
VERTEX
 10
68.483755
 20
-149.999669
  0
VERTEX
 10
65.713806
 20
-184.329606
  0
SEQEND
  0
POLYLINE
  8
Polygon
 70
1
 62
0
 10
0
 20
0
  0
VERTEX
 10
87.542821
 20
-118.998260
  0
VERTEX
 10
79.385688
 20
-85.536664
  0
VERTEX
 10
70.356371
 20
-86.059883
  0
VERTEX
 10
66.118823
 20
-120.239707
  0
SEQEND
  0
POLYLINE
  8
Polygon
 70
1
 62
0
 10
0
 20
0
  0
VERTEX
 10
77.966248
 20
-48.532741
  0
VERTEX
 10
74.749762
 20
-14.241750
  0
VERTEX
 10
70.848645
 20
-14.315095
  0
VERTEX
 10
68.923383
 20
-48.702756
  0
SEQEND
  0
POLYLINE
  8
Polygon
 70
1
 62
0
 10
0
 20
0
  0
VERTEX
 10
110.411217
 20
13.392980
  0
VERTEX
 10
113.905454
 20
47.656778
  0
VERTEX
 10
104.864263
 20
47.900060
  0
VERTEX
 10
106.510823
 20
13.497932
  0
SEQEND
  0
POLYLINE
  8
Polygon
 70
1
 62
0
 10
0
 20
0
  0
VERTEX
 10
115.860662
 20
82.794338
  0
VERTEX
 10
124.897920
 20
116.029045
  0
VERTEX
 10
103.514138
 20
117.835381
  0
VERTEX
 10
106.848295
 20
83.555634
  0
SEQEND
  0
POLYLINE
  8
Polygon
 70
1
 62
0
 10
0
 20
0
  0
VERTEX
 10
127.996739
 20
142.573781
  0
VERTEX
 10
139.137238
 20
175.163762
  0
VERTEX
 10
105.632925
 20
180.164227
  0
VERTEX
 10
106.771891
 20
145.741555
  0
SEQEND
  0
POLYLINE
  8
Polygon
 70
1
 62
0
 10
0
 20
0
  0
VERTEX
 10
144.258034
 20
202.731483
  0
VERTEX
 10
154.235056
 20
235.696263
  0
VERTEX
 10
116.150331
 20
244.179375
  0
VERTEX
 10
111.192945
 20
210.096505
  0
SEQEND
  0
POLYLINE
  8
Polygon
 70
1
 62
0
 10
0
 20
0
  0
VERTEX
 10
153.699538
 20
-235.712037
  0
VERTEX
 10
143.810625
 20
-202.720717
  0
VERTEX
 10
110.725981
 20
-209.997368
  0
VERTEX
 10
115.592283
 20
-244.093363
  0
SEQEND
  0
POLYLINE
  8
Polygon
 70
1
 62
0
 10
0
 20
0
  0
VERTEX
 10
138.815973
 20
-175.330720
  0
VERTEX
 10
127.802847
 20
-142.697483
  0
VERTEX
 10
106.565791
 20
-145.782335
  0
VERTEX
 10
105.292389
 20
-180.200290
  0
SEQEND
  0
POLYLINE
  8
Polygon
 70
1
 62
0
 10
0
 20
0
  0
VERTEX
 10
124.782587
 20
-116.126603
  0
VERTEX
 10
115.817032
 20
-82.872491
  0
VERTEX
 10
106.803041
 20
-83.614346
  0
VERTEX
 10
103.394961
 20
-117.886816
  0
SEQEND
  0
POLYLINE
  8
Polygon
 70
1
 62
0
 10
0
 20
0
  0
VERTEX
 10
113.899084
 20
-47.677880
  0
VERTEX
 10
110.409426
 20
-13.413611
  0
VERTEX
 10
106.509017
 20
-13.518042
  0
VERTEX
 10
104.857858
 20
-47.919954
  0
SEQEND
  0
POLYLINE
  8
Polygon
 70
1
 62
0
 10
0
 20
0
  0
VERTEX
 10
145.344162
 20
12.374626
  0
VERTEX
 10
148.976559
 20
46.624053
  0
VERTEX
 10
139.936422
 20
46.903797
  0
VERTEX
 10
141.444222
 20
12.495309
  0
SEQEND
  0
POLYLINE
  8
Polygon
 70
1
 62
0
 10
0
 20
0
  0
VERTEX
 10
151.178853
 20
79.385657
  0
VERTEX
 10
160.847045
 20
112.442334
  0
VERTEX
 10
139.501518
 20
114.655350
  0
VERTEX
 10
142.182609
 20
80.318351
  0
SEQEND
  0
POLYLINE
  8
Polygon
 70
1
 62
0
 10
0
 20
0
  0
VERTEX
 10
164.297128
 20
135.991643
  0
VERTEX
 10
176.715198
 20
168.116542
  0
VERTEX
 10
143.434347
 20
174.435447
  0
VERTEX
 10
143.213842
 20
139.994644
  0
SEQEND
  0
POLYLINE
  8
Polygon
 70
1
 62
0
 10
0
 20
0
  0
VERTEX
 10
182.405343
 20
191.781425
  0
VERTEX
 10
194.506912
 20
224.026884
  0
VERTEX
 10
157.055119
 20
234.970972
  0
VERTEX
 10
149.889770
 20
201.283060
  0
SEQEND
  0
POLYLINE
  8
Polygon
 70
1
 62
0
 10
0
 20
0
  0
VERTEX
 10
193.411464
 20
-224.611440
  0
VERTEX
 10
181.638843
 20
-192.244435
  0
VERTEX
 10
149.028213
 20
-201.414501
  0
VERTEX
 10
155.850179
 20
-235.173627
  0
SEQEND
  0
POLYLINE
  8
Polygon
 70
1
 62
0
 10
0
 20
0
  0
VERTEX
 10
176.224156
 20
-168.683553
  0
VERTEX
 10
164.126786
 20
-136.436525
  0
VERTEX
 10
143.004664
 20
-140.229260
  0
VERTEX
 10
142.882002
 20
-174.670545
  0
SEQEND
  0
POLYLINE
  8
Polygon
 70
1
 62
0
 10
0
 20
0
  0
VERTEX
 10
160.809286
 20
-112.656955
  0
VERTEX
 10
151.264929
 20
-79.564320
  0
VERTEX
 10
142.265254
 20
-80.463326
  0
VERTEX
 10
139.455625
 20
-114.790038
  0
SEQEND
  0
POLYLINE
  8
Polygon
 70
1
 62
0
 10
0
 20
0
  0
VERTEX
 10
149.075602
 20
-46.596835
  0
VERTEX
 10
145.370436
 20
-12.355200
  0
VERTEX
 10
141.470761
 20
-12.484169
  0
VERTEX
 10
140.036078
 20
-46.895788
  0
SEQEND
  0
POLYLINE
  8
Polygon
 70
1
 62
0
 10
0
 20
0
  0
VERTEX
 10
181.076794
 20
11.355060
  0
VERTEX
 10
184.560361
 20
45.619944
  0
VERTEX
 10
175.519096
 20
45.860411
  0
VERTEX
 10
177.176367
 20
11.458798
  0
SEQEND
  0
POLYLINE
  8
Polygon
 70
1
 62
0
 10
0
 20
0
  0
VERTEX
 10
186.613645
 20
75.552872
  0
VERTEX
 10
196.515655
 20
108.540265
  0
VERTEX
 10
175.186337
 20
110.904364
  0
VERTEX
 10
177.624233
 20
76.549240
  0
SEQEND
  0
POLYLINE
  8
Polygon
 70
1
 62
0
 10
0
 20
0
  0
VERTEX
 10
199.782484
 20
128.456928
  0
VERTEX
 10
213.067562
 20
160.233086
  0
VERTEX
 10
179.970411
 20
167.452610
  0
VERTEX
 10
178.815570
 20
133.030466
  0
SEQEND
  0
POLYLINE
  8
Polygon
 70
1
 62
0
 10
0
 20
0
  0
VERTEX
 10
218.456121
 20
179.198086
  0
VERTEX
 10
232.299464
 20
210.735040
  0
VERTEX
 10
195.500783
 20
223.706761
  0
VERTEX
 10
186.507573
 20
190.460111
  0
SEQEND
  0
POLYLINE
  8
Polygon
 70
1
 62
0
 10
0
 20
0
  0
VERTEX
 10
230.546299
 20
-212.635947
  0
VERTEX
 10
217.557723
 20
-180.737440
  0
VERTEX
 10
185.317329
 20
-191.134543
  0
VERTEX
 10
193.411464
 20
-224.611440
  0
SEQEND
  0
POLYLINE
  8
Polygon
 70
1
 62
0
 10
0
 20
0
  0
VERTEX
 10
212.624244
 20
-161.604096
  0
VERTEX
 10
200.042153
 20
-129.543092
  0
VERTEX
 10
178.979608
 20
-133.653797
  0
VERTEX
 10
179.376137
 20
-168.093019
  0
SEQEND
  0
POLYLINE
  8
Polygon
 70
1
 62
0
 10
0
 20
0
  0
VERTEX
 10
196.938496
 20
-108.878191
  0
VERTEX
 10
187.200895
 20
-75.841902
  0
VERTEX
 10
178.206631
 20
-76.793491
  0
VERTEX
 10
175.597670
 20
-111.136039
  0
SEQEND
  0
POLYLINE
  8
Polygon
 70
1
 62
0
 10
0
 20
0
  0
VERTEX
 10
185.026548
 20
-45.322679
  0
VERTEX
 10
181.191878
 20
-11.095305
  0
VERTEX
 10
177.292720
 20
-11.239025
  0
VERTEX
 10
175.988223
 20
-45.655825
  0
SEQEND
  0
POLYLINE
  8
Polygon
 70
1
 62
0
 10
0
 20
0
  0
VERTEX
 10
221.703228
 20
10.824873
  0
VERTEX
 10
224.339173
 20
45.165364
  0
VERTEX
 10
215.294728
 20
45.182382
  0
VERTEX
 10
217.801429
 20
10.832215
  0
SEQEND
  0
POLYLINE
  8
Polygon
 70
1
 62
0
 10
0
 20
0
  0
VERTEX
 10
225.643438
 20
71.554803
  0
VERTEX
 10
235.099165
 20
104.672881
  0
VERTEX
 10
213.739873
 20
106.748788
  0
VERTEX
 10
216.641392
 20
72.429711
  0
SEQEND
  0
POLYLINE
  8
Polygon
 70
1
 62
0
 10
0
 20
0
  0
VERTEX
 10
237.563182
 20
119.988610
  0
VERTEX
 10
251.082289
 20
151.665911
  0
VERTEX
 10
218.039292
 20
159.129372
  0
VERTEX
 10
216.630574
 20
124.716685
  0
SEQEND
  0
POLYLINE
  8
Polygon
 70
1
 62
0
 10
0
 20
0
  0
VERTEX
 10
255.144564
 20
164.866976
  0
VERTEX
 10
270.114213
 20
195.885151
  0
VERTEX
 10
233.806342
 20
210.173160
  0
VERTEX
 10
223.622138
 20
177.271798
  0
SEQEND
  0
POLYLINE
  8
Polygon
 70
1
 62
0
 10
0
 20
0
  0
VERTEX
 10
267.718118
 20
-200.775736
  0
VERTEX
 10
254.828587
 20
-168.837083
  0
VERTEX
 10
222.556086
 20
-179.134091
  0
VERTEX
 10
230.546299
 20
-212.635947
  0
SEQEND
  0
POLYLINE
  8
Polygon
 70
1
 62
0
 10
0
 20
0
  0
VERTEX
 10
251.327376
 20
-154.677020
  0
VERTEX
 10
239.285728
 20
-122.409143
  0
VERTEX
 10
218.157090
 20
-126.165388
  0
VERTEX
 10
217.974939
 20
-160.606408
  0
SEQEND
  0
POLYLINE
  8
Polygon
 70
1
 62
0
 10
0
 20
0
  0
VERTEX
 10
236.941392
 20
-105.046583
  0
VERTEX
 10
227.631661
 20
-71.887177
  0
VERTEX
 10
218.625848
 20
-72.722417
  0
VERTEX
 10
215.573163
 20
-107.028369
  0
SEQEND
  0
POLYLINE
  8
Polygon
 70
1
 62
0
 10
0
 20
0
  0
VERTEX
 10
225.835342
 20
-43.852166
  0
VERTEX
 10
222.046850
 20
-9.619649
  0
VERTEX
 10
218.147502
 20
-9.758109
  0
VERTEX
 10
216.796576
 20
-44.173118
  0
SEQEND
  0
POLYLINE
  8
Polygon
 70
1
 62
0
 10
0
 20
0
  0
VERTEX
 10
271.265789
 20
12.933767
  0
VERTEX
 10
271.068481
 20
47.374711
  0
VERTEX
 10
262.053277
 20
46.647813
  0
VERTEX
 10
267.376606
 20
12.620181
  0
SEQEND
  0
POLYLINE
  8
Polygon
 70
1
 62
0
 10
0
 20
0
  0
VERTEX
 10
270.781720
 20
68.361139
  0
VERTEX
 10
278.779751
 20
101.861128
  0
VERTEX
 10
257.350099
 20
103.000753
  0
VERTEX
 10
261.750022
 20
68.841442
  0
SEQEND
  0
POLYLINE
  8
Polygon
 70
1
 62
0
 10
0
 20
0
  0
VERTEX
 10
279.962280
 20
111.080435
  0
VERTEX
 10
292.840928
 20
143.023477
  0
VERTEX
 10
259.654375
 20
149.820215
  0
VERTEX
 10
258.938731
 20
115.386140
  0
SEQEND
  0
POLYLINE
  8
Polygon
 70
1
 62
0
 10
0
 20
0
  0
VERTEX
 10
294.693778
 20
149.253722
  0
VERTEX
 10
309.700973
 20
180.253751
  0
VERTEX
 10
273.410426
 20
194.585708
  0
VERTEX
 10
263.186394
 20
161.696702
  0
SEQEND
  0
POLYLINE
  8
Polygon
 70
1
 62
0
 10
0
 20
0
  0
VERTEX
 10
306.683031
 20
-192.260377
  0
VERTEX
 10
296.872227
 20
-159.245746
  0
VERTEX
 10
263.770463
 20
-166.444075
  0
VERTEX
 10
268.556057
 20
-200.551489
  0
SEQEND
  0
POLYLINE
  8
Polygon
 70
1
 62
0
 10
0
 20
0
  0
VERTEX
 10
295.278841
 20
-149.490569
  0
VERTEX
 10
285.399893
 20
-116.496274
  0
VERTEX
 10
264.068932
 20
-118.845467
  0
VERTEX
 10
261.607025
 20
-153.198868
  0
SEQEND
  0
POLYLINE
  8
Polygon
 70
1
 62
0
 10
0
 20
0
  0
VERTEX
 10
284.219450
 20
-102.023536
  0
VERTEX
 10
276.223171
 20
-68.523138
  0
VERTEX
 10
267.191445
 20
-69.002969
  0
VERTEX
 10
262.789741
 20
-103.162042
  0
SEQEND
  0
POLYLINE
  8
Polygon
 70
1
 62
0
 10
0
 20
0
  0
VERTEX
 10
275.350157
 20
-42.708194
  0
VERTEX
 10
272.279972
 20
-8.403795
  0
VERTEX
 10
268.378579
 20
-8.460498
  0
VERTEX
 10
266.306649
 20
-42.839634
  0
SEQEND
  0
POLYLINE
  8
Polygon
 70
1
 62
0
 10
0
 20
0
  0
VERTEX
 10
328.247273
 20
26.320243
  0
VERTEX
 10
318.478692
 20
59.347389
  0
VERTEX
 10
310.021369
 20
56.141774
  0
VERTEX
 10
324.598760
 20
24.937332
  0
SEQEND
  0
POLYLINE
  8
Polygon
 70
1
 62
0
 10
0
 20
0
  0
VERTEX
 10
316.953401
 20
67.538155
  0
VERTEX
 10
322.960446
 20
101.451768
  0
VERTEX
 10
301.500889
 20
101.324709
  0
VERTEX
 10
307.909098
 20
67.484604
  0
SEQEND
  0
POLYLINE
  8
Polygon
 70
1
 62
0
 10
0
 20
0
  0
VERTEX
 10
323.133909
 20
103.749097
  0
VERTEX
 10
334.550749
 20
136.243302
  0
VERTEX
 10
301.090119
 20
141.528097
  0
VERTEX
 10
301.936732
 20
107.096995
  0
SEQEND
  0
POLYLINE
  8
Polygon
 70
1
 62
0
 10
0
 20
0
  0
VERTEX
 10
334.615072
 20
136.519074
  0
VERTEX
 10
347.274321
 20
168.549701
  0
VERTEX
 10
310.018075
 20
180.141977
  0
VERTEX
 10
302.269271
 20
146.583465
  0
SEQEND
  0
POLYLINE
  8
Polygon
 70
1
 62
0
 10
0
 20
0
  0
VERTEX
 10
-310.018084
 20
-180.141973
  0
VERTEX
 10
-302.269279
 20
-146.583460
  0
VERTEX
 10
-334.615077
 20
-136.519067
  0
VERTEX
 10
-347.274329
 20
-168.549695
  0
SEQEND
  0
POLYLINE
  8
Polygon
 70
1
 62
0
 10
0
 20
0
  0
VERTEX
 10
-301.090127
 20
-141.528092
  0
VERTEX
 10
-301.936736
 20
-107.096996
  0
VERTEX
 10
-323.133911
 20
-103.749099
  0
VERTEX
 10
-334.550754
 20
-136.243296
  0
SEQEND
  0
POLYLINE
  8
Polygon
 70
1
 62
0
 10
0
 20
0
  0
VERTEX
 10
-301.500895
 20
-101.324726
  0
VERTEX
 10
-307.909100
 20
-67.484631
  0
VERTEX
 10
-316.953405
 20
-67.538182
  0
VERTEX
 10
-322.960450
 20
-101.451787
  0
SEQEND
  0
POLYLINE
  8
Polygon
 70
1
 62
0
 10
0
 20
0
  0
VERTEX
 10
-310.021369
 20
-56.141812
  0
VERTEX
 10
-324.598762
 20
-24.937366
  0
VERTEX
 10
-328.247275
 20
-26.320277
  0
VERTEX
 10
-318.478694
 20
-59.347428
  0
SEQEND
  0
POLYLINE
  8
Polygon
 70
1
 62
0
 10
0
 20
0
  0
VERTEX
 10
-268.378573
 20
8.460478
  0
VERTEX
 10
-266.306646
 20
42.839609
  0
VERTEX
 10
-275.350152
 20
42.708169
  0
VERTEX
 10
-272.279966
 20
8.403774
  0
SEQEND
  0
POLYLINE
  8
Polygon
 70
1
 62
0
 10
0
 20
0
  0
VERTEX
 10
-267.191446
 20
69.002962
  0
VERTEX
 10
-262.789739
 20
103.162043
  0
VERTEX
 10
-284.219449
 20
102.023535
  0
VERTEX
 10
-276.223169
 20
68.523129
  0
SEQEND
  0
POLYLINE
  8
Polygon
 70
1
 62
0
 10
0
 20
0
  0
VERTEX
 10
-264.068932
 20
118.845483
  0
VERTEX
 10
-261.607028
 20
153.198890
  0
VERTEX
 10
-295.278848
 20
149.490589
  0
VERTEX
 10
-285.399895
 20
116.496288
  0
SEQEND
  0
POLYLINE
  8
Polygon
 70
1
 62
0
 10
0
 20
0
  0
VERTEX
 10
-263.770467
 20
166.444091
  0
VERTEX
 10
-268.556064
 20
200.551505
  0
VERTEX
 10
-306.683037
 20
192.260391
  0
VERTEX
 10
-296.872234
 20
159.245760
  0
SEQEND
  0
POLYLINE
  8
Polygon
 70
1
 62
0
 10
0
 20
0
  0
VERTEX
 10
-273.410438
 20
-194.585708
  0
VERTEX
 10
-263.186403
 20
-161.696699
  0
VERTEX
 10
-294.693782
 20
-149.253719
  0
VERTEX
 10
-309.700981
 20
-180.253748
  0
SEQEND
  0
POLYLINE
  8
Polygon
 70
1
 62
0
 10
0
 20
0
  0
VERTEX
 10
-259.654383
 20
-149.820213
  0
VERTEX
 10
-258.938733
 20
-115.386148
  0
VERTEX
 10
-279.962281
 20
-111.080439
  0
VERTEX
 10
-292.840932
 20
-143.023474
  0
SEQEND
  0
POLYLINE
  8
Polygon
 70
1
 62
0
 10
0
 20
0
  0
VERTEX
 10
-257.350101
 20
-103.000775
  0
VERTEX
 10
-261.750021
 20
-68.841474
  0
VERTEX
 10
-270.781721
 20
-68.361168
  0
VERTEX
 10
-278.779751
 20
-101.861148
  0
SEQEND
  0
POLYLINE
  8
Polygon
 70
1
 62
0
 10
0
 20
0
  0
VERTEX
 10
-262.053272
 20
-46.647853
  0
VERTEX
 10
-267.376600
 20
-12.620216
  0
VERTEX
 10
-271.265783
 20
-12.933801
  0
VERTEX
 10
-271.068477
 20
-47.374750
  0
SEQEND
  0
POLYLINE
  8
Polygon
 70
1
 62
0
 10
0
 20
0
  0
VERTEX
 10
-218.147485
 20
9.758094
  0
VERTEX
 10
-216.796558
 20
44.173099
  0
VERTEX
 10
-225.835330
 20
43.852145
  0
VERTEX
 10
-222.046835
 20
9.619634
  0
SEQEND
  0
POLYLINE
  8
Polygon
 70
1
 62
0
 10
0
 20
0
  0
VERTEX
 10
-218.625836
 20
72.722411
  0
VERTEX
 10
-215.573148
 20
107.028370
  0
VERTEX
 10
-236.941389
 20
105.046583
  0
VERTEX
 10
-227.631655
 20
71.887169
  0
SEQEND
  0
POLYLINE
  8
Polygon
 70
1
 62
0
 10
0
 20
0
  0
VERTEX
 10
-218.157078
 20
126.165410
  0
VERTEX
 10
-217.974924
 20
160.606436
  0
VERTEX
 10
-251.327383
 20
154.677043
  0
VERTEX
 10
-239.285727
 20
122.409163
  0
SEQEND
  0
POLYLINE
  8
Polygon
 70
1
 62
0
 10
0
 20
0
  0
VERTEX
 10
-222.556071
 20
179.134115
  0
VERTEX
 10
-230.546283
 20
212.635969
  0
VERTEX
 10
-267.718127
 20
200.775752
  0
VERTEX
 10
-254.828593
 20
168.837099
  0
SEQEND
  0
POLYLINE
  8
Polygon
 70
1
 62
0
 10
0
 20
0
  0
VERTEX
 10
-233.806321
 20
-210.173175
  0
VERTEX
 10
-223.622119
 20
-177.271809
  0
VERTEX
 10
-255.144558
 20
-164.866980
  0
VERTEX
 10
-270.114216
 20
-195.885155
  0
SEQEND
  0
POLYLINE
  8
Polygon
 70
1
 62
0
 10
0
 20
0
  0
VERTEX
 10
-218.039270
 20
-159.129381
  0
VERTEX
 10
-216.630554
 20
-124.716702
  0
VERTEX
 10
-237.563170
 20
-119.988626
  0
VERTEX
 10
-251.082283
 20
-151.665915
  0
SEQEND
  0
POLYLINE
  8
Polygon
 70
1
 62
0
 10
0
 20
0
  0
VERTEX
 10
-213.739855
 20
-106.748814
  0
VERTEX
 10
-216.641374
 20
-72.429748
  0
VERTEX
 10
-225.643426
 20
-71.554839
  0
VERTEX
 10
-235.099155
 20
-104.672906
  0
SEQEND
  0
POLYLINE
  8
Polygon
 70
1
 62
0
 10
0
 20
0
  0
VERTEX
 10
-215.294708
 20
-45.182424
  0
VERTEX
 10
-217.801411
 20
-10.832252
  0
VERTEX
 10
-221.703212
 20
-10.824910
  0
VERTEX
 10
-224.339161
 20
-45.165406
  0
SEQEND
  0
POLYLINE
  8
Polygon
 70
1
 62
0
 10
0
 20
0
  0
VERTEX
 10
-177.292700
 20
11.239008
  0
VERTEX
 10
-175.988199
 20
45.655804
  0
VERTEX
 10
-185.026528
 20
45.322658
  0
VERTEX
 10
-181.191860
 20
11.095288
  0
SEQEND
  0
POLYLINE
  8
Polygon
 70
1
 62
0
 10
0
 20
0
  0
VERTEX
 10
-178.206604
 20
76.793486
  0
VERTEX
 10
-175.597638
 20
111.136041
  0
VERTEX
 10
-196.938477
 20
108.878192
  0
VERTEX
 10
-187.200872
 20
75.841898
  0
SEQEND
  0
POLYLINE
  8
Polygon
 70
1
 62
0
 10
0
 20
0
  0
VERTEX
 10
-178.979578
 20
133.653822
  0
VERTEX
 10
-179.376103
 20
168.093048
  0
VERTEX
 10
-212.624233
 20
161.604124
  0
VERTEX
 10
-200.042137
 20
129.543115
  0
SEQEND
  0
POLYLINE
  8
Polygon
 70
1
 62
0
 10
0
 20
0
  0
VERTEX
 10
-185.317294
 20
191.134572
  0
VERTEX
 10
-193.411423
 20
224.611471
  0
VERTEX
 10
-230.546283
 20
212.635969
  0
VERTEX
 10
-217.557709
 20
180.737463
  0
SEQEND
  0
POLYLINE
  8
Polygon
 70
1
 62
0
 10
0
 20
0
  0
VERTEX
 10
-195.500746
 20
-223.706782
  0
VERTEX
 10
-186.507542
 20
-190.460127
  0
VERTEX
 10
-218.456105
 20
-179.198096
  0
VERTEX
 10
-232.299452
 20
-210.735051
  0
SEQEND
  0
POLYLINE
  8
Polygon
 70
1
 62
0
 10
0
 20
0
  0
VERTEX
 10
-179.970378
 20
-167.452623
  0
VERTEX
 10
-178.815542
 20
-133.030487
  0
VERTEX
 10
-199.782467
 20
-128.456945
  0
VERTEX
 10
-213.067545
 20
-160.233095
  0
SEQEND
  0
POLYLINE
  8
Polygon
 70
1
 62
0
 10
0
 20
0
  0
VERTEX
 10
-175.186309
 20
-110.904393
  0
VERTEX
 10
-177.624210
 20
-76.549279
  0
VERTEX
 10
-186.613628
 20
-75.552910
  0
VERTEX
 10
-196.515637
 20
-108.540291
  0
SEQEND
  0
POLYLINE
  8
Polygon
 70
1
 62
0
 10
0
 20
0
  0
VERTEX
 10
-175.519073
 20
-45.860453
  0
VERTEX
 10
-177.176347
 20
-11.458834
  0
VERTEX
 10
-181.076776
 20
-11.355096
  0
VERTEX
 10
-184.560344
 20
-45.619986
  0
SEQEND
  0
POLYLINE
  8
Polygon
 70
1
 62
0
 10
0
 20
0
  0
VERTEX
 10
-141.470722
 20
12.484150
  0
VERTEX
 10
-140.036039
 20
46.895765
  0
VERTEX
 10
-149.075564
 20
46.596813
  0
VERTEX
 10
-145.370399
 20
12.355182
  0
SEQEND
  0
POLYLINE
  8
Polygon
 70
1
 62
0
 10
0
 20
0
  0
VERTEX
 10
-142.265214
 20
80.463321
  0
VERTEX
 10
-139.455579
 20
114.790041
  0
VERTEX
 10
-160.809250
 20
112.656957
  0
VERTEX
 10
-151.264890
 20
79.564315
  0
SEQEND
  0
POLYLINE
  8
Polygon
 70
1
 62
0
 10
0
 20
0
  0
VERTEX
 10
-143.004621
 20
140.229285
  0
VERTEX
 10
-142.881952
 20
174.670575
  0
VERTEX
 10
-176.224123
 20
168.683583
  0
VERTEX
 10
-164.126752
 20
136.436549
  0
SEQEND
  0
POLYLINE
  8
Polygon
 70
1
 62
0
 10
0
 20
0
  0
VERTEX
 10
-149.028162
 20
201.414532
  0
VERTEX
 10
-155.850128
 20
235.173657
  0
VERTEX
 10
-193.411423
 20
224.611471
  0
VERTEX
 10
-181.638808
 20
192.244463
  0
SEQEND
  0
POLYLINE
  8
Polygon
 70
1
 62
0
 10
0
 20
0
  0
VERTEX
 10
-157.055063
 20
-234.970996
  0
VERTEX
 10
-149.889715
 20
-201.283080
  0
VERTEX
 10
-182.405297
 20
-191.781445
  0
VERTEX
 10
-194.506866
 20
-224.026907
  0
SEQEND
  0
POLYLINE
  8
Polygon
 70
1
 62
0
 10
0
 20
0
  0
VERTEX
 10
-143.434293
 20
-174.435462
  0
VERTEX
 10
-143.213794
 20
-139.994666
  0
VERTEX
 10
-164.297086
 20
-135.991665
  0
VERTEX
 10
-176.715153
 20
-168.116558
  0
SEQEND
  0
POLYLINE
  8
Polygon
 70
1
 62
0
 10
0
 20
0
  0
VERTEX
 10
-139.501473
 20
-114.655379
  0
VERTEX
 10
-142.182568
 20
-80.318389
  0
VERTEX
 10
-151.178817
 20
-79.385695
  0
VERTEX
 10
-160.847006
 20
-112.442363
  0
SEQEND
  0
POLYLINE
  8
Polygon
 70
1
 62
0
 10
0
 20
0
  0
VERTEX
 10
-139.936382
 20
-46.903839
  0
VERTEX
 10
-141.444184
 20
-12.495345
  0
VERTEX
 10
-145.344125
 20
-12.374663
  0
VERTEX
 10
-148.976524
 20
-46.624095
  0
SEQEND
  0
POLYLINE
  8
Polygon
 70
1
 62
0
 10
0
 20
0
  0
VERTEX
 10
-106.509020
 20
13.518022
  0
VERTEX
 10
-104.857859
 20
47.919929
  0
VERTEX
 10
-113.899087
 20
47.677856
  0
VERTEX
 10
-110.409430
 20
13.413590
  0
SEQEND
  0
POLYLINE
  8
Polygon
 70
1
 62
0
 10
0
 20
0
  0
VERTEX
 10
-106.803042
 20
83.614333
  0
VERTEX
 10
-103.394955
 20
117.886810
  0
VERTEX
 10
-124.782589
 20
116.126599
  0
VERTEX
 10
-115.817035
 20
82.872478
  0
SEQEND
  0
POLYLINE
  8
Polygon
 70
1
 62
0
 10
0
 20
0
  0
VERTEX
 10
-106.565784
 20
145.782349
  0
VERTEX
 10
-105.292376
 20
180.200309
  0
VERTEX
 10
-138.815972
 20
175.330742
  0
VERTEX
 10
-127.802848
 20
142.697498
  0
SEQEND
  0
POLYLINE
  8
Polygon
 70
1
 62
0
 10
0
 20
0
  0
VERTEX
 10
-110.725965
 20
209.997387
  0
VERTEX
 10
-115.592264
 20
244.093381
  0
VERTEX
 10
-153.699532
 20
235.712056
  0
VERTEX
 10
-143.810621
 20
202.720736
  0
SEQEND
  0
POLYLINE
  8
Polygon
 70
1
 62
0
 10
0
 20
0
  0
VERTEX
 10
-116.150308
 20
-244.179386
  0
VERTEX
 10
-111.192928
 20
-210.096515
  0
VERTEX
 10
-144.258022
 20
-202.731493
  0
VERTEX
 10
-154.235046
 20
-235.696274
  0
SEQEND
  0
POLYLINE
  8
Polygon
 70
1
 62
0
 10
0
 20
0
  0
VERTEX
 10
-105.632908
 20
-180.164234
  0
VERTEX
 10
-106.771882
 20
-145.741568
  0
VERTEX
 10
-127.996733
 20
-142.573794
  0
VERTEX
 10
-139.137226
 20
-175.163768
  0
SEQEND
  0
POLYLINE
  8
Polygon
 70
1
 62
0
 10
0
 20
0
  0
VERTEX
 10
-103.514131
 20
-117.835405
  0
VERTEX
 10
-106.848289
 20
-83.555665
  0
VERTEX
 10
-115.860660
 20
-82.794370
  0
VERTEX
 10
-124.897915
 20
-116.029069
  0
SEQEND
  0
POLYLINE
  8
Polygon
 70
1
 62
0
 10
0
 20
0
  0
VERTEX
 10
-104.864263
 20
-47.900099
  0
VERTEX
 10
-106.510826
 20
-13.497966
  0
VERTEX
 10
-110.411222
 20
-13.393014
  0
VERTEX
 10
-113.905458
 20
-47.656817
  0
SEQEND
  0
POLYLINE
  8
Polygon
 70
1
 62
0
 10
0
 20
0
  0
VERTEX
 10
-70.848679
 20
14.315071
  0
VERTEX
 10
-68.923412
 20
48.702727
  0
VERTEX
 10
-77.966280
 20
48.532713
  0
VERTEX
 10
-74.749797
 20
14.241727
  0
SEQEND
  0
POLYLINE
  8
Polygon
 70
1
 62
0
 10
0
 20
0
  0
VERTEX
 10
-70.356391
 20
86.059863
  0
VERTEX
 10
-66.118836
 20
120.239695
  0
VERTEX
 10
-87.542843
 20
118.998250
  0
VERTEX
 10
-79.385711
 20
85.536646
  0
SEQEND
  0
POLYLINE
  8
Polygon
 70
1
 62
0
 10
0
 20
0
  0
VERTEX
 10
-68.483765
 20
149.999675
  0
VERTEX
 10
-65.713807
 20
184.329615
  0
VERTEX
 10
-99.417553
 20
180.923500
  0
VERTEX
 10
-89.834956
 20
147.841913
  0
SEQEND
  0
POLYLINE
  8
Polygon
 70
1
 62
0
 10
0
 20
0
  0
VERTEX
 10
-69.737958
 20
216.405776
  0
VERTEX
 10
-72.289880
 20
250.752615
  0
VERTEX
 10
-110.876278
 20
244.964667
  0
VERTEX
 10
-103.238594
 20
211.380691
  0
SEQEND
  0
POLYLINE
  8
Polygon
 70
1
 62
0
 10
0
 20
0
  0
VERTEX
 10
-72.402790
 20
-250.894513
  0
VERTEX
 10
-69.878035
 20
-216.545665
  0
VERTEX
 10
-103.382632
 20
-211.547077
  0
VERTEX
 10
-110.993754
 20
-245.137084
  0
SEQEND
  0
POLYLINE
  8
Polygon
 70
1
 62
0
 10
0
 20
0
  0
VERTEX
 10
-65.839869
 20
-184.362922
  0
VERTEX
 10
-68.581320
 20
-150.030700
  0
VERTEX
 10
-89.930712
 20
-147.855210
  0
VERTEX
 10
-99.540772
 20
-180.928824
  0
SEQEND
  0
POLYLINE
  8
Polygon
 70
1
 62
0
 10
0
 20
0
  0
VERTEX
 10
-66.188363
 20
-120.233903
  0
VERTEX
 10
-70.397072
 20
-86.050516
  0
VERTEX
 10
-79.425950
 20
-85.519680
  0
VERTEX
 10
-87.611316
 20
-118.974380
  0
SEQEND
  0
POLYLINE
  8
Polygon
 70
1
 62
0
 10
0
 20
0
  0
VERTEX
 10
-68.941379
 20
-48.692732
  0
VERTEX
 10
-70.853958
 20
-14.304363
  0
VERTEX
 10
-74.755049
 20
-14.229579
  0
VERTEX
 10
-77.984187
 20
-48.519382
  0
SEQEND
  0
POLYLINE
  8
Polygon
 70
1
 62
0
 10
0
 20
0
  0
VERTEX
 10
-34.607748
 20
14.814016
  0
VERTEX
 10
-32.370126
 20
49.182760
  0
VERTEX
 10
-41.414152
 20
49.094915
  0
VERTEX
 10
-38.509366
 20
14.776119
  0
SEQEND
  0
POLYLINE
  8
Polygon
 70
1
 62
0
 10
0
 20
0
  0
VERTEX
 10
-33.130391
 20
87.568001
  0
VERTEX
 10
-27.938031
 20
121.615867
  0
VERTEX
 10
-49.388353
 20
120.974432
  0
VERTEX
 10
-42.170802
 20
87.297663
  0
SEQEND
  0
POLYLINE
  8
Polygon
 70
1
 62
0
 10
0
 20
0
  0
VERTEX
 10
-29.200135
 20
152.476505
  0
VERTEX
 10
-24.756640
 20
186.630171
  0
VERTEX
 10
-58.586476
 20
184.874388
  0
VERTEX
 10
-50.631201
 20
151.364225
  0
SEQEND
  0
POLYLINE
  8
Polygon
 70
1
 62
0
 10
0
 20
0
  0
VERTEX
 10
-26.897964
 20
220.011431
  0
VERTEX
 10
-26.950946
 20
254.452901
  0
VERTEX
 10
-65.855546
 20
251.480053
  0
VERTEX
 10
-60.674863
 20
217.430410
  0
SEQEND
  0
POLYLINE
  8
Polygon
 70
1
 62
0
 10
0
 20
0
  0
VERTEX
 10
-26.803704
 20
-254.522444
  0
VERTEX
 10
-26.830787
 20
-220.080943
  0
VERTEX
 10
-60.613592
 20
-217.578448
  0
VERTEX
 10
-65.715109
 20
-251.640044
  0
SEQEND
  0
POLYLINE
  8
Polygon
 70
1
 62
0
 10
0
 20
0
  0
VERTEX
 10
-24.736218
 20
-186.653738
  0
VERTEX
 10
-29.201476
 20
-152.502917
  0
VERTEX
 10
-50.633245
 20
-151.404294
  0
VERTEX
 10
-58.567163
 20
-184.919514
  0
SEQEND
  0
POLYLINE
  8
Polygon
 70
1
 62
0
 10
0
 20
0
  0
VERTEX
 10
-27.948033
 20
-121.620366
  0
VERTEX
 10
-33.139734
 20
-87.572408
  0
VERTEX
 10
-42.180140
 20
-87.301895
  0
VERTEX
 10
-49.398341
 20
-120.978516
  0
SEQEND
  0
POLYLINE
  8
Polygon
 70
1
 62
0
 10
0
 20
0
  0
VERTEX
 10
-32.376491
 20
-49.180960
  0
VERTEX
 10
-34.609665
 20
-14.811921
  0
VERTEX
 10
-38.511278
 20
-14.773519
  0
VERTEX
 10
-41.420506
 20
-49.091944
  0
SEQEND
  0
POLYLINE
  8
Polygon
 70
1
 62
0
 10
0
 20
0
  0
VERTEX
 10
-343.110526
 20
45.975443
  0
VERTEX
 10
-349.466979
 20
12.125583
  0
SEQEND
  0
POLYLINE
  8
Polygon
 70
1
 62
0
 10
0
 20
0
  0
VERTEX
 10
-332.807759
 20
100.840519
  0
VERTEX
 10
-339.164212
 20
66.990656
  0
SEQEND
  0
POLYLINE
  8
Polygon
 70
1
 62
0
 10
0
 20
0
  0
VERTEX
 10
-323.955846
 20
147.979391
  0
VERTEX
 10
-330.312299
 20
114.129530
  0
SEQEND
  0
POLYLINE
  8
Polygon
 70
1
 62
0
 10
0
 20
0
  0
VERTEX
 10
-315.728346
 20
191.793093
  0
VERTEX
 10
-322.084799
 20
157.943230
  0
SEQEND
  0
POLYLINE
  8
Polygon
 70
1
 62
0
 10
0
 20
0
  0
VERTEX
 10
-276.603727
 20
220.613237
  0
VERTEX
 10
-309.890819
 20
200.256958
  0
SEQEND
  0
POLYLINE
  8
Polygon
 70
1
 62
0
 10
0
 20
0
  0
VERTEX
 10
-243.005730
 20
240.452223
  0
VERTEX
 10
-276.603727
 20
220.613237
  0
SEQEND
  0
POLYLINE
  8
Polygon
 70
1
 62
0
 10
0
 20
0
  0
VERTEX
 10
-207.474253
 20
258.626128
  0
VERTEX
 10
-242.224161
 20
240.881992
  0
SEQEND
  0
POLYLINE
  8
Polygon
 70
1
 62
0
 10
0
 20
0
  0
VERTEX
 10
-169.383432
 20
274.397258
  0
VERTEX
 10
-205.466264
 20
259.550039
  0
SEQEND
  0
POLYLINE
  8
Polygon
 70
1
 62
0
 10
0
 20
0
  0
VERTEX
 10
-127.075647
 20
287.680553
  0
VERTEX
 10
-164.365827
 20
276.197828
  0
SEQEND
  0
POLYLINE
  8
Polygon
 70
1
 62
0
 10
0
 20
0
  0
VERTEX
 10
-80.600297
 20
297.622213
  0
VERTEX
 10
-118.824395
 20
289.790943
  0
SEQEND
  0
POLYLINE
  8
Polygon
 70
1
 62
0
 10
0
 20
0
  0
VERTEX
 10
-31.333944
 20
303.238484
  0
VERTEX
 10
-70.145425
 20
299.229158
  0
SEQEND
  0
POLYLINE
  8
Polygon
 70
1
 62
0
 10
0
 20
0
  0
VERTEX
 10
19.294463
 20
303.956016
  0
VERTEX
 10
-19.723464
 20
303.852093
  0
SEQEND
  0
POLYLINE
  8
Polygon
 70
1
 62
0
 10
0
 20
0
  0
VERTEX
 10
69.843185
 20
299.587021
  0
VERTEX
 10
31.011686
 20
303.398054
  0
SEQEND
  0
POLYLINE
  8
Polygon
 70
1
 62
0
 10
0
 20
0
  0
VERTEX
 10
118.884933
 20
290.316336
  0
VERTEX
 10
80.627211
 20
297.981600
  0
SEQEND
  0
POLYLINE
  8
Polygon
 70
1
 62
0
 10
0
 20
0
  0
VERTEX
 10
165.040204
 20
276.703892
  0
VERTEX
 10
127.720197
 20
288.089260
  0
SEQEND
  0
POLYLINE
  8
Polygon
 70
1
 62
0
 10
0
 20
0
  0
VERTEX
 10
207.038686
 20
259.691305
  0
VERTEX
 10
170.972895
 20
274.579844
  0
SEQEND
  0
POLYLINE
  8
Polygon
 70
1
 62
0
 10
0
 20
0
  0
VERTEX
 10
245.037630
 20
240.021253
  0
VERTEX
 10
210.458390
 20
258.095671
  0
SEQEND
  0
POLYLINE
  8
Polygon
 70
1
 62
0
 10
0
 20
0
  0
VERTEX
 10
281.050393
 20
217.484411
  0
VERTEX
 10
248.043518
 20
238.291979
  0
SEQEND
  0
POLYLINE
  8
Polygon
 70
1
 62
0
 10
0
 20
0
  0
VERTEX
 10
316.248351
 20
192.209750
  0
VERTEX
 10
284.626957
 20
215.067925
  0
SEQEND
  0
POLYLINE
  8
Polygon
 70
1
 62
0
 10
0
 20
0
  0
VERTEX
 10
347.274321
 20
168.549701
  0
VERTEX
 10
316.248351
 20
192.209750
  0
SEQEND
  0
POLYLINE
  8
Polygon
 70
1
 62
0
 10
0
 20
0
  0
VERTEX
 10
349.077798
 20
134.155441
  0
VERTEX
 10
347.274321
 20
168.549701
  0
SEQEND
  0
POLYLINE
  8
Polygon
 70
1
 62
0
 10
0
 20
0
  0
VERTEX
 10
350.881274
 20
99.761181
  0
VERTEX
 10
349.077798
 20
134.155441
  0
SEQEND
  0
POLYLINE
  8
Polygon
 70
1
 62
0
 10
0
 20
0
  0
VERTEX
 10
352.686204
 20
65.339210
  0
VERTEX
 10
350.882727
 20
99.733470
  0
SEQEND
  0
POLYLINE
  8
Polygon
 70
1
 62
0
 10
0
 20
0
  0
VERTEX
 10
354.495944
 20
30.825506
  0
VERTEX
 10
352.692467
 20
65.219764
  0
SEQEND
  0
POLYLINE
  8
Polygon
 70
1
 62
0
 10
0
 20
0
  0
VERTEX
 10
352.102498
 20
1.909245
  0
VERTEX
 10
352.822607
 20
5.744025
  0
SEQEND
  0
POLYLINE
  8
Polygon
 70
1
 62
0
 10
0
 20
0
  0
VERTEX
 10
343.110528
 20
-45.975470
  0
VERTEX
 10
349.466982
 20
-12.125604
  0
SEQEND
  0
POLYLINE
  8
Polygon
 70
1
 62
0
 10
0
 20
0
  0
VERTEX
 10
332.807764
 20
-100.840520
  0
VERTEX
 10
339.164216
 20
-66.990665
  0
SEQEND
  0
POLYLINE
  8
Polygon
 70
1
 62
0
 10
0
 20
0
  0
VERTEX
 10
323.955855
 20
-147.979372
  0
VERTEX
 10
330.312307
 20
-114.129518
  0
SEQEND
  0
POLYLINE
  8
Polygon
 70
1
 62
0
 10
0
 20
0
  0
VERTEX
 10
315.728354
 20
-191.793078
  0
VERTEX
 10
322.084808
 20
-157.943215
  0
SEQEND
  0
POLYLINE
  8
Polygon
 70
1
 62
0
 10
0
 20
0
  0
VERTEX
 10
276.603724
 20
-220.613235
  0
VERTEX
 10
309.890819
 20
-200.256957
  0
SEQEND
  0
POLYLINE
  8
Polygon
 70
1
 62
0
 10
0
 20
0
  0
VERTEX
 10
243.005750
 20
-240.452208
  0
VERTEX
 10
276.603724
 20
-220.613235
  0
SEQEND
  0
POLYLINE
  8
Polygon
 70
1
 62
0
 10
0
 20
0
  0
VERTEX
 10
207.474296
 20
-258.626102
  0
VERTEX
 10
242.224180
 20
-240.881977
  0
SEQEND
  0
POLYLINE
  8
Polygon
 70
1
 62
0
 10
0
 20
0
  0
VERTEX
 10
169.383486
 20
-274.397228
  0
VERTEX
 10
205.466308
 20
-259.550011
  0
SEQEND
  0
POLYLINE
  8
Polygon
 70
1
 62
0
 10
0
 20
0
  0
VERTEX
 10
127.075671
 20
-287.680537
  0
VERTEX
 10
164.365837
 20
-276.197814
  0
SEQEND
  0
POLYLINE
  8
Polygon
 70
1
 62
0
 10
0
 20
0
  0
VERTEX
 10
80.600307
 20
-297.622205
  0
VERTEX
 10
118.824393
 20
-289.790935
  0
SEQEND
  0
POLYLINE
  8
Polygon
 70
1
 62
0
 10
0
 20
0
  0
VERTEX
 10
31.333878
 20
-303.238486
  0
VERTEX
 10
70.145404
 20
-299.229154
  0
SEQEND
  0
POLYLINE
  8
Polygon
 70
1
 62
0
 10
0
 20
0
  0
VERTEX
 10
-19.294544
 20
-303.956016
  0
VERTEX
 10
19.723383
 20
-303.852095
  0
SEQEND
  0
POLYLINE
  8
Polygon
 70
1
 62
0
 10
0
 20
0
  0
VERTEX
 10
-69.843202
 20
-299.587027
  0
VERTEX
 10
-31.011748
 20
-303.398055
  0
SEQEND
  0
POLYLINE
  8
Polygon
 70
1
 62
0
 10
0
 20
0
  0
VERTEX
 10
-118.884940
 20
-290.316345
  0
VERTEX
 10
-80.627206
 20
-297.981609
  0
SEQEND
  0
POLYLINE
  8
Polygon
 70
1
 62
0
 10
0
 20
0
  0
VERTEX
 10
-165.040192
 20
-276.703908
  0
VERTEX
 10
-127.720173
 20
-288.089277
  0
SEQEND
  0
POLYLINE
  8
Polygon
 70
1
 62
0
 10
0
 20
0
  0
VERTEX
 10
-207.038639
 20
-259.691334
  0
VERTEX
 10
-170.972839
 20
-274.579876
  0
SEQEND
  0
POLYLINE
  8
Polygon
 70
1
 62
0
 10
0
 20
0
  0
VERTEX
 10
-245.037619
 20
-240.021265
  0
VERTEX
 10
-210.458355
 20
-258.095695
  0
SEQEND
  0
POLYLINE
  8
Polygon
 70
1
 62
0
 10
0
 20
0
  0
VERTEX
 10
-281.050395
 20
-217.484413
  0
VERTEX
 10
-248.043498
 20
-238.291996
  0
SEQEND
  0
POLYLINE
  8
Polygon
 70
1
 62
0
 10
0
 20
0
  0
VERTEX
 10
-316.248360
 20
-192.209745
  0
VERTEX
 10
-284.626968
 20
-215.067920
  0
SEQEND
  0
POLYLINE
  8
Polygon
 70
1
 62
0
 10
0
 20
0
  0
VERTEX
 10
-347.274329
 20
-168.549695
  0
VERTEX
 10
-316.248360
 20
-192.209745
  0
SEQEND
  0
POLYLINE
  8
Polygon
 70
1
 62
0
 10
0
 20
0
  0
VERTEX
 10
-349.077804
 20
-134.155433
  0
VERTEX
 10
-347.274329
 20
-168.549695
  0
SEQEND
  0
POLYLINE
  8
Polygon
 70
1
 62
0
 10
0
 20
0
  0
VERTEX
 10
-350.881279
 20
-99.761181
  0
VERTEX
 10
-349.077804
 20
-134.155433
  0
SEQEND
  0
POLYLINE
  8
Polygon
 70
1
 62
0
 10
0
 20
0
  0
VERTEX
 10
-352.686206
 20
-65.339236
  0
VERTEX
 10
-350.882731
 20
-99.733489
  0
SEQEND
  0
POLYLINE
  8
Polygon
 70
1
 62
0
 10
0
 20
0
  0
VERTEX
 10
-354.495944
 20
-30.825538
  0
VERTEX
 10
-352.692468
 20
-65.219801
  0
SEQEND
  0
POLYLINE
  8
Polygon
 70
1
 62
0
 10
0
 20
0
  0
VERTEX
 10
-352.102498
 20
-1.909280
  0
VERTEX
 10
-352.822607
 20
-5.744059
  0
SEQEND
  0
LINE
  8
CrimpMountain
 62
1
 10
-275.350152
 20
42.708169
 11
-309.521002
 21
38.313727
  0
LINE
  8
CrimpValley
 62
5
 10
-343.110526
 20
45.975443
 11
-309.521002
 21
38.313727
  0
LINE
  8
CrimpValley
 62
5
 10
-275.350152
 20
42.708169
 11
-310.187823
 21
24.484439
  0
LINE
  8
CrimpMountain
 62
1
 10
-343.110526
 20
45.975443
 11
-310.187823
 21
24.484439
  0
LINE
  8
CrimpMountain
 62
1
 10
-284.219449
 20
102.023535
 11
-308.363828
 21
95.280502
  0
LINE
  8
CrimpValley
 62
5
 10
-332.807759
 20
100.840519
 11
-308.363828
 21
95.280502
  0
LINE
  8
CrimpValley
 62
5
 10
-284.219449
 20
102.023535
 11
-308.136785
 21
85.955492
  0
LINE
  8
CrimpMountain
 62
1
 10
-332.807759
 20
100.840519
 11
-308.136785
 21
85.955492
  0
LINE
  8
CrimpMountain
 62
1
 10
-295.278848
 20
149.490589
 11
-309.439081
 21
145.352156
  0
LINE
  8
CrimpValley
 62
5
 10
-323.955846
 20
147.979391
 11
-309.439081
 21
145.352156
  0
LINE
  8
CrimpValley
 62
5
 10
-295.278848
 20
149.490589
 11
-309.118822
 21
139.274810
  0
LINE
  8
CrimpMountain
 62
1
 10
-323.955846
 20
147.979391
 11
-309.118822
 21
139.274810
  0
LINE
  8
CrimpMountain
 62
1
 10
-306.683037
 20
192.260391
 11
-311.204253
 21
191.998893
  0
LINE
  8
CrimpValley
 62
5
 10
-315.728346
 20
191.793093
 11
-311.204253
 21
191.998893
  0
LINE
  8
CrimpValley
 62
5
 10
-306.683037
 20
192.260391
 11
-311.046584
 21
188.946954
  0
LINE
  8
CrimpMountain
 62
1
 10
-315.728346
 20
191.793093
 11
-311.046584
 21
188.946954
  0
LINE
  8
CrimpMountain
 62
1
 10
-268.556064
 20
200.551505
 11
-271.923702
 21
210.845599
  0
LINE
  8
CrimpValley
 62
5
 10
-276.603727
 20
220.613237
 11
-271.923702
 21
210.845599
  0
LINE
  8
CrimpValley
 62
5
 10
-268.556064
 20
200.551505
 11
-272.870705
 21
210.465714
  0
LINE
  8
CrimpMountain
 62
1
 10
-276.603727
 20
220.613237
 11
-272.870705
 21
210.465714
  0
LINE
  8
CrimpMountain
 62
1
 10
-230.546283
 20
212.635969
 11
-236.590769
 21
226.627068
  0
LINE
  8
CrimpValley
 62
5
 10
-243.005730
 20
240.452223
 11
-236.590769
 21
226.627068
  0
LINE
  8
CrimpValley
 62
5
 10
-230.546283
 20
212.635969
 11
-237.948182
 21
226.019056
  0
LINE
  8
CrimpMountain
 62
1
 10
-243.005730
 20
240.452223
 11
-237.948182
 21
226.019056
  0
LINE
  8
CrimpMountain
 62
1
 10
-193.411423
 20
224.611471
 11
-200.589763
 21
241.558056
  0
LINE
  8
CrimpValley
 62
5
 10
-207.474253
 20
258.626128
 11
-200.589763
 21
241.558056
  0
LINE
  8
CrimpValley
 62
5
 10
-193.411423
 20
224.611471
 11
-202.429288
 21
240.797533
  0
LINE
  8
CrimpMountain
 62
1
 10
-207.474253
 20
258.626128
 11
-202.429288
 21
240.797533
  0
LINE
  8
CrimpMountain
 62
1
 10
-155.850128
 20
235.173657
 11
-162.600727
 21
254.790996
  0
LINE
  8
CrimpValley
 62
5
 10
-169.383432
 20
274.397258
 11
-162.600727
 21
254.790996
  0
LINE
  8
CrimpValley
 62
5
 10
-155.850128
 20
235.173657
 11
-165.345108
 21
253.844103
  0
LINE
  8
CrimpMountain
 62
1
 10
-169.383432
 20
274.397258
 11
-165.345108
 21
253.844103
  0
LINE
  8
CrimpMountain
 62
1
 10
-115.592264
 20
244.093381
 11
-121.066446
 21
265.957445
  0
LINE
  8
CrimpValley
 62
5
 10
-127.075647
 20
287.680553
 11
-121.066446
 21
265.957445
  0
LINE
  8
CrimpValley
 62
5
 10
-115.592264
 20
244.093381
 11
-124.744608
 21
264.988404
  0
LINE
  8
CrimpMountain
 62
1
 10
-127.075647
 20
287.680553
 11
-124.744608
 21
264.988404
  0
LINE
  8
CrimpMountain
 62
1
 10
-72.289880
 20
250.752615
 11
-76.129125
 21
274.243438
  0
LINE
  8
CrimpValley
 62
5
 10
-80.600297
 20
297.622213
 11
-76.129125
 21
274.243438
  0
LINE
  8
CrimpValley
 62
5
 10
-72.289880
 20
250.752615
 11
-80.461892
 21
273.475198
  0
LINE
  8
CrimpMountain
 62
1
 10
-80.600297
 20
297.622213
 11
-80.461892
 21
273.475198
  0
LINE
  8
CrimpMountain
 62
1
 10
-26.950946
 20
254.452901
 11
-28.958717
 21
278.862199
  0
LINE
  8
CrimpValley
 62
5
 10
-31.333944
 20
303.238484
 11
-28.958717
 21
278.862199
  0
LINE
  8
CrimpValley
 62
5
 10
-26.950946
 20
254.452901
 11
-33.657174
 21
278.440080
  0
LINE
  8
CrimpMountain
 62
1
 10
-31.333944
 20
303.238484
 11
-33.657174
 21
278.440080
  0
LINE
  8
CrimpMountain
 62
1
 10
19.393894
 20
254.791393
 11
19.237533
 21
279.373489
  0
LINE
  8
CrimpValley
 62
5
 10
19.294463
 20
303.956016
 11
19.237533
 21
279.373489
  0
LINE
  8
CrimpValley
 62
5
 10
19.393894
 20
254.791393
 11
14.470837
 21
279.363849
  0
LINE
  8
CrimpMountain
 62
1
 10
19.294463
 20
303.956016
 11
14.470837
 21
279.363849
  0
LINE
  8
CrimpMountain
 62
1
 10
65.715092
 20
251.640045
 11
67.242575
 21
275.659730
  0
LINE
  8
CrimpValley
 62
5
 10
69.843185
 20
299.587021
 11
67.242575
 21
275.659730
  0
LINE
  8
CrimpValley
 62
5
 10
65.715092
 20
251.640045
 11
62.712116
 21
276.049789
  0
LINE
  8
CrimpMountain
 62
1
 10
69.843185
 20
299.587021
 11
62.712116
 21
276.049789
  0
LINE
  8
CrimpMountain
 62
1
 10
110.993744
 20
245.137080
 11
113.845822
 21
267.917706
  0
LINE
  8
CrimpValley
 62
5
 10
118.884933
 20
290.316336
 11
113.845822
 21
267.917706
  0
LINE
  8
CrimpValley
 62
5
 10
110.993744
 20
245.137080
 11
109.860094
 21
268.613869
  0
LINE
  8
CrimpMountain
 62
1
 10
118.884933
 20
290.316336
 11
109.860094
 21
268.613869
  0
LINE
  8
CrimpMountain
 62
1
 10
154.235056
 20
235.696263
 11
157.868509
 21
256.666225
  0
LINE
  8
CrimpValley
 62
5
 10
165.040204
 20
276.703892
 11
157.868509
 21
256.666225
  0
LINE
  8
CrimpValley
 62
5
 10
154.235056
 20
235.696263
 11
154.732441
 21
257.492551
  0
LINE
  8
CrimpMountain
 62
1
 10
165.040204
 20
276.703892
 11
154.732441
 21
257.492551
  0
LINE
  8
CrimpMountain
 62
1
 10
194.506912
 20
224.026884
 11
198.544527
 21
242.642065
  0
LINE
  8
CrimpValley
 62
5
 10
207.038686
 20
259.691305
 11
198.544527
 21
242.642065
  0
LINE
  8
CrimpValley
 62
5
 10
194.506912
 20
224.026884
 11
196.220412
 21
243.458713
  0
LINE
  8
CrimpMountain
 62
1
 10
207.038686
 20
259.691305
 11
196.220412
 21
243.458713
  0
LINE
  8
CrimpMountain
 62
1
 10
232.299464
 20
210.735040
 11
236.674392
 21
226.245513
  0
LINE
  8
CrimpValley
 62
5
 10
245.037630
 20
240.021253
 11
236.674392
 21
226.245513
  0
LINE
  8
CrimpValley
 62
5
 10
232.299464
 20
210.735040
 11
234.651924
 21
227.125194
  0
LINE
  8
CrimpMountain
 62
1
 10
245.037630
 20
240.021253
 11
234.651924
 21
227.125194
  0
LINE
  8
CrimpMountain
 62
1
 10
270.114213
 20
195.885151
 11
274.298478
 21
207.334809
  0
LINE
  8
CrimpValley
 62
5
 10
281.050393
 20
217.484411
 11
274.298478
 21
207.334809
  0
LINE
  8
CrimpValley
 62
5
 10
270.114213
 20
195.885151
 11
272.358015
 21
208.317309
  0
LINE
  8
CrimpMountain
 62
1
 10
281.050393
 20
217.484411
 11
272.358015
 21
208.317309
  0
LINE
  8
CrimpMountain
 62
1
 10
309.700973
 20
180.253751
 11
311.578301
 21
186.996430
  0
LINE
  8
CrimpValley
 62
5
 10
316.248351
 20
192.209750
 11
311.578301
 21
186.996430
  0
LINE
  8
CrimpValley
 62
5
 10
309.700973
 20
180.253751
 11
310.985359
 21
187.321138
  0
LINE
  8
CrimpMountain
 62
1
 10
316.248351
 20
192.209750
 11
310.985359
 21
187.321138
  0
LINE
  8
CrimpMountain
 62
1
 10
347.274321
 20
168.549701
 11
347.274321
 21
168.549701
  0
LINE
  8
CrimpValley
 62
5
 10
347.274321
 20
168.549701
 11
347.274321
 21
168.549701
  0
LINE
  8
CrimpValley
 62
5
 10
347.274321
 20
168.549701
 11
347.274321
 21
168.549701
  0
LINE
  8
CrimpMountain
 62
1
 10
347.274321
 20
168.549701
 11
347.274321
 21
168.549701
  0
LINE
  8
CrimpMountain
 62
1
 10
334.615072
 20
136.519074
 11
341.900783
 21
135.669804
  0
LINE
  8
CrimpValley
 62
5
 10
349.077798
 20
134.155441
 11
341.900783
 21
135.669804
  0
LINE
  8
CrimpValley
 62
5
 10
334.615072
 20
136.519074
 11
342.059432
 21
136.640557
  0
LINE
  8
CrimpMountain
 62
1
 10
349.077798
 20
134.155441
 11
342.059432
 21
136.640557
  0
LINE
  8
CrimpMountain
 62
1
 10
323.133909
 20
103.749097
 11
337.222547
 21
103.250771
  0
LINE
  8
CrimpValley
 62
5
 10
350.881274
 20
99.761181
 11
337.222547
 21
103.250771
  0
LINE
  8
CrimpValley
 62
5
 10
323.133909
 20
103.749097
 11
337.473759
 21
104.998671
  0
LINE
  8
CrimpMountain
 62
1
 10
350.881274
 20
99.761181
 11
337.473759
 21
104.998671
  0
LINE
  8
CrimpMountain
 62
1
 10
316.953401
 20
67.538155
 11
335.007015
 21
69.480877
  0
LINE
  8
CrimpValley
 62
5
 10
352.686204
 20
65.339210
 11
335.007015
 21
69.480877
  0
LINE
  8
CrimpValley
 62
5
 10
316.953401
 20
67.538155
 11
335.192232
 21
72.490656
  0
LINE
  8
CrimpMountain
 62
1
 10
352.686204
 20
65.339210
 11
335.192232
 21
72.490656
  0
LINE
  8
CrimpMountain
 62
1
 10
328.247273
 20
26.320243
 11
341.467064
 21
28.016732
  0
LINE
  8
CrimpValley
 62
5
 10
354.495944
 20
30.825506
 11
341.467064
 21
28.016732
  0
LINE
  8
CrimpValley
 62
5
 10
328.247273
 20
26.320243
 11
340.003674
 21
36.542769
  0
LINE
  8
CrimpMountain
 62
1
 10
354.495944
 20
30.825506
 11
340.003674
 21
36.542769
  0
LINE
  8
CrimpMountain
 62
1
 10
324.598760
 20
24.937332
 11
327.602858
 21
0.586621
  0
LINE
  8
CrimpValley
 62
5
 10
352.102498
 20
1.909245
 11
327.602858
 21
0.586621
  0
LINE
  8
CrimpValley
 62
5
 10
324.598760
 20
24.937332
 11
328.498236
 21
1.656022
  0
LINE
  8
CrimpMountain
 62
1
 10
352.102498
 20
1.909245
 11
328.498236
 21
1.656022
  0
LINE
  8
CrimpMountain
 62
1
 10
275.350157
 20
-42.708194
 11
309.521005
 21
-38.313749
  0
LINE
  8
CrimpValley
 62
5
 10
343.110528
 20
-45.975470
 11
309.521005
 21
-38.313749
  0
LINE
  8
CrimpValley
 62
5
 10
275.350157
 20
-42.708194
 11
310.187827
 21
-24.484466
  0
LINE
  8
CrimpMountain
 62
1
 10
343.110528
 20
-45.975470
 11
310.187827
 21
-24.484466
  0
LINE
  8
CrimpMountain
 62
1
 10
284.219450
 20
-102.023536
 11
308.363831
 21
-95.280499
  0
LINE
  8
CrimpValley
 62
5
 10
332.807764
 20
-100.840520
 11
308.363831
 21
-95.280499
  0
LINE
  8
CrimpValley
 62
5
 10
284.219450
 20
-102.023536
 11
308.136788
 21
-85.955492
  0
LINE
  8
CrimpMountain
 62
1
 10
332.807764
 20
-100.840520
 11
308.136788
 21
-85.955492
  0
LINE
  8
CrimpMountain
 62
1
 10
295.278841
 20
-149.490569
 11
309.439082
 21
-145.352136
  0
LINE
  8
CrimpValley
 62
5
 10
323.955855
 20
-147.979372
 11
309.439082
 21
-145.352136
  0
LINE
  8
CrimpValley
 62
5
 10
295.278841
 20
-149.490569
 11
309.118823
 21
-139.274787
  0
LINE
  8
CrimpMountain
 62
1
 10
323.955855
 20
-147.979372
 11
309.118823
 21
-139.274787
  0
LINE
  8
CrimpMountain
 62
1
 10
306.683031
 20
-192.260377
 11
311.204254
 21
-191.998879
  0
LINE
  8
CrimpValley
 62
5
 10
315.728354
 20
-191.793078
 11
311.204254
 21
-191.998879
  0
LINE
  8
CrimpValley
 62
5
 10
306.683031
 20
-192.260377
 11
311.046585
 21
-188.946936
  0
LINE
  8
CrimpMountain
 62
1
 10
315.728354
 20
-191.793078
 11
311.046585
 21
-188.946936
  0
LINE
  8
CrimpMountain
 62
1
 10
268.556057
 20
-200.551489
 11
271.923696
 21
-210.845591
  0
LINE
  8
CrimpValley
 62
5
 10
276.603724
 20
-220.613235
 11
271.923696
 21
-210.845591
  0
LINE
  8
CrimpValley
 62
5
 10
268.556057
 20
-200.551489
 11
272.870700
 21
-210.465705
  0
LINE
  8
CrimpMountain
 62
1
 10
276.603724
 20
-220.613235
 11
272.870700
 21
-210.465705
  0
LINE
  8
CrimpMountain
 62
1
 10
230.546299
 20
-212.635947
 11
236.590785
 21
-226.627050
  0
LINE
  8
CrimpValley
 62
5
 10
243.005750
 20
-240.452208
 11
236.590785
 21
-226.627050
  0
LINE
  8
CrimpValley
 62
5
 10
230.546299
 20
-212.635947
 11
237.948197
 21
-226.019038
  0
LINE
  8
CrimpMountain
 62
1
 10
243.005750
 20
-240.452208
 11
237.948197
 21
-226.019038
  0
LINE
  8
CrimpMountain
 62
1
 10
193.411464
 20
-224.611440
 11
200.589805
 21
-241.558027
  0
LINE
  8
CrimpValley
 62
5
 10
207.474296
 20
-258.626102
 11
200.589805
 21
-241.558027
  0
LINE
  8
CrimpValley
 62
5
 10
193.411464
 20
-224.611440
 11
202.429329
 21
-240.797504
  0
LINE
  8
CrimpMountain
 62
1
 10
207.474296
 20
-258.626102
 11
202.429329
 21
-240.797504
  0
LINE
  8
CrimpMountain
 62
1
 10
155.850179
 20
-235.173627
 11
162.600767
 21
-254.790971
  0
LINE
  8
CrimpValley
 62
5
 10
169.383486
 20
-274.397228
 11
162.600767
 21
-254.790971
  0
LINE
  8
CrimpValley
 62
5
 10
155.850179
 20
-235.173627
 11
165.345158
 21
-253.844074
  0
LINE
  8
CrimpMountain
 62
1
 10
169.383486
 20
-274.397228
 11
165.345158
 21
-253.844074
  0
LINE
  8
CrimpMountain
 62
1
 10
115.592283
 20
-244.093363
 11
121.066460
 21
-265.957430
  0
LINE
  8
CrimpValley
 62
5
 10
127.075671
 20
-287.680537
 11
121.066460
 21
-265.957430
  0
LINE
  8
CrimpValley
 62
5
 10
115.592283
 20
-244.093363
 11
124.744628
 21
-264.988387
  0
LINE
  8
CrimpMountain
 62
1
 10
127.075671
 20
-287.680537
 11
124.744628
 21
-264.988387
  0
LINE
  8
CrimpMountain
 62
1
 10
72.289885
 20
-250.752606
 11
76.129125
 21
-274.243430
  0
LINE
  8
CrimpValley
 62
5
 10
80.600307
 20
-297.622205
 11
76.129125
 21
-274.243430
  0
LINE
  8
CrimpValley
 62
5
 10
72.289885
 20
-250.752606
 11
80.461899
 21
-273.475188
  0
LINE
  8
CrimpMountain
 62
1
 10
80.600307
 20
-297.622205
 11
80.461899
 21
-273.475188
  0
LINE
  8
CrimpMountain
 62
1
 10
26.950878
 20
-254.452900
 11
28.958648
 21
-278.862199
  0
LINE
  8
CrimpValley
 62
5
 10
31.333878
 20
-303.238486
 11
28.958648
 21
-278.862199
  0
LINE
  8
CrimpValley
 62
5
 10
26.950878
 20
-254.452900
 11
33.657108
 21
-278.440080
  0
LINE
  8
CrimpMountain
 62
1
 10
31.333878
 20
-303.238486
 11
33.657108
 21
-278.440080
  0
LINE
  8
CrimpMountain
 62
1
 10
-19.393970
 20
-254.791387
 11
-19.237605
 21
-279.373486
  0
LINE
  8
CrimpValley
 62
5
 10
-19.294544
 20
-303.956016
 11
-19.237605
 21
-279.373486
  0
LINE
  8
CrimpValley
 62
5
 10
-19.393970
 20
-254.791387
 11
-14.470910
 21
-279.363846
  0
LINE
  8
CrimpMountain
 62
1
 10
-19.294544
 20
-303.956016
 11
-14.470910
 21
-279.363846
  0
LINE
  8
CrimpMountain
 62
1
 10
-65.715109
 20
-251.640044
 11
-67.242588
 21
-275.659732
  0
LINE
  8
CrimpValley
 62
5
 10
-69.843202
 20
-299.587027
 11
-67.242588
 21
-275.659732
  0
LINE
  8
CrimpValley
 62
5
 10
-65.715109
 20
-251.640044
 11
-62.712135
 21
-276.049791
  0
LINE
  8
CrimpMountain
 62
1
 10
-69.843202
 20
-299.587027
 11
-62.712135
 21
-276.049791
  0
LINE
  8
CrimpMountain
 62
1
 10
-110.993754
 20
-245.137084
 11
-113.845823
 21
-267.917714
  0
LINE
  8
CrimpValley
 62
5
 10
-118.884940
 20
-290.316345
 11
-113.845823
 21
-267.917714
  0
LINE
  8
CrimpValley
 62
5
 10
-110.993754
 20
-245.137084
 11
-109.860104
 21
-268.613875
  0
LINE
  8
CrimpMountain
 62
1
 10
-118.884940
 20
-290.316345
 11
-109.860104
 21
-268.613875
  0
LINE
  8
CrimpMountain
 62
1
 10
-154.235046
 20
-235.696274
 11
-157.868486
 21
-256.666242
  0
LINE
  8
CrimpValley
 62
5
 10
-165.040192
 20
-276.703908
 11
-157.868486
 21
-256.666242
  0
LINE
  8
CrimpValley
 62
5
 10
-154.235046
 20
-235.696274
 11
-154.732428
 21
-257.492565
  0
LINE
  8
CrimpMountain
 62
1
 10
-165.040192
 20
-276.703908
 11
-154.732428
 21
-257.492565
  0
LINE
  8
CrimpMountain
 62
1
 10
-194.506866
 20
-224.026907
 11
-198.544482
 21
-242.642091
  0
LINE
  8
CrimpValley
 62
5
 10
-207.038639
 20
-259.691334
 11
-198.544482
 21
-242.642091
  0
LINE
  8
CrimpValley
 62
5
 10
-194.506866
 20
-224.026907
 11
-196.220364
 21
-243.458740
  0
LINE
  8
CrimpMountain
 62
1
 10
-207.038639
 20
-259.691334
 11
-196.220364
 21
-243.458740
  0
LINE
  8
CrimpMountain
 62
1
 10
-232.299452
 20
-210.735051
 11
-236.674377
 21
-226.245526
  0
LINE
  8
CrimpValley
 62
5
 10
-245.037619
 20
-240.021265
 11
-236.674377
 21
-226.245526
  0
LINE
  8
CrimpValley
 62
5
 10
-232.299452
 20
-210.735051
 11
-234.651910
 21
-227.125207
  0
LINE
  8
CrimpMountain
 62
1
 10
-245.037619
 20
-240.021265
 11
-234.651910
 21
-227.125207
  0
LINE
  8
CrimpMountain
 62
1
 10
-270.114216
 20
-195.885155
 11
-274.298483
 21
-207.334811
  0
LINE
  8
CrimpValley
 62
5
 10
-281.050395
 20
-217.484413
 11
-274.298483
 21
-207.334811
  0
LINE
  8
CrimpValley
 62
5
 10
-270.114216
 20
-195.885155
 11
-272.358017
 21
-208.317312
  0
LINE
  8
CrimpMountain
 62
1
 10
-281.050395
 20
-217.484413
 11
-272.358017
 21
-208.317312
  0
LINE
  8
CrimpMountain
 62
1
 10
-309.700981
 20
-180.253748
 11
-311.578310
 21
-186.996425
  0
LINE
  8
CrimpValley
 62
5
 10
-316.248360
 20
-192.209745
 11
-311.578310
 21
-186.996425
  0
LINE
  8
CrimpValley
 62
5
 10
-309.700981
 20
-180.253748
 11
-310.985367
 21
-187.321134
  0
LINE
  8
CrimpMountain
 62
1
 10
-316.248360
 20
-192.209745
 11
-310.985367
 21
-187.321134
  0
LINE
  8
CrimpMountain
 62
1
 10
-347.274329
 20
-168.549695
 11
-347.274329
 21
-168.549695
  0
LINE
  8
CrimpValley
 62
5
 10
-347.274329
 20
-168.549695
 11
-347.274329
 21
-168.549695
  0
LINE
  8
CrimpValley
 62
5
 10
-347.274329
 20
-168.549695
 11
-347.274329
 21
-168.549695
  0
LINE
  8
CrimpMountain
 62
1
 10
-347.274329
 20
-168.549695
 11
-347.274329
 21
-168.549695
  0
LINE
  8
CrimpMountain
 62
1
 10
-334.615077
 20
-136.519067
 11
-341.900788
 21
-135.669797
  0
LINE
  8
CrimpValley
 62
5
 10
-349.077804
 20
-134.155433
 11
-341.900788
 21
-135.669797
  0
LINE
  8
CrimpValley
 62
5
 10
-334.615077
 20
-136.519067
 11
-342.059438
 21
-136.640550
  0
LINE
  8
CrimpMountain
 62
1
 10
-349.077804
 20
-134.155433
 11
-342.059438
 21
-136.640550
  0
LINE
  8
CrimpMountain
 62
1
 10
-323.133911
 20
-103.749099
 11
-337.222551
 21
-103.250777
  0
LINE
  8
CrimpValley
 62
5
 10
-350.881279
 20
-99.761181
 11
-337.222551
 21
-103.250777
  0
LINE
  8
CrimpValley
 62
5
 10
-323.133911
 20
-103.749099
 11
-337.473763
 21
-104.998670
  0
LINE
  8
CrimpMountain
 62
1
 10
-350.881279
 20
-99.761181
 11
-337.473763
 21
-104.998670
  0
LINE
  8
CrimpMountain
 62
1
 10
-316.953405
 20
-67.538182
 11
-335.007018
 21
-69.480907
  0
LINE
  8
CrimpValley
 62
5
 10
-352.686206
 20
-65.339236
 11
-335.007018
 21
-69.480907
  0
LINE
  8
CrimpValley
 62
5
 10
-316.953405
 20
-67.538182
 11
-335.192235
 21
-72.490681
  0
LINE
  8
CrimpMountain
 62
1
 10
-352.686206
 20
-65.339236
 11
-335.192235
 21
-72.490681
  0
LINE
  8
CrimpMountain
 62
1
 10
-328.247275
 20
-26.320277
 11
-341.467064
 21
-28.016764
  0
LINE
  8
CrimpValley
 62
5
 10
-354.495944
 20
-30.825538
 11
-341.467064
 21
-28.016764
  0
LINE
  8
CrimpValley
 62
5
 10
-328.247275
 20
-26.320277
 11
-340.003675
 21
-36.542801
  0
LINE
  8
CrimpMountain
 62
1
 10
-354.495944
 20
-30.825538
 11
-340.003675
 21
-36.542801
  0
LINE
  8
CrimpMountain
 62
1
 10
-324.598762
 20
-24.937366
 11
-327.602856
 21
-0.586653
  0
LINE
  8
CrimpValley
 62
5
 10
-352.102498
 20
-1.909280
 11
-327.602856
 21
-0.586653
  0
LINE
  8
CrimpValley
 62
5
 10
-324.598762
 20
-24.937366
 11
-328.498236
 21
-1.656055
  0
LINE
  8
CrimpMountain
 62
1
 10
-352.102498
 20
-1.909280
 11
-328.498236
 21
-1.656055
  0
LINE
  8
CrimpMountain
 62
1
 10
1.950876
 20
-14.972640
 11
10.353714
 21
-0.000014
  0
LINE
  8
CrimpValley
 62
5
 10
1.950876
 20
14.972612
 11
10.353714
 21
-0.000014
  0
LINE
  8
CrimpValley
 62
5
 10
1.950876
 20
-14.972640
 11
4.929115
 21
-0.000014
  0
LINE
  8
CrimpMountain
 62
1
 10
1.950876
 20
14.972612
 11
4.929115
 21
-0.000014
  0
LINE
  8
CrimpMountain
 62
1
 10
-34.607748
 20
14.814016
 11
-18.262577
 21
11.441720
  0
LINE
  8
CrimpValley
 62
5
 10
-1.950930
 20
14.972612
 11
-18.262577
 21
11.441720
  0
LINE
  8
CrimpValley
 62
5
 10
-34.607748
 20
14.814016
 11
-18.305867
 21
20.355674
  0
LINE
  8
CrimpMountain
 62
1
 10
-1.950930
 20
14.972612
 11
-18.305867
 21
20.355674
  0
LINE
  8
CrimpMountain
 62
1
 10
-4.524764
 20
87.997463
 11
-12.253249
 21
68.657232
  0
LINE
  8
CrimpValley
 62
5
 10
-4.522260
 20
49.318002
 11
-12.253249
 21
68.657232
  0
LINE
  8
CrimpValley
 62
5
 10
-4.524764
 20
87.997463
 11
-7.116960
 21
68.657565
  0
LINE
  8
CrimpMountain
 62
1
 10
-4.522260
 20
49.318002
 11
-7.116960
 21
68.657565
  0
LINE
  8
CrimpMountain
 62
1
 10
32.376438
 20
49.180928
 11
18.465024
 21
52.440318
  0
LINE
  8
CrimpValley
 62
5
 10
4.522204
 20
49.318002
 11
18.465024
 21
52.440318
  0
LINE
  8
CrimpValley
 62
5
 10
32.376438
 20
49.180928
 11
18.412061
 21
41.678014
  0
LINE
  8
CrimpMountain
 62
1
 10
4.522204
 20
49.318002
 11
18.412061
 21
41.678014
  0
LINE
  8
CrimpMountain
 62
1
 10
4.522204
 20
49.318002
 11
12.254860
 21
68.658819
  0
LINE
  8
CrimpValley
 62
5
 10
4.519700
 20
87.998634
 11
12.254860
 21
68.658819
  0
LINE
  8
CrimpValley
 62
5
 10
4.522204
 20
49.318002
 11
7.117027
 21
68.658486
  0
LINE
  8
CrimpMountain
 62
1
 10
4.519700
 20
87.998634
 11
7.117027
 21
68.658486
  0
LINE
  8
CrimpMountain
 62
1
 10
-33.130391
 20
87.568001
 11
-18.744564
 21
82.253404
  0
LINE
  8
CrimpValley
 62
5
 10
-4.524764
 20
87.997463
 11
-18.744564
 21
82.253404
  0
LINE
  8
CrimpValley
 62
5
 10
-33.130391
 20
87.568001
 11
-18.869075
 21
90.546845
  0
LINE
  8
CrimpMountain
 62
1
 10
-4.524764
 20
87.997463
 11
-18.869075
 21
90.546845
  0
LINE
  8
CrimpMountain
 62
1
 10
-10.747247
 20
152.959999
 11
-14.770076
 21
137.415713
  0
LINE
  8
CrimpValley
 62
5
 10
-10.736888
 20
121.874112
 11
-14.770076
 21
137.415713
  0
LINE
  8
CrimpValley
 62
5
 10
-10.747247
 20
152.959999
 11
-10.594147
 21
137.417105
  0
LINE
  8
CrimpMountain
 62
1
 10
-10.736888
 20
121.874112
 11
-10.594147
 21
137.417105
  0
LINE
  8
CrimpMountain
 62
1
 10
27.947973
 20
121.620355
 11
19.365667
 21
123.773431
  0
LINE
  8
CrimpValley
 62
5
 10
10.723049
 20
121.876890
 11
19.365667
 21
123.773431
  0
LINE
  8
CrimpValley
 62
5
 10
27.947973
 20
121.620355
 11
19.246499
 21
115.771911
  0
LINE
  8
CrimpMountain
 62
1
 10
10.723049
 20
121.876890
 11
19.246499
 21
115.771911
  0
LINE
  8
CrimpMountain
 62
1
 10
10.723049
 20
121.876890
 11
14.757662
 21
137.425553
  0
LINE
  8
CrimpValley
 62
5
 10
10.712687
 20
152.971524
 11
14.757662
 21
137.425553
  0
LINE
  8
CrimpValley
 62
5
 10
10.723049
 20
121.876890
 11
10.576243
 21
137.424160
  0
LINE
  8
CrimpMountain
 62
1
 10
10.712687
 20
152.971524
 11
10.576243
 21
137.424160
  0
LINE
  8
CrimpMountain
 62
1
 10
-29.200135
 20
152.476505
 11
-19.865894
 21
148.604095
  0
LINE
  8
CrimpValley
 62
5
 10
-10.747247
 20
152.959999
 11
-19.865894
 21
148.604095
  0
LINE
  8
CrimpValley
 62
5
 10
-29.200135
 20
152.476505
 11
-20.020027
 21
154.486689
  0
LINE
  8
CrimpMountain
 62
1
 10
-10.747247
 20
152.959999
 11
-20.020027
 21
154.486689
  0
LINE
  8
CrimpMountain
 62
1
 10
-17.005368
 20
220.395689
 11
-17.901660
 21
203.614024
  0
LINE
  8
CrimpValley
 62
5
 10
-16.973176
 20
186.834109
 11
-17.901660
 21
203.614024
  0
LINE
  8
CrimpValley
 62
5
 10
-17.005368
 20
220.395689
 11
-14.569486
 21
203.617220
  0
LINE
  8
CrimpMountain
 62
1
 10
-16.973176
 20
186.834109
 11
-14.569486
 21
203.617220
  0
LINE
  8
CrimpMountain
 62
1
 10
24.736155
 20
186.653749
 11
20.859010
 21
188.324043
  0
LINE
  8
CrimpValley
 62
5
 10
16.902229
 20
186.852302
 11
20.859010
 21
188.324043
  0
LINE
  8
CrimpValley
 62
5
 10
24.736155
 20
186.653749
 11
20.754128
 21
184.185910
  0
LINE
  8
CrimpMountain
 62
1
 10
16.902229
 20
186.852302
 11
20.754128
 21
184.185910
  0
LINE
  8
CrimpMountain
 62
1
 10
16.902229
 20
186.852302
 11
17.825110
 21
203.648292
  0
LINE
  8
CrimpValley
 62
5
 10
16.870010
 20
220.442481
 11
17.825110
 21
203.648292
  0
LINE
  8
CrimpValley
 62
5
 10
16.902229
 20
186.852302
 11
14.478741
 21
203.645083
  0
LINE
  8
CrimpMountain
 62
1
 10
16.870010
 20
220.442481
 11
14.478741
 21
203.645083
  0
LINE
  8
CrimpMountain
 62
1
 10
-26.897964
 20
220.011431
 11
-21.851914
 21
217.635473
  0
LINE
  8
CrimpValley
 62
5
 10
-17.005368
 20
220.395689
 11
-21.851914
 21
217.635473
  0
LINE
  8
CrimpValley
 62
5
 10
-26.897964
 20
220.011431
 11
-22.016043
 21
221.860933
  0
LINE
  8
CrimpMountain
 62
1
 10
-17.005368
 20
220.395689
 11
-22.016043
 21
221.860933
  0
LINE
  8
CrimpMountain
 62
1
 10
-19.723464
 20
303.852093
 11
-19.515525
 21
279.295115
  0
LINE
  8
CrimpValley
 62
5
 10
-19.624135
 20
254.737496
 11
-19.515525
 21
279.295115
  0
LINE
  8
CrimpValley
 62
5
 10
-19.723464
 20
303.852093
 11
-14.772685
 21
279.304707
  0
LINE
  8
CrimpMountain
 62
1
 10
-19.624135
 20
254.737496
 11
-14.772685
 21
279.304707
  0
LINE
  8
CrimpMountain
 62
1
 10
26.803641
 20
254.522451
 11
23.171559
 21
256.662425
  0
LINE
  8
CrimpValley
 62
5
 10
19.393894
 20
254.791393
 11
23.171559
 21
256.662425
  0
LINE
  8
CrimpValley
 62
5
 10
26.803641
 20
254.522451
 11
23.037134
 21
252.958841
  0
LINE
  8
CrimpMountain
 62
1
 10
19.393894
 20
254.791393
 11
23.037134
 21
252.958841
  0
LINE
  8
CrimpMountain
 62
1
 10
19.723383
 20
-303.852095
 11
19.515446
 21
-279.295115
  0
LINE
  8
CrimpValley
 62
5
 10
19.624059
 20
-254.737495
 11
19.515446
 21
-279.295115
  0
LINE
  8
CrimpValley
 62
5
 10
19.723383
 20
-303.852095
 11
14.772600
 21
-279.304707
  0
LINE
  8
CrimpMountain
 62
1
 10
19.624059
 20
-254.737495
 11
14.772600
 21
-279.304707
  0
LINE
  8
CrimpMountain
 62
1
 10
-26.803704
 20
-254.522444
 11
-23.171628
 21
-256.662416
  0
LINE
  8
CrimpValley
 62
5
 10
-19.393970
 20
-254.791387
 11
-23.171628
 21
-256.662416
  0
LINE
  8
CrimpValley
 62
5
 10
-26.803704
 20
-254.522444
 11
-23.037204
 21
-252.958838
  0
LINE
  8
CrimpMountain
 62
1
 10
-19.393970
 20
-254.791387
 11
-23.037204
 21
-252.958838
  0
LINE
  8
CrimpMountain
 62
1
 10
-16.902297
 20
-186.852292
 11
-17.825180
 21
-203.648284
  0
LINE
  8
CrimpValley
 62
5
 10
-16.870082
 20
-220.442475
 11
-17.825180
 21
-203.648284
  0
LINE
  8
CrimpValley
 62
5
 10
-16.902297
 20
-186.852292
 11
-14.478814
 21
-203.645075
  0
LINE
  8
CrimpMountain
 62
1
 10
-16.870082
 20
-220.442475
 11
-14.478814
 21
-203.645075
  0
LINE
  8
CrimpMountain
 62
1
 10
26.897899
 20
-220.011427
 11
21.851843
 21
-217.635467
  0
LINE
  8
CrimpValley
 62
5
 10
17.005291
 20
-220.395685
 11
21.851843
 21
-217.635467
  0
LINE
  8
CrimpValley
 62
5
 10
26.897899
 20
-220.011427
 11
22.015973
 21
-221.860930
  0
LINE
  8
CrimpMountain
 62
1
 10
17.005291
 20
-220.395685
 11
22.015973
 21
-221.860930
  0
LINE
  8
CrimpMountain
 62
1
 10
17.005291
 20
-220.395685
 11
17.901587
 21
-203.614020
  0
LINE
  8
CrimpValley
 62
5
 10
16.973104
 20
-186.834104
 11
17.901587
 21
-203.614020
  0
LINE
  8
CrimpValley
 62
5
 10
17.005291
 20
-220.395685
 11
14.569410
 21
-203.617216
  0
LINE
  8
CrimpMountain
 62
1
 10
16.973104
 20
-186.834104
 11
14.569410
 21
-203.617216
  0
LINE
  8
CrimpMountain
 62
1
 10
-24.736218
 20
-186.653738
 11
-20.859076
 21
-188.324032
  0
LINE
  8
CrimpValley
 62
5
 10
-16.902297
 20
-186.852292
 11
-20.859076
 21
-188.324032
  0
LINE
  8
CrimpValley
 62
5
 10
-24.736218
 20
-186.653738
 11
-20.754193
 21
-184.185902
  0
LINE
  8
CrimpMountain
 62
1
 10
-16.902297
 20
-186.852292
 11
-20.754193
 21
-184.185902
  0
LINE
  8
CrimpMountain
 62
1
 10
-10.723109
 20
-121.876904
 11
-14.757723
 21
-137.425558
  0
LINE
  8
CrimpValley
 62
5
 10
-10.712751
 20
-152.971521
 11
-14.757723
 21
-137.425558
  0
LINE
  8
CrimpValley
 62
5
 10
-10.723109
 20
-121.876904
 11
-10.576306
 21
-137.424165
  0
LINE
  8
CrimpMountain
 62
1
 10
-10.712751
 20
-152.971521
 11
-10.576306
 21
-137.424165
  0
LINE
  8
CrimpMountain
 62
1
 10
29.200077
 20
-152.476509
 11
19.865833
 21
-148.604097
  0
LINE
  8
CrimpValley
 62
5
 10
10.747182
 20
-152.959999
 11
19.865833
 21
-148.604097
  0
LINE
  8
CrimpValley
 62
5
 10
29.200077
 20
-152.476509
 11
20.019965
 21
-154.486690
  0
LINE
  8
CrimpMountain
 62
1
 10
10.747182
 20
-152.959999
 11
20.019965
 21
-154.486690
  0
LINE
  8
CrimpMountain
 62
1
 10
10.747182
 20
-152.959999
 11
14.770014
 21
-137.415722
  0
LINE
  8
CrimpValley
 62
5
 10
10.736827
 20
-121.874128
 11
14.770014
 21
-137.415722
  0
LINE
  8
CrimpValley
 62
5
 10
10.747182
 20
-152.959999
 11
10.594084
 21
-137.417113
  0
LINE
  8
CrimpMountain
 62
1
 10
10.736827
 20
-121.874128
 11
10.594084
 21
-137.417113
  0
LINE
  8
CrimpMountain
 62
1
 10
-27.948033
 20
-121.620366
 11
-19.365727
 21
-123.773442
  0
LINE
  8
CrimpValley
 62
5
 10
-10.723109
 20
-121.876904
 11
-19.365727
 21
-123.773442
  0
LINE
  8
CrimpValley
 62
5
 10
-27.948033
 20
-121.620366
 11
-19.246557
 21
-115.771925
  0
LINE
  8
CrimpMountain
 62
1
 10
-10.723109
 20
-121.876904
 11
-19.246557
 21
-115.771925
  0
LINE
  8
CrimpMountain
 62
1
 10
-4.522260
 20
-49.318035
 11
-12.254914
 21
-68.658847
  0
LINE
  8
CrimpValley
 62
5
 10
-4.519756
 20
-87.998657
 11
-12.254914
 21
-68.658847
  0
LINE
  8
CrimpValley
 62
5
 10
-4.522260
 20
-49.318035
 11
-7.117083
 21
-68.658514
  0
LINE
  8
CrimpMountain
 62
1
 10
-4.519756
 20
-87.998657
 11
-7.117083
 21
-68.658514
  0
LINE
  8
CrimpMountain
 62
1
 10
33.130335
 20
-87.568029
 11
18.744510
 21
-82.253430
  0
LINE
  8
CrimpValley
 62
5
 10
4.524710
 20
-87.997486
 11
18.744510
 21
-82.253430
  0
LINE
  8
CrimpValley
 62
5
 10
33.130335
 20
-87.568029
 11
18.869020
 21
-90.546871
  0
LINE
  8
CrimpMountain
 62
1
 10
4.524710
 20
-87.997486
 11
18.869020
 21
-90.546871
  0
LINE
  8
CrimpMountain
 62
1
 10
4.524710
 20
-87.997486
 11
12.253194
 21
-68.657260
  0
LINE
  8
CrimpValley
 62
5
 10
4.522205
 20
-49.318035
 11
12.253194
 21
-68.657260
  0
LINE
  8
CrimpValley
 62
5
 10
4.524710
 20
-87.997486
 11
7.116904
 21
-68.657593
  0
LINE
  8
CrimpMountain
 62
1
 10
4.522205
 20
-49.318035
 11
7.116904
 21
-68.657593
  0
LINE
  8
CrimpMountain
 62
1
 10
-32.376491
 20
-49.180960
 11
-18.465078
 21
-52.440349
  0
LINE
  8
CrimpValley
 62
5
 10
-4.522260
 20
-49.318035
 11
-18.465078
 21
-52.440349
  0
LINE
  8
CrimpValley
 62
5
 10
-32.376491
 20
-49.180960
 11
-18.412115
 21
-41.678048
  0
LINE
  8
CrimpMountain
 62
1
 10
-4.522260
 20
-49.318035
 11
-18.412115
 21
-41.678048
  0
LINE
  8
CrimpMountain
 62
1
 10
-1.950930
 20
14.972612
 11
-10.353768
 21
-0.000014
  0
LINE
  8
CrimpValley
 62
5
 10
-1.950930
 20
-14.972640
 11
-10.353768
 21
-0.000014
  0
LINE
  8
CrimpValley
 62
5
 10
-1.950930
 20
14.972612
 11
-4.929169
 21
-0.000014
  0
LINE
  8
CrimpMountain
 62
1
 10
-1.950930
 20
-14.972640
 11
-4.929169
 21
-0.000014
  0
LINE
  8
CrimpMountain
 62
1
 10
34.607696
 20
-14.814045
 11
18.262524
 21
-11.441748
  0
LINE
  8
CrimpValley
 62
5
 10
1.950876
 20
-14.972640
 11
18.262524
 21
-11.441748
  0
LINE
  8
CrimpValley
 62
5
 10
34.607696
 20
-14.814045
 11
18.305814
 21
-20.355703
  0
LINE
  8
CrimpMountain
 62
1
 10
1.950876
 20
-14.972640
 11
18.305814
 21
-20.355703
  0
LINE
  8
CrimpMountain
 62
1
 10
38.509319
 20
-14.776148
 11
46.683340
 21
-0.001857
  0
LINE
  8
CrimpValley
 62
5
 10
38.511231
 20
14.773493
 11
46.683340
 21
-0.001857
  0
LINE
  8
CrimpValley
 62
5
 10
38.509319
 20
-14.776148
 11
41.299284
 21
-0.001508
  0
LINE
  8
CrimpMountain
 62
1
 10
38.511231
 20
14.773493
 11
41.299284
 21
-0.001508
  0
LINE
  8
CrimpMountain
 62
1
 10
1.950876
 20
14.972612
 11
18.263263
 21
11.441561
  0
LINE
  8
CrimpValley
 62
5
 10
34.609613
 20
14.811894
 11
18.263263
 21
11.441561
  0
LINE
  8
CrimpValley
 62
5
 10
1.950876
 20
14.972612
 11
18.307133
 21
20.356110
  0
LINE
  8
CrimpMountain
 62
1
 10
34.609613
 20
14.811894
 11
18.307133
 21
20.356110
  0
LINE
  8
CrimpMountain
 62
1
 10
33.139683
 20
87.572391
 11
24.859065
 21
68.533696
  0
LINE
  8
CrimpValley
 62
5
 10
32.376438
 20
49.180928
 11
24.859065
 21
68.533696
  0
LINE
  8
CrimpValley
 62
5
 10
33.139683
 20
87.572391
 11
29.986274
 21
68.431764
  0
LINE
  8
CrimpMountain
 62
1
 10
32.376438
 20
49.180928
 11
29.986274
 21
68.431764
  0
LINE
  8
CrimpMountain
 62
1
 10
68.941348
 20
48.692695
 11
55.226235
 21
52.017157
  0
LINE
  8
CrimpValley
 62
5
 10
41.420463
 20
49.091912
 11
55.226235
 21
52.017157
  0
LINE
  8
CrimpValley
 62
5
 10
68.941348
 20
48.692695
 11
55.072322
 21
41.406858
  0
LINE
  8
CrimpMountain
 62
1
 10
41.420463
 20
49.091912
 11
55.072322
 21
41.406858
  0
LINE
  8
CrimpMountain
 62
1
 10
41.420463
 20
49.091912
 11
49.253727
 21
68.048716
  0
LINE
  8
CrimpValley
 62
5
 10
42.180099
 20
87.301877
 11
49.253727
 21
68.048716
  0
LINE
  8
CrimpValley
 62
5
 10
41.420463
 20
49.091912
 11
44.168581
 21
68.149811
  0
LINE
  8
CrimpMountain
 62
1
 10
42.180099
 20
87.301877
 11
44.168581
 21
68.149811
  0
LINE
  8
CrimpMountain
 62
1
 10
4.519700
 20
87.998634
 11
18.747346
 21
82.256454
  0
LINE
  8
CrimpValley
 62
5
 10
33.139683
 20
87.572391
 11
18.747346
 21
82.256454
  0
LINE
  8
CrimpValley
 62
5
 10
4.519700
 20
87.998634
 11
18.870909
 21
90.553077
  0
LINE
  8
CrimpMountain
 62
1
 10
33.139683
 20
87.572391
 11
18.870909
 21
90.553077
  0
LINE
  8
CrimpMountain
 62
1
 10
29.201420
 20
152.502922
 11
24.389761
 21
137.231495
  0
LINE
  8
CrimpValley
 62
5
 10
27.947973
 20
121.620355
 11
24.389761
 21
137.231495
  0
LINE
  8
CrimpValley
 62
5
 10
29.201420
 20
152.502922
 11
28.554027
 21
137.062478
  0
LINE
  8
CrimpMountain
 62
1
 10
27.947973
 20
121.620355
 11
28.554027
 21
137.062478
  0
LINE
  8
CrimpMountain
 62
1
 10
66.188344
 20
120.233885
 11
57.880517
 21
122.572180
  0
LINE
  8
CrimpValley
 62
5
 10
49.398312
 20
120.978503
 11
57.880517
 21
122.572180
  0
LINE
  8
CrimpValley
 62
5
 10
66.188344
 20
120.233885
 11
57.534620
 21
114.772721
  0
LINE
  8
CrimpMountain
 62
1
 10
49.398312
 20
120.978503
 11
57.534620
 21
114.772721
  0
LINE
  8
CrimpMountain
 62
1
 10
49.398312
 20
120.978503
 11
53.796961
 21
136.037930
  0
LINE
  8
CrimpValley
 62
5
 10
50.633219
 20
151.404296
 11
53.796961
 21
136.037930
  0
LINE
  8
CrimpValley
 62
5
 10
49.398312
 20
120.978503
 11
49.712010
 21
136.203728
  0
LINE
  8
CrimpMountain
 62
1
 10
50.633219
 20
151.404296
 11
49.712010
 21
136.203728
  0
LINE
  8
CrimpMountain
 62
1
 10
10.712687
 20
152.971524
 11
19.852704
 21
148.620091
  0
LINE
  8
CrimpValley
 62
5
 10
29.201420
 20
152.502922
 11
19.852704
 21
148.620091
  0
LINE
  8
CrimpValley
 62
5
 10
10.712687
 20
152.971524
 11
20.002015
 21
154.511188
  0
LINE
  8
CrimpMountain
 62
1
 10
29.201420
 20
152.502922
 11
20.002015
 21
154.511188
  0
LINE
  8
CrimpMountain
 62
1
 10
26.830725
 20
220.080949
 11
24.665467
 21
203.437402
  0
LINE
  8
CrimpValley
 62
5
 10
24.736155
 20
186.653749
 11
24.665467
 21
203.437402
  0
LINE
  8
CrimpValley
 62
5
 10
26.830725
 20
220.080949
 11
27.992819
 21
203.228908
  0
LINE
  8
CrimpMountain
 62
1
 10
24.736155
 20
186.653749
 11
27.992819
 21
203.228908
  0
LINE
  8
CrimpMountain
 62
1
 10
65.839863
 20
184.362928
 11
62.316485
 21
186.117490
  0
LINE
  8
CrimpValley
 62
5
 10
58.567146
 20
184.919521
 11
62.316485
 21
186.117490
  0
LINE
  8
CrimpValley
 62
5
 10
65.839863
 20
184.362928
 11
62.020830
 21
182.254317
  0
LINE
  8
CrimpMountain
 62
1
 10
58.567146
 20
184.919521
 11
62.020830
 21
182.254317
  0
LINE
  8
CrimpMountain
 62
1
 10
58.567146
 20
184.919521
 11
60.229948
 21
201.208909
  0
LINE
  8
CrimpValley
 62
5
 10
60.613576
 20
217.578451
 11
60.229948
 21
201.208909
  0
LINE
  8
CrimpValley
 62
5
 10
58.567146
 20
184.919521
 11
57.053000
 21
201.407979
  0
LINE
  8
CrimpMountain
 62
1
 10
60.613576
 20
217.578451
 11
57.053000
 21
201.407979
  0
LINE
  8
CrimpMountain
 62
1
 10
16.870010
 20
220.442481
 11
21.756723
 21
217.681682
  0
LINE
  8
CrimpValley
 62
5
 10
26.830725
 20
220.080949
 11
21.756723
 21
217.681682
  0
LINE
  8
CrimpValley
 62
5
 10
16.870010
 20
220.442481
 11
21.910981
 21
221.931713
  0
LINE
  8
CrimpMountain
 62
1
 10
26.830725
 20
220.080949
 11
21.910981
 21
221.931713
  0
LINE
  8
CrimpMountain
 62
1
 10
31.011686
 20
303.398054
 11
28.737456
 21
278.974907
  0
LINE
  8
CrimpValley
 62
5
 10
26.803641
 20
254.522451
 11
28.737456
 21
278.974907
  0
LINE
  8
CrimpValley
 62
5
 10
31.011686
 20
303.398054
 11
33.465910
 21
278.567801
  0
LINE
  8
CrimpMountain
 62
1
 10
26.803641
 20
254.522451
 11
33.465910
 21
278.567801
  0
LINE
  8
CrimpMountain
 62
1
 10
72.402792
 20
250.894512
 11
69.263081
 21
253.098475
  0
LINE
  8
CrimpValley
 62
5
 10
65.715092
 20
251.640045
 11
69.263081
 21
253.098475
  0
LINE
  8
CrimpValley
 62
5
 10
72.402792
 20
250.894512
 11
68.887827
 21
249.732313
  0
LINE
  8
CrimpMountain
 62
1
 10
65.715092
 20
251.640045
 11
68.887827
 21
249.732313
  0
LINE
  8
CrimpMountain
 62
1
 10
70.145404
 20
-299.229154
 11
67.368845
 21
-275.411346
  0
LINE
  8
CrimpValley
 62
5
 10
65.855524
 20
-251.480047
 11
67.368845
 21
-275.411346
  0
LINE
  8
CrimpValley
 62
5
 10
70.145404
 20
-299.229154
 11
62.919635
 21
-275.811073
  0
LINE
  8
CrimpMountain
 62
1
 10
65.855524
 20
-251.480047
 11
62.919635
 21
-275.811073
  0
LINE
  8
CrimpMountain
 62
1
 10
19.624059
 20
-254.737495
 11
23.364608
 21
-256.581125
  0
LINE
  8
CrimpValley
 62
5
 10
26.950878
 20
-254.452900
 11
23.364608
 21
-256.581125
  0
LINE
  8
CrimpValley
 62
5
 10
19.624059
 20
-254.737495
 11
23.222210
 21
-252.915150
  0
LINE
  8
CrimpMountain
 62
1
 10
26.950878
 20
-254.452900
 11
23.222210
 21
-252.915150
  0
LINE
  8
CrimpMountain
 62
1
 10
24.756575
 20
-186.630167
 11
24.708200
 21
-203.392580
  0
LINE
  8
CrimpValley
 62
5
 10
26.897899
 20
-220.011427
 11
24.708200
 21
-203.392580
  0
LINE
  8
CrimpValley
 62
5
 10
24.756575
 20
-186.630167
 11
28.019251
 21
-203.180185
  0
LINE
  8
CrimpMountain
 62
1
 10
26.897899
 20
-220.011427
 11
28.019251
 21
-203.180185
  0
LINE
  8
CrimpMountain
 62
1
 10
69.737963
 20
-216.405766
 11
64.935522
 21
-214.522105
  0
LINE
  8
CrimpValley
 62
5
 10
60.674839
 20
-217.430403
 11
64.935522
 21
-214.522105
  0
LINE
  8
CrimpValley
 62
5
 10
69.737963
 20
-216.405766
 11
65.377421
 21
-218.430796
  0
LINE
  8
CrimpMountain
 62
1
 10
60.674839
 20
-217.430403
 11
65.377421
 21
-218.430796
  0
LINE
  8
CrimpMountain
 62
1
 10
60.674839
 20
-217.430403
 11
60.219849
 21
-201.114597
  0
LINE
  8
CrimpValley
 62
5
 10
58.586452
 20
-184.874383
 11
60.219849
 21
-201.114597
  0
LINE
  8
CrimpValley
 62
5
 10
60.674839
 20
-217.430403
 11
57.087211
 21
-201.315548
  0
LINE
  8
CrimpMountain
 62
1
 10
58.586452
 20
-184.874383
 11
57.087211
 21
-201.315548
  0
LINE
  8
CrimpMountain
 62
1
 10
16.973104
 20
-186.834104
 11
20.905793
 21
-188.295160
  0
LINE
  8
CrimpValley
 62
5
 10
24.756575
 20
-186.630167
 11
20.905793
 21
-188.295160
  0
LINE
  8
CrimpValley
 62
5
 10
16.973104
 20
-186.834104
 11
20.797979
 21
-184.180339
  0
LINE
  8
CrimpMountain
 62
1
 10
24.756575
 20
-186.630167
 11
20.797979
 21
-184.180339
  0
LINE
  8
CrimpMountain
 62
1
 10
27.937971
 20
-121.615887
 11
24.385505
 21
-137.217291
  0
LINE
  8
CrimpValley
 62
5
 10
29.200077
 20
-152.476509
 11
24.385505
 21
-137.217291
  0
LINE
  8
CrimpValley
 62
5
 10
27.937971
 20
-121.615887
 11
28.543304
 21
-137.047250
  0
LINE
  8
CrimpMountain
 62
1
 10
29.200077
 20
-152.476509
 11
28.543304
 21
-137.047250
  0
LINE
  8
CrimpMountain
 62
1
 10
68.483755
 20
-149.999669
 11
59.252111
 21
-146.687032
  0
LINE
  8
CrimpValley
 62
5
 10
50.631167
 20
-151.364225
 11
59.252111
 21
-146.687032
  0
LINE
  8
CrimpValley
 62
5
 10
68.483755
 20
-149.999669
 11
59.687366
 21
-152.381509
  0
LINE
  8
CrimpMountain
 62
1
 10
50.631167
 20
-151.364225
 11
59.687366
 21
-152.381509
  0
LINE
  8
CrimpMountain
 62
1
 10
50.631167
 20
-151.364225
 11
53.771082
 21
-136.015510
  0
LINE
  8
CrimpValley
 62
5
 10
49.388317
 20
-120.974449
 11
53.771082
 21
-136.015510
  0
LINE
  8
CrimpValley
 62
5
 10
50.631167
 20
-151.364225
 11
49.701357
 21
-136.181949
  0
LINE
  8
CrimpMountain
 62
1
 10
49.388317
 20
-120.974449
 11
49.701357
 21
-136.181949
  0
LINE
  8
CrimpMountain
 62
1
 10
10.736827
 20
-121.874128
 11
19.367769
 21
-123.767884
  0
LINE
  8
CrimpValley
 62
5
 10
27.937971
 20
-121.615887
 11
19.367769
 21
-123.767884
  0
LINE
  8
CrimpValley
 62
5
 10
10.736827
 20
-121.874128
 11
19.247768
 21
-115.774776
  0
LINE
  8
CrimpMountain
 62
1
 10
27.937971
 20
-121.615887
 11
19.247768
 21
-115.774776
  0
LINE
  8
CrimpMountain
 62
1
 10
32.370072
 20
-49.182794
 11
24.852286
 21
-68.531838
  0
LINE
  8
CrimpValley
 62
5
 10
33.130335
 20
-87.568029
 11
24.852286
 21
-68.531838
  0
LINE
  8
CrimpValley
 62
5
 10
32.370072
 20
-49.182794
 11
29.977790
 21
-68.430322
  0
LINE
  8
CrimpMountain
 62
1
 10
33.130335
 20
-87.568029
 11
29.977790
 21
-68.430322
  0
LINE
  8
CrimpMountain
 62
1
 10
70.356371
 20
-86.059883
 11
56.024825
 21
-81.242530
  0
LINE
  8
CrimpValley
 62
5
 10
42.170760
 20
-87.297691
 11
56.024825
 21
-81.242530
  0
LINE
  8
CrimpValley
 62
5
 10
70.356371
 20
-86.059883
 11
56.382602
 21
-89.389321
  0
LINE
  8
CrimpMountain
 62
1
 10
42.170760
 20
-87.297691
 11
56.382602
 21
-89.389321
  0
LINE
  8
CrimpMountain
 62
1
 10
42.170760
 20
-87.297691
 11
49.241368
 21
-68.048785
  0
LINE
  8
CrimpValley
 62
5
 10
41.414111
 20
-49.094949
 11
49.241368
 21
-68.048785
  0
LINE
  8
CrimpValley
 62
5
 10
42.170760
 20
-87.297691
 11
44.159222
 21
-68.149443
  0
LINE
  8
CrimpMountain
 62
1
 10
41.414111
 20
-49.094949
 11
44.159222
 21
-68.149443
  0
LINE
  8
CrimpMountain
 62
1
 10
4.522205
 20
-49.318035
 11
18.461630
 21
-52.440263
  0
LINE
  8
CrimpValley
 62
5
 10
32.370072
 20
-49.182794
 11
18.461630
 21
-52.440263
  0
LINE
  8
CrimpValley
 62
5
 10
4.522205
 20
-49.318035
 11
18.409371
 21
-41.679527
  0
LINE
  8
CrimpMountain
 62
1
 10
32.370072
 20
-49.182794
 11
18.409371
 21
-41.679527
  0
LINE
  8
CrimpMountain
 62
1
 10
34.609613
 20
14.811894
 11
26.103912
 21
-0.000525
  0
LINE
  8
CrimpValley
 62
5
 10
34.607696
 20
-14.814045
 11
26.103912
 21
-0.000525
  0
LINE
  8
CrimpValley
 62
5
 10
34.609613
 20
14.811894
 11
31.511313
 21
-0.000875
  0
LINE
  8
CrimpMountain
 62
1
 10
34.607696
 20
-14.814045
 11
31.511313
 21
-0.000875
  0
LINE
  8
CrimpMountain
 62
1
 10
70.848645
 20
-14.315095
 11
54.631053
 21
-11.183799
  0
LINE
  8
CrimpValley
 62
5
 10
38.509319
 20
-14.776148
 11
54.631053
 21
-11.183799
  0
LINE
  8
CrimpValley
 62
5
 10
70.848645
 20
-14.315095
 11
54.756020
 21
-19.949242
  0
LINE
  8
CrimpMountain
 62
1
 10
38.509319
 20
-14.776148
 11
54.756020
 21
-19.949242
  0
LINE
  8
CrimpMountain
 62
1
 10
74.749762
 20
-14.241750
 11
82.596147
 21
-0.007548
  0
LINE
  8
CrimpValley
 62
5
 10
74.755014
 20
14.229547
 11
82.596147
 21
-0.007548
  0
LINE
  8
CrimpValley
 62
5
 10
74.749762
 20
-14.241750
 11
77.304124
 21
-0.006572
  0
LINE
  8
CrimpMountain
 62
1
 10
74.755014
 20
14.229547
 11
77.304124
 21
-0.006572
  0
LINE
  8
CrimpMountain
 62
1
 10
38.511231
 20
14.773493
 11
54.633835
 21
11.178759
  0
LINE
  8
CrimpValley
 62
5
 10
70.853924
 20
14.304332
 11
54.633835
 21
11.178759
  0
LINE
  8
CrimpValley
 62
5
 10
38.511231
 20
14.773493
 11
54.761001
 21
19.945248
  0
LINE
  8
CrimpMountain
 62
1
 10
70.853924
 20
14.304332
 11
54.761001
 21
19.945248
  0
LINE
  8
CrimpMountain
 62
1
 10
70.397044
 20
86.050489
 11
61.732563
 21
67.680853
  0
LINE
  8
CrimpValley
 62
5
 10
68.941348
 20
48.692695
 11
61.732563
 21
67.680853
  0
LINE
  8
CrimpValley
 62
5
 10
70.397044
 20
86.050489
 11
66.785985
 21
67.483940
  0
LINE
  8
CrimpMountain
 62
1
 10
68.941348
 20
48.692695
 11
66.785985
 21
67.483940
  0
LINE
  8
CrimpMountain
 62
1
 10
104.864263
 20
47.900060
 11
91.493168
 21
51.202949
  0
LINE
  8
CrimpValley
 62
5
 10
77.984151
 20
48.519345
 11
91.493168
 21
51.202949
  0
LINE
  8
CrimpValley
 62
5
 10
104.864263
 20
47.900060
 11
91.255448
 21
40.884677
  0
LINE
  8
CrimpMountain
 62
1
 10
77.984151
 20
48.519345
 11
91.255448
 21
40.884677
  0
LINE
  8
CrimpMountain
 62
1
 10
77.984151
 20
48.519345
 11
85.787054
 21
66.743539
  0
LINE
  8
CrimpValley
 62
5
 10
79.425917
 20
85.519652
 11
85.787054
 21
66.743539
  0
LINE
  8
CrimpValley
 62
5
 10
77.984151
 20
48.519345
 11
80.815554
 21
66.937260
  0
LINE
  8
CrimpMountain
 62
1
 10
79.425917
 20
85.519652
 11
80.815554
 21
66.937260
  0
LINE
  8
CrimpMountain
 62
1
 10
42.180099
 20
87.301877
 11
56.047570
 21
81.241959
  0
LINE
  8
CrimpValley
 62
5
 10
70.397044
 20
86.050489
 11
56.047570
 21
81.241959
  0
LINE
  8
CrimpValley
 62
5
 10
42.180099
 20
87.301877
 11
56.409181
 21
89.395763
  0
LINE
  8
CrimpMountain
 62
1
 10
70.397044
 20
86.050489
 11
56.409181
 21
89.395763
  0
LINE
  8
CrimpMountain
 62
1
 10
68.581307
 20
150.030698
 11
63.170346
 21
135.470753
  0
LINE
  8
CrimpValley
 62
5
 10
66.188344
 20
120.233885
 11
63.170346
 21
135.470753
  0
LINE
  8
CrimpValley
 62
5
 10
68.581307
 20
150.030698
 11
67.204563
 21
135.146768
  0
LINE
  8
CrimpMountain
 62
1
 10
66.188344
 20
120.233885
 11
67.204563
 21
135.146768
  0
LINE
  8
CrimpMountain
 62
1
 10
103.514138
 20
117.835381
 11
95.695102
 21
120.253366
  0
LINE
  8
CrimpValley
 62
5
 10
87.611284
 20
118.974359
 11
95.695102
 21
120.253366
  0
LINE
  8
CrimpValley
 62
5
 10
103.514138
 20
117.835381
 11
95.165608
 21
112.860362
  0
LINE
  8
CrimpMountain
 62
1
 10
87.611284
 20
118.974359
 11
95.165608
 21
112.860362
  0
LINE
  8
CrimpMountain
 62
1
 10
87.611284
 20
118.974359
 11
92.195486
 21
133.139763
  0
LINE
  8
CrimpValley
 62
5
 10
89.930686
 20
147.855206
 11
92.195486
 21
133.139763
  0
LINE
  8
CrimpValley
 62
5
 10
87.611284
 20
118.974359
 11
88.327170
 21
133.450425
  0
LINE
  8
CrimpMountain
 62
1
 10
89.930686
 20
147.855206
 11
88.327170
 21
133.450425
  0
LINE
  8
CrimpMountain
 62
1
 10
50.633219
 20
151.404296
 11
59.301009
 21
146.715841
  0
LINE
  8
CrimpValley
 62
5
 10
68.581307
 20
150.030698
 11
59.301009
 21
146.715841
  0
LINE
  8
CrimpValley
 62
5
 10
50.633219
 20
151.404296
 11
59.738551
 21
152.432976
  0
LINE
  8
CrimpMountain
 62
1
 10
68.581307
 20
150.030698
 11
59.738551
 21
152.432976
  0
LINE
  8
CrimpMountain
 62
1
 10
69.878034
 20
216.545665
 11
66.669492
 21
200.603545
  0
LINE
  8
CrimpValley
 62
5
 10
65.839863
 20
184.362928
 11
66.669492
 21
200.603545
  0
LINE
  8
CrimpValley
 62
5
 10
69.878034
 20
216.545665
 11
69.791327
 21
200.211829
  0
LINE
  8
CrimpMountain
 62
1
 10
65.839863
 20
184.362928
 11
69.791327
 21
200.211829
  0
LINE
  8
CrimpMountain
 62
1
 10
105.632925
 20
180.164227
 11
102.746597
 21
181.819452
  0
LINE
  8
CrimpValley
 62
5
 10
99.540753
 20
180.928823
 11
102.746597
 21
181.819452
  0
LINE
  8
CrimpValley
 62
5
 10
105.632925
 20
180.164227
 11
102.334878
 21
178.538941
  0
LINE
  8
CrimpMountain
 62
1
 10
99.540753
 20
180.928823
 11
102.334878
 21
178.538941
  0
LINE
  8
CrimpMountain
 62
1
 10
99.540753
 20
180.928823
 11
101.694163
 21
196.208778
  0
LINE
  8
CrimpValley
 62
5
 10
103.382618
 20
211.547074
 11
101.694163
 21
196.208778
  0
LINE
  8
CrimpValley
 62
5
 10
99.540753
 20
180.928823
 11
98.895737
 21
196.559915
  0
LINE
  8
CrimpMountain
 62
1
 10
103.382618
 20
211.547074
 11
98.895737
 21
196.559915
  0
LINE
  8
CrimpMountain
 62
1
 10
60.613576
 20
217.578451
 11
64.974679
 21
214.629958
  0
LINE
  8
CrimpValley
 62
5
 10
69.878034
 20
216.545665
 11
64.974679
 21
214.629958
  0
LINE
  8
CrimpValley
 62
5
 10
60.613576
 20
217.578451
 11
65.418626
 21
218.612323
  0
LINE
  8
CrimpMountain
 62
1
 10
69.878034
 20
216.545665
 11
65.418626
 21
218.612323
  0
LINE
  8
CrimpMountain
 62
1
 10
80.627211
 20
297.981600
 11
76.176251
 21
274.497224
  0
LINE
  8
CrimpValley
 62
5
 10
72.402792
 20
250.894512
 11
76.176251
 21
274.497224
  0
LINE
  8
CrimpValley
 62
5
 10
80.627211
 20
297.981600
 11
80.593475
 21
273.725694
  0
LINE
  8
CrimpMountain
 62
1
 10
72.402792
 20
250.894512
 11
80.593475
 21
273.725694
  0
LINE
  8
CrimpMountain
 62
1
 10
116.150331
 20
244.179375
 11
113.841520
 21
246.109208
  0
LINE
  8
CrimpValley
 62
5
 10
110.993744
 20
245.137080
 11
113.841520
 21
246.109208
  0
LINE
  8
CrimpValley
 62
5
 10
116.150331
 20
244.179375
 11
113.351327
 21
243.469855
  0
LINE
  8
CrimpMountain
 62
1
 10
110.993744
 20
245.137080
 11
113.351327
 21
243.469855
  0
LINE
  8
CrimpMountain
 62
1
 10
118.824393
 20
-289.790935
 11
113.606648
 21
-267.598312
  0
LINE
  8
CrimpValley
 62
5
 10
110.876271
 20
-244.964655
 11
113.606648
 21
-267.598312
  0
LINE
  8
CrimpValley
 62
5
 10
118.824393
 20
-289.790935
 11
109.768956
 21
-268.278771
  0
LINE
  8
CrimpMountain
 62
1
 10
110.876271
 20
-244.964655
 11
109.768956
 21
-268.278771
  0
LINE
  8
CrimpMountain
 62
1
 10
65.855524
 20
-251.480047
 11
69.272795
 21
-252.886164
  0
LINE
  8
CrimpValley
 62
5
 10
72.289885
 20
-250.752606
 11
69.272795
 21
-252.886164
  0
LINE
  8
CrimpValley
 62
5
 10
65.855524
 20
-251.480047
 11
68.905404
 21
-249.636519
  0
LINE
  8
CrimpMountain
 62
1
 10
72.289885
 20
-250.752606
 11
68.905404
 21
-249.636519
  0
LINE
  8
CrimpMountain
 62
1
 10
65.713806
 20
-184.329606
 11
66.561536
 21
-200.513761
  0
LINE
  8
CrimpValley
 62
5
 10
69.737963
 20
-216.405766
 11
66.561536
 21
-200.513761
  0
LINE
  8
CrimpValley
 62
5
 10
65.713806
 20
-184.329606
 11
69.638678
 21
-200.127714
  0
LINE
  8
CrimpMountain
 62
1
 10
69.737963
 20
-216.405766
 11
69.638678
 21
-200.127714
  0
LINE
  8
CrimpMountain
 62
1
 10
110.725981
 20
-209.997368
 11
106.602191
 21
-208.631720
  0
LINE
  8
CrimpValley
 62
5
 10
103.238582
 20
-211.380678
 11
106.602191
 21
-208.631720
  0
LINE
  8
CrimpValley
 62
5
 10
110.725981
 20
-209.997368
 11
107.211239
 21
-211.928296
  0
LINE
  8
CrimpMountain
 62
1
 10
103.238582
 20
-211.380678
 11
107.211239
 21
-211.928296
  0
LINE
  8
CrimpMountain
 62
1
 10
103.238582
 20
-211.380678
 11
101.490869
 21
-196.131656
  0
LINE
  8
CrimpValley
 62
5
 10
99.417535
 20
-180.923485
 11
101.490869
 21
-196.131656
  0
LINE
  8
CrimpValley
 62
5
 10
103.238582
 20
-211.380678
 11
98.762915
 21
-196.473895
  0
LINE
  8
CrimpMountain
 62
1
 10
99.417535
 20
-180.923485
 11
98.762915
 21
-196.473895
  0
LINE
  8
CrimpMountain
 62
1
 10
58.586452
 20
-184.874383
 11
62.261153
 21
-186.054525
  0
LINE
  8
CrimpValley
 62
5
 10
65.713806
 20
-184.329606
 11
62.261153
 21
-186.054525
  0
LINE
  8
CrimpValley
 62
5
 10
58.586452
 20
-184.874383
 11
61.971047
 21
-182.259051
  0
LINE
  8
CrimpMountain
 62
1
 10
65.713806
 20
-184.329606
 11
61.971047
 21
-182.259051
  0
LINE
  8
CrimpMountain
 62
1
 10
66.118823
 20
-120.239707
 11
63.101958
 21
-135.453396
  0
LINE
  8
CrimpValley
 62
5
 10
68.483755
 20
-149.999669
 11
63.101958
 21
-135.453396
  0
LINE
  8
CrimpValley
 62
5
 10
66.118823
 20
-120.239707
 11
67.121149
 21
-135.134003
  0
LINE
  8
CrimpMountain
 62
1
 10
68.483755
 20
-149.999669
 11
67.121149
 21
-135.134003
  0
LINE
  8
CrimpMountain
 62
1
 10
106.565791
 20
-145.782335
 11
97.736126
 21
-143.040902
  0
LINE
  8
CrimpValley
 62
5
 10
89.834935
 20
-147.841905
 11
97.736126
 21
-143.040902
  0
LINE
  8
CrimpValley
 62
5
 10
106.565791
 20
-145.782335
 11
98.393589
 21
-148.381784
  0
LINE
  8
CrimpMountain
 62
1
 10
89.834935
 20
-147.841905
 11
98.393589
 21
-148.381784
  0
LINE
  8
CrimpMountain
 62
1
 10
89.834935
 20
-147.841905
 11
92.098730
 21
-133.149112
  0
LINE
  8
CrimpValley
 62
5
 10
87.542821
 20
-118.998260
 11
92.098730
 21
-133.149112
  0
LINE
  8
CrimpValley
 62
5
 10
89.834935
 20
-147.841905
 11
88.245538
 21
-133.455313
  0
LINE
  8
CrimpMountain
 62
1
 10
87.542821
 20
-118.998260
 11
88.245538
 21
-133.455313
  0
LINE
  8
CrimpMountain
 62
1
 10
49.388317
 20
-120.974449
 11
57.839685
 21
-122.567973
  0
LINE
  8
CrimpValley
 62
5
 10
66.118823
 20
-120.239707
 11
57.839685
 21
-122.567973
  0
LINE
  8
CrimpValley
 62
5
 10
49.388317
 20
-120.974449
 11
57.498069
 21
-114.789171
  0
LINE
  8
CrimpMountain
 62
1
 10
66.118823
 20
-120.239707
 11
57.498069
 21
-114.789171
  0
LINE
  8
CrimpMountain
 62
1
 10
68.923383
 20
-48.702756
 11
61.710518
 21
-67.685483
  0
LINE
  8
CrimpValley
 62
5
 10
70.356371
 20
-86.059883
 11
61.710518
 21
-67.685483
  0
LINE
  8
CrimpValley
 62
5
 10
68.923383
 20
-48.702756
 11
66.761254
 21
-67.491741
  0
LINE
  8
CrimpMountain
 62
1
 10
70.356371
 20
-86.059883
 11
66.761254
 21
-67.491741
  0
LINE
  8
CrimpMountain
 62
1
 10
106.803041
 20
-83.614346
 11
92.725436
 21
-79.313603
  0
LINE
  8
CrimpValley
 62
5
 10
79.385688
 20
-85.536664
 11
92.725436
 21
-79.313603
  0
LINE
  8
CrimpValley
 62
5
 10
106.803041
 20
-83.614346
 11
93.277359
 21
-87.185487
  0
LINE
  8
CrimpMountain
 62
1
 10
79.385688
 20
-85.536664
 11
93.277359
 21
-87.185487
  0
LINE
  8
CrimpMountain
 62
1
 10
79.385688
 20
-85.536664
 11
85.765449
 21
-66.762756
  0
LINE
  8
CrimpValley
 62
5
 10
77.966248
 20
-48.532741
 11
85.765449
 21
-66.762756
  0
LINE
  8
CrimpValley
 62
5
 10
79.385688
 20
-85.536664
 11
80.791140
 21
-66.953566
  0
LINE
  8
CrimpMountain
 62
1
 10
77.966248
 20
-48.532741
 11
80.791140
 21
-66.953566
  0
LINE
  8
CrimpMountain
 62
1
 10
41.414111
 20
-49.094949
 11
55.213272
 21
-52.021902
  0
LINE
  8
CrimpValley
 62
5
 10
68.923383
 20
-48.702756
 11
55.213272
 21
-52.021902
  0
LINE
  8
CrimpValley
 62
5
 10
41.414111
 20
-49.094949
 11
55.062044
 21
-41.414431
  0
LINE
  8
CrimpMountain
 62
1
 10
68.923383
 20
-48.702756
 11
55.062044
 21
-41.414431
  0
LINE
  8
CrimpMountain
 62
1
 10
70.853924
 20
14.304332
 11
62.389167
 21
-0.003821
  0
LINE
  8
CrimpValley
 62
5
 10
70.848645
 20
-14.315095
 11
62.389167
 21
-0.003821
  0
LINE
  8
CrimpValley
 62
5
 10
70.853924
 20
14.304332
 11
67.721405
 21
-0.004804
  0
LINE
  8
CrimpMountain
 62
1
 10
70.848645
 20
-14.315095
 11
67.721405
 21
-0.004804
  0
LINE
  8
CrimpMountain
 62
1
 10
106.509017
 20
-13.518042
 11
90.556786
 21
-10.693773
  0
LINE
  8
CrimpValley
 62
5
 10
74.749762
 20
-14.241750
 11
90.556786
 21
-10.693773
  0
LINE
  8
CrimpValley
 62
5
 10
106.509017
 20
-13.518042
 11
90.750090
 21
-19.176737
  0
LINE
  8
CrimpMountain
 62
1
 10
74.749762
 20
-14.241750
 11
90.750090
 21
-19.176737
  0
LINE
  8
CrimpMountain
 62
1
 10
110.409426
 20
-13.413611
 11
117.870391
 21
-0.010814
  0
LINE
  8
CrimpValley
 62
5
 10
110.411217
 20
13.392980
 11
117.870391
 21
-0.010814
  0
LINE
  8
CrimpValley
 62
5
 10
110.409426
 20
-13.413611
 11
112.704394
 21
-0.010469
  0
LINE
  8
CrimpMountain
 62
1
 10
110.411217
 20
13.392980
 11
112.704394
 21
-0.010469
  0
LINE
  8
CrimpMountain
 62
1
 10
74.755014
 20
14.229547
 11
90.559477
 21
10.676020
  0
LINE
  8
CrimpValley
 62
5
 10
106.510823
 20
13.497932
 11
90.559477
 21
10.676020
  0
LINE
  8
CrimpValley
 62
5
 10
74.755014
 20
14.229547
 11
90.754890
 21
19.157931
  0
LINE
  8
CrimpMountain
 62
1
 10
106.510823
 20
13.497932
 11
90.754890
 21
19.157931
  0
LINE
  8
CrimpMountain
 62
1
 10
106.848295
 20
83.555634
 11
98.021491
 21
66.163809
  0
LINE
  8
CrimpValley
 62
5
 10
104.864263
 20
47.900060
 11
98.021491
 21
66.163809
  0
LINE
  8
CrimpValley
 62
5
 10
106.848295
 20
83.555634
 11
102.941649
 21
65.890030
  0
LINE
  8
CrimpMountain
 62
1
 10
104.864263
 20
47.900060
 11
102.941649
 21
65.890030
  0
LINE
  8
CrimpMountain
 62
1
 10
139.936422
 20
46.903797
 11
127.001870
 21
50.078159
  0
LINE
  8
CrimpValley
 62
5
 10
113.905454
 20
47.656778
 11
127.001870
 21
50.078159
  0
LINE
  8
CrimpValley
 62
5
 10
139.936422
 20
46.903797
 11
126.714841
 21
40.155389
  0
LINE
  8
CrimpMountain
 62
1
 10
113.905454
 20
47.656778
 11
126.714841
 21
40.155389
  0
LINE
  8
CrimpMountain
 62
1
 10
113.905454
 20
47.656778
 11
121.540844
 21
64.855089
  0
LINE
  8
CrimpValley
 62
5
 10
115.860662
 20
82.794338
 11
121.540844
 21
64.855089
  0
LINE
  8
CrimpValley
 62
5
 10
113.905454
 20
47.656778
 11
116.728970
 21
65.122843
  0
LINE
  8
CrimpMountain
 62
1
 10
115.860662
 20
82.794338
 11
116.728970
 21
65.122843
  0
LINE
  8
CrimpMountain
 62
1
 10
79.425917
 20
85.519652
 11
92.760822
 21
79.283816
  0
LINE
  8
CrimpValley
 62
5
 10
106.848295
 20
83.555634
 11
92.760822
 21
79.283816
  0
LINE
  8
CrimpValley
 62
5
 10
79.425917
 20
85.519652
 11
93.324738
 21
87.157431
  0
LINE
  8
CrimpMountain
 62
1
 10
106.848295
 20
83.555634
 11
93.324738
 21
87.157431
  0
LINE
  8
CrimpMountain
 62
1
 10
106.771891
 20
145.741555
 11
101.036936
 21
132.267810
  0
LINE
  8
CrimpValley
 62
5
 10
103.514138
 20
117.835381
 11
101.036936
 21
132.267810
  0
LINE
  8
CrimpValley
 62
5
 10
106.771891
 20
145.741555
 11
104.827224
 21
131.825333
  0
LINE
  8
CrimpMountain
 62
1
 10
103.514138
 20
117.835381
 11
104.827224
 21
131.825333
  0
LINE
  8
CrimpMountain
 62
1
 10
139.501518
 20
114.655350
 11
132.357476
 21
117.019302
  0
LINE
  8
CrimpValley
 62
5
 10
124.897920
 20
116.029045
 11
132.357476
 21
117.019302
  0
LINE
  8
CrimpValley
 62
5
 10
139.501518
 20
114.655350
 11
131.717451
 21
110.215259
  0
LINE
  8
CrimpMountain
 62
1
 10
124.897920
 20
116.029045
 11
131.717451
 21
110.215259
  0
LINE
  8
CrimpMountain
 62
1
 10
124.897920
 20
116.029045
 11
129.439105
 21
128.952155
  0
LINE
  8
CrimpValley
 62
5
 10
127.996739
 20
142.573781
 11
129.439105
 21
128.952155
  0
LINE
  8
CrimpValley
 62
5
 10
124.897920
 20
116.029045
 11
125.899479
 21
129.365369
  0
LINE
  8
CrimpMountain
 62
1
 10
127.996739
 20
142.573781
 11
125.899479
 21
129.365369
  0
LINE
  8
CrimpMountain
 62
1
 10
89.930686
 20
147.855206
 11
97.877660
 21
143.024590
  0
LINE
  8
CrimpValley
 62
5
 10
106.771891
 20
145.741555
 11
97.877660
 21
143.024590
  0
LINE
  8
CrimpValley
 62
5
 10
89.930686
 20
147.855206
 11
98.551271
 21
148.391806
  0
LINE
  8
CrimpMountain
 62
1
 10
106.771891
 20
145.741555
 11
98.551271
 21
148.391806
  0
LINE
  8
CrimpMountain
 62
1
 10
111.192945
 20
210.096505
 11
107.303947
 21
195.336364
  0
LINE
  8
CrimpValley
 62
5
 10
105.632925
 20
180.164227
 11
107.303947
 21
195.336364
  0
LINE
  8
CrimpValley
 62
5
 10
111.192945
 20
210.096505
 11
110.024771
 21
194.830962
  0
LINE
  8
CrimpMountain
 62
1
 10
105.632925
 20
180.164227
 11
110.024771
 21
194.830962
  0
LINE
  8
CrimpMountain
 62
1
 10
143.434347
 20
174.435447
 11
141.446225
 21
175.746168
  0
LINE
  8
CrimpValley
 62
5
 10
139.137238
 20
175.163762
 11
141.446225
 21
175.746168
  0
LINE
  8
CrimpValley
 62
5
 10
143.434347
 20
174.435447
 11
141.043922
 21
173.372547
  0
LINE
  8
CrimpMountain
 62
1
 10
139.137238
 20
175.163762
 11
141.043922
 21
173.372547
  0
LINE
  8
CrimpMountain
 62
1
 10
139.137238
 20
175.163762
 11
141.425345
 21
188.998201
  0
LINE
  8
CrimpValley
 62
5
 10
144.258034
 20
202.731483
 11
141.425345
 21
188.998201
  0
LINE
  8
CrimpValley
 62
5
 10
139.137238
 20
175.163762
 11
139.213654
 21
189.409030
  0
LINE
  8
CrimpMountain
 62
1
 10
144.258034
 20
202.731483
 11
139.213654
 21
189.409030
  0
LINE
  8
CrimpMountain
 62
1
 10
103.382618
 20
211.547074
 11
106.894309
 21
208.703205
  0
LINE
  8
CrimpValley
 62
5
 10
111.192945
 20
210.096505
 11
106.894309
 21
208.703205
  0
LINE
  8
CrimpValley
 62
5
 10
103.382618
 20
211.547074
 11
107.529266
 21
212.122019
  0
LINE
  8
CrimpMountain
 62
1
 10
111.192945
 20
210.096505
 11
107.529266
 21
212.122019
  0
LINE
  8
CrimpMountain
 62
1
 10
127.720197
 20
288.089260
 11
121.607660
 21
266.220638
  0
LINE
  8
CrimpValley
 62
5
 10
116.150331
 20
244.179375
 11
121.607660
 21
266.220638
  0
LINE
  8
CrimpValley
 62
5
 10
127.720197
 20
288.089260
 11
125.430590
 21
265.213330
  0
LINE
  8
CrimpMountain
 62
1
 10
116.150331
 20
244.179375
 11
125.430590
 21
265.213330
  0
LINE
  8
CrimpMountain
 62
1
 10
157.055119
 20
234.970972
 11
155.859363
 21
236.166760
  0
LINE
  8
CrimpValley
 62
5
 10
154.235056
 20
235.696263
 11
155.859363
 21
236.166760
  0
LINE
  8
CrimpValley
 62
5
 10
157.055119
 20
234.970972
 11
155.476634
 21
234.678638
  0
LINE
  8
CrimpMountain
 62
1
 10
154.235056
 20
235.696263
 11
155.476634
 21
234.678638
  0
LINE
  8
CrimpMountain
 62
1
 10
164.365837
 20
-276.197814
 11
157.034092
 21
-256.481471
  0
LINE
  8
CrimpValley
 62
5
 10
153.699538
 20
-235.712037
 11
157.034092
 21
-256.481471
  0
LINE
  8
CrimpValley
 62
5
 10
164.365837
 20
-276.197814
 11
154.133369
 21
-257.245690
  0
LINE
  8
CrimpMountain
 62
1
 10
153.699538
 20
-235.712037
 11
154.133369
 21
-257.245690
  0
LINE
  8
CrimpMountain
 62
1
 10
110.876271
 20
-244.964655
 11
113.481488
 21
-245.867080
  0
LINE
  8
CrimpValley
 62
5
 10
115.592283
 20
-244.093363
 11
113.481488
 21
-245.867080
  0
LINE
  8
CrimpValley
 62
5
 10
110.876271
 20
-244.964655
 11
113.032566
 21
-243.437216
  0
LINE
  8
CrimpMountain
 62
1
 10
115.592283
 20
-244.093363
 11
113.032566
 21
-243.437216
  0
LINE
  8
CrimpMountain
 62
1
 10
105.292389
 20
-180.200290
 11
106.951128
 21
-195.291769
  0
LINE
  8
CrimpValley
 62
5
 10
110.725981
 20
-209.997368
 11
106.951128
 21
-195.291769
  0
LINE
  8
CrimpValley
 62
5
 10
105.292389
 20
-180.200290
 11
109.604443
 21
-194.807929
  0
LINE
  8
CrimpMountain
 62
1
 10
110.725981
 20
-209.997368
 11
109.604443
 21
-194.807929
  0
LINE
  8
CrimpMountain
 62
1
 10
149.028213
 20
-201.414501
 11
146.035299
 21
-200.533269
  0
LINE
  8
CrimpValley
 62
5
 10
143.810625
 20
-202.720717
 11
146.035299
 21
-200.533269
  0
LINE
  8
CrimpValley
 62
5
 10
149.028213
 20
-201.414501
 11
146.632008
 21
-202.916779
  0
LINE
  8
CrimpMountain
 62
1
 10
143.810625
 20
-202.720717
 11
146.632008
 21
-202.916779
  0
LINE
  8
CrimpMountain
 62
1
 10
143.810625
 20
-202.720717
 11
140.963676
 21
-189.089473
  0
LINE
  8
CrimpValley
 62
5
 10
138.815973
 20
-175.330720
 11
140.963676
 21
-189.089473
  0
LINE
  8
CrimpValley
 62
5
 10
143.810625
 20
-202.720717
 11
138.836606
 21
-189.477351
  0
LINE
  8
CrimpMountain
 62
1
 10
138.815973
 20
-175.330720
 11
138.836606
 21
-189.477351
  0
LINE
  8
CrimpMountain
 62
1
 10
99.417535
 20
-180.923485
 11
102.506982
 21
-181.796816
  0
LINE
  8
CrimpValley
 62
5
 10
105.292389
 20
-180.200290
 11
102.506982
 21
-181.796816
  0
LINE
  8
CrimpValley
 62
5
 10
99.417535
 20
-180.923485
 11
102.115846
 21
-178.619432
  0
LINE
  8
CrimpMountain
 62
1
 10
105.292389
 20
-180.200290
 11
102.115846
 21
-178.619432
  0
LINE
  8
CrimpMountain
 62
1
 10
103.394961
 20
-117.886816
 11
100.899194
 21
-132.298476
  0
LINE
  8
CrimpValley
 62
5
 10
106.565791
 20
-145.782335
 11
100.899194
 21
-132.298476
  0
LINE
  8
CrimpValley
 62
5
 10
103.394961
 20
-117.886816
 11
104.676908
 21
-131.869070
  0
LINE
  8
CrimpMountain
 62
1
 10
106.565791
 20
-145.782335
 11
104.676908
 21
-131.869070
  0
LINE
  8
CrimpMountain
 62
1
 10
143.004664
 20
-140.229260
 11
134.840593
 21
-137.994848
  0
LINE
  8
CrimpValley
 62
5
 10
127.802847
 20
-142.697483
 11
134.840593
 21
-137.994848
  0
LINE
  8
CrimpValley
 62
5
 10
143.004664
 20
-140.229260
 11
135.628868
 21
-142.849843
  0
LINE
  8
CrimpMountain
 62
1
 10
127.802847
 20
-142.697483
 11
135.628868
 21
-142.849843
  0
LINE
  8
CrimpMountain
 62
1
 10
127.802847
 20
-142.697483
 11
129.305503
 21
-129.069585
  0
LINE
  8
CrimpValley
 62
5
 10
124.782587
 20
-116.126603
 11
129.305503
 21
-129.069585
  0
LINE
  8
CrimpValley
 62
5
 10
127.802847
 20
-142.697483
 11
125.755964
 21
-129.473055
  0
LINE
  8
CrimpMountain
 62
1
 10
124.782587
 20
-116.126603
 11
125.755964
 21
-129.473055
  0
LINE
  8
CrimpMountain
 62
1
 10
87.542821
 20
-118.998260
 11
95.598087
 21
-120.285215
  0
LINE
  8
CrimpValley
 62
5
 10
103.394961
 20
-117.886816
 11
95.598087
 21
-120.285215
  0
LINE
  8
CrimpValley
 62
5
 10
87.542821
 20
-118.998260
 11
95.080845
 21
-112.907976
  0
LINE
  8
CrimpMountain
 62
1
 10
103.394961
 20
-117.886816
 11
95.080845
 21
-112.907976
  0
LINE
  8
CrimpMountain
 62
1
 10
104.857858
 20
-47.919954
 11
98.006925
 21
-66.193497
  0
LINE
  8
CrimpValley
 62
5
 10
106.803041
 20
-83.614346
 11
98.006925
 21
-66.193497
  0
LINE
  8
CrimpValley
 62
5
 10
104.857858
 20
-47.919954
 11
102.931183
 21
-65.925147
  0
LINE
  8
CrimpMountain
 62
1
 10
106.803041
 20
-83.614346
 11
102.931183
 21
-65.925147
  0
LINE
  8
CrimpMountain
 62
1
 10
142.265254
 20
-80.463326
 11
128.582751
 21
-76.635604
  0
LINE
  8
CrimpValley
 62
5
 10
115.817032
 20
-82.872491
 11
128.582751
 21
-76.635604
  0
LINE
  8
CrimpValley
 62
5
 10
142.265254
 20
-80.463326
 11
129.266249
 21
-84.139166
  0
LINE
  8
CrimpMountain
 62
1
 10
115.817032
 20
-82.872491
 11
129.266249
 21
-84.139166
  0
LINE
  8
CrimpMountain
 62
1
 10
115.817032
 20
-82.872491
 11
121.563349
 21
-64.909777
  0
LINE
  8
CrimpValley
 62
5
 10
113.899084
 20
-47.677880
 11
121.563349
 21
-64.909777
  0
LINE
  8
CrimpValley
 62
5
 10
115.817032
 20
-82.872491
 11
116.724970
 21
-65.173447
  0
LINE
  8
CrimpMountain
 62
1
 10
113.899084
 20
-47.677880
 11
116.724970
 21
-65.173447
  0
LINE
  8
CrimpMountain
 62
1
 10
77.966248
 20
-48.532741
 11
91.480301
 21
-51.221379
  0
LINE
  8
CrimpValley
 62
5
 10
104.857858
 20
-47.919954
 11
91.480301
 21
-51.221379
  0
LINE
  8
CrimpValley
 62
5
 10
77.966248
 20
-48.532741
 11
91.245110
 21
-40.900240
  0
LINE
  8
CrimpMountain
 62
1
 10
104.857858
 20
-47.919954
 11
91.245110
 21
-40.900240
  0
LINE
  8
CrimpMountain
 62
1
 10
106.510823
 20
13.497932
 11
98.238800
 21
-0.009502
  0
LINE
  8
CrimpValley
 62
5
 10
106.509017
 20
-13.518042
 11
98.238800
 21
-0.009502
  0
LINE
  8
CrimpValley
 62
5
 10
106.510823
 20
13.497932
 11
103.444076
 21
-0.009850
  0
LINE
  8
CrimpMountain
 62
1
 10
106.509017
 20
-13.518042
 11
103.444076
 21
-0.009850
  0
LINE
  8
CrimpMountain
 62
1
 10
141.470761
 20
-12.484169
 11
125.852297
 21
-10.014797
  0
LINE
  8
CrimpValley
 62
5
 10
110.409426
 20
-13.413611
 11
125.852297
 21
-10.014797
  0
LINE
  8
CrimpValley
 62
5
 10
141.470761
 20
-12.484169
 11
126.094673
 21
-18.114858
  0
LINE
  8
CrimpMountain
 62
1
 10
110.409426
 20
-13.413611
 11
126.094673
 21
-18.114858
  0
LINE
  8
CrimpMountain
 62
1
 10
145.370436
 20
-12.355200
 11
152.632868
 21
0.017443
  0
LINE
  8
CrimpValley
 62
5
 10
145.344162
 20
12.374626
 11
152.632868
 21
0.017443
  0
LINE
  8
CrimpValley
 62
5
 10
145.370436
 20
-12.355200
 11
147.407999
 21
0.011892
  0
LINE
  8
CrimpMountain
 62
1
 10
145.344162
 20
12.374626
 11
147.407999
 21
0.011892
  0
LINE
  8
CrimpMountain
 62
1
 10
110.411217
 20
13.392980
 11
125.842399
 21
9.994576
  0
LINE
  8
CrimpValley
 62
5
 10
141.444222
 20
12.495309
 11
125.842399
 21
9.994576
  0
LINE
  8
CrimpValley
 62
5
 10
110.411217
 20
13.392980
 11
126.076453
 21
18.085947
  0
LINE
  8
CrimpMountain
 62
1
 10
141.444222
 20
12.495309
 11
126.076453
 21
18.085947
  0
LINE
  8
CrimpMountain
 62
1
 10
142.182609
 20
80.318351
 11
133.455664
 21
64.122219
  0
LINE
  8
CrimpValley
 62
5
 10
139.936422
 20
46.903797
 11
133.455664
 21
64.122219
  0
LINE
  8
CrimpValley
 62
5
 10
142.182609
 20
80.318351
 11
138.199250
 21
63.803346
  0
LINE
  8
CrimpMountain
 62
1
 10
139.936422
 20
46.903797
 11
138.199250
 21
63.803346
  0
LINE
  8
CrimpMountain
 62
1
 10
175.519096
 20
45.860411
 11
162.319409
 21
48.730262
  0
LINE
  8
CrimpValley
 62
5
 10
148.976559
 20
46.624053
 11
162.319409
 21
48.730262
  0
LINE
  8
CrimpValley
 62
5
 10
175.519096
 20
45.860411
 11
162.036729
 21
38.904897
  0
LINE
  8
CrimpMountain
 62
1
 10
148.976559
 20
46.624053
 11
162.036729
 21
38.904897
  0
LINE
  8
CrimpMountain
 62
1
 10
148.976559
 20
46.624053
 11
156.562798
 21
62.568915
  0
LINE
  8
CrimpValley
 62
5
 10
151.178853
 20
79.385657
 11
156.562798
 21
62.568915
  0
LINE
  8
CrimpValley
 62
5
 10
148.976559
 20
46.624053
 11
151.674672
 21
62.897504
  0
LINE
  8
CrimpMountain
 62
1
 10
151.178853
 20
79.385657
 11
151.674672
 21
62.897504
  0
LINE
  8
CrimpMountain
 62
1
 10
115.860662
 20
82.794338
 11
128.550505
 21
76.547812
  0
LINE
  8
CrimpValley
 62
5
 10
142.182609
 20
80.318351
 11
128.550505
 21
76.547812
  0
LINE
  8
CrimpValley
 62
5
 10
115.860662
 20
82.794338
 11
129.254003
 21
84.026614
  0
LINE
  8
CrimpMountain
 62
1
 10
142.182609
 20
80.318351
 11
129.254003
 21
84.026614
  0
LINE
  8
CrimpMountain
 62
1
 10
143.213842
 20
139.994644
 11
137.496554
 21
127.890670
  0
LINE
  8
CrimpValley
 62
5
 10
139.501518
 20
114.655350
 11
137.496554
 21
127.890670
  0
LINE
  8
CrimpValley
 62
5
 10
143.213842
 20
139.994644
 11
140.941331
 21
127.385994
  0
LINE
  8
CrimpMountain
 62
1
 10
139.501518
 20
114.655350
 11
140.941331
 21
127.385994
  0
LINE
  8
CrimpMountain
 62
1
 10
175.186337
 20
110.904364
 11
168.171640
 21
113.118015
  0
LINE
  8
CrimpValley
 62
5
 10
160.847045
 20
112.442334
 11
168.171640
 21
113.118015
  0
LINE
  8
CrimpValley
 62
5
 10
175.186337
 20
110.904364
 11
167.469859
 21
106.574951
  0
LINE
  8
CrimpMountain
 62
1
 10
160.847045
 20
112.442334
 11
167.469859
 21
106.574951
  0
LINE
  8
CrimpMountain
 62
1
 10
160.847045
 20
112.442334
 11
165.359396
 21
123.808634
  0
LINE
  8
CrimpValley
 62
5
 10
164.297128
 20
135.991643
 11
165.359396
 21
123.808634
  0
LINE
  8
CrimpValley
 62
5
 10
160.847045
 20
112.442334
 11
161.965441
 21
124.305864
  0
LINE
  8
CrimpMountain
 62
1
 10
164.297128
 20
135.991643
 11
161.965441
 21
124.305864
  0
LINE
  8
CrimpMountain
 62
1
 10
127.996739
 20
142.573781
 11
135.020883
 21
137.836166
  0
LINE
  8
CrimpValley
 62
5
 10
143.213842
 20
139.994644
 11
135.020883
 21
137.836166
  0
LINE
  8
CrimpValley
 62
5
 10
127.996739
 20
142.573781
 11
135.844557
 21
142.695906
  0
LINE
  8
CrimpMountain
 62
1
 10
143.213842
 20
139.994644
 11
135.844557
 21
142.695906
  0
LINE
  8
CrimpMountain
 62
1
 10
149.889770
 20
201.283060
 11
145.800571
 21
188.066395
  0
LINE
  8
CrimpValley
 62
5
 10
143.434347
 20
174.435447
 11
145.800571
 21
188.066395
  0
LINE
  8
CrimpValley
 62
5
 10
149.889770
 20
201.283060
 11
147.933800
 21
187.553467
  0
LINE
  8
CrimpMountain
 62
1
 10
143.434347
 20
174.435447
 11
147.933800
 21
187.553467
  0
LINE
  8
CrimpMountain
 62
1
 10
179.970411
 20
167.452610
 11
178.491474
 21
168.513491
  0
LINE
  8
CrimpValley
 62
5
 10
176.715198
 20
168.116542
 11
178.491474
 21
168.513491
  0
LINE
  8
CrimpValley
 62
5
 10
179.970411
 20
167.452610
 11
178.119350
 21
166.688993
  0
LINE
  8
CrimpMountain
 62
1
 10
176.715198
 20
168.116542
 11
178.119350
 21
166.688993
  0
LINE
  8
CrimpMountain
 62
1
 10
176.715198
 20
168.116542
 11
179.029363
 21
180.076639
  0
LINE
  8
CrimpValley
 62
5
 10
182.405343
 20
191.781425
 11
179.029363
 21
180.076639
  0
LINE
  8
CrimpValley
 62
5
 10
176.715198
 20
168.116542
 11
177.270847
 21
180.499468
  0
LINE
  8
CrimpMountain
 62
1
 10
182.405343
 20
191.781425
 11
177.270847
 21
180.499468
  0
LINE
  8
CrimpMountain
 62
1
 10
144.258034
 20
202.731483
 11
146.656603
 21
200.384736
  0
LINE
  8
CrimpValley
 62
5
 10
149.889770
 20
201.283060
 11
146.656603
 21
200.384736
  0
LINE
  8
CrimpValley
 62
5
 10
144.258034
 20
202.731483
 11
147.312646
 21
202.935554
  0
LINE
  8
CrimpMountain
 62
1
 10
149.889770
 20
201.283060
 11
147.312646
 21
202.935554
  0
LINE
  8
CrimpMountain
 62
1
 10
170.972895
 20
274.579844
 11
163.895131
 21
254.817179
  0
LINE
  8
CrimpValley
 62
5
 10
157.055119
 20
234.970972
 11
163.895131
 21
254.817179
  0
LINE
  8
CrimpValley
 62
5
 10
170.972895
 20
274.579844
 11
166.860408
 21
253.775239
  0
LINE
  8
CrimpMountain
 62
1
 10
157.055119
 20
234.970972
 11
166.860408
 21
253.775239
  0
LINE
  8
CrimpMountain
 62
1
 10
195.500783
 20
223.706761
 11
195.102318
 21
224.172538
  0
LINE
  8
CrimpValley
 62
5
 10
194.506912
 20
224.026884
 11
195.102318
 21
224.172538
  0
LINE
  8
CrimpValley
 62
5
 10
195.500783
 20
223.706761
 11
194.928470
 21
223.632799
  0
LINE
  8
CrimpMountain
 62
1
 10
194.506912
 20
224.026884
 11
194.928470
 21
223.632799
  0
LINE
  8
CrimpMountain
 62
1
 10
205.466308
 20
-259.550011
 11
196.855179
 21
-242.972181
  0
LINE
  8
CrimpValley
 62
5
 10
193.411464
 20
-224.611440
 11
196.855179
 21
-242.972181
  0
LINE
  8
CrimpValley
 62
5
 10
205.466308
 20
-259.550011
 11
194.894978
 21
-243.648509
  0
LINE
  8
CrimpMountain
 62
1
 10
193.411464
 20
-224.611440
 11
194.894978
 21
-243.648509
  0
LINE
  8
CrimpMountain
 62
1
 10
153.699538
 20
-235.712037
 11
154.936090
 21
-236.086862
  0
LINE
  8
CrimpValley
 62
5
 10
155.850179
 20
-235.173627
 11
154.936090
 21
-236.086862
  0
LINE
  8
CrimpValley
 62
5
 10
153.699538
 20
-235.712037
 11
154.648578
 21
-234.938412
  0
LINE
  8
CrimpMountain
 62
1
 10
155.850179
 20
-235.173627
 11
154.648578
 21
-234.938412
  0
LINE
  8
CrimpMountain
 62
1
 10
142.882002
 20
-174.670545
 11
145.167606
 21
-188.223504
  0
LINE
  8
CrimpValley
 62
5
 10
149.028213
 20
-201.414501
 11
145.167606
 21
-188.223504
  0
LINE
  8
CrimpValley
 62
5
 10
142.882002
 20
-174.670545
 11
147.223411
 21
-187.751046
  0
LINE
  8
CrimpMountain
 62
1
 10
149.028213
 20
-201.414501
 11
147.223411
 21
-187.751046
  0
LINE
  8
CrimpMountain
 62
1
 10
185.317329
 20
-191.134543
 11
183.135141
 21
-190.552875
  0
LINE
  8
CrimpValley
 62
5
 10
181.638843
 20
-192.244435
 11
183.135141
 21
-190.552875
  0
LINE
  8
CrimpValley
 62
5
 10
185.317329
 20
-191.134543
 11
183.652669
 21
-192.268105
  0
LINE
  8
CrimpMountain
 62
1
 10
181.638843
 20
-192.244435
 11
183.652669
 21
-192.268105
  0
LINE
  8
CrimpMountain
 62
1
 10
181.638843
 20
-192.244435
 11
178.346559
 21
-180.598423
  0
LINE
  8
CrimpValley
 62
5
 10
176.224156
 20
-168.683553
 11
178.346559
 21
-180.598423
  0
LINE
  8
CrimpValley
 62
5
 10
181.638843
 20
-192.244435
 11
176.653472
 21
-180.987523
  0
LINE
  8
CrimpMountain
 62
1
 10
176.224156
 20
-168.683553
 11
176.653472
 21
-180.987523
  0
LINE
  8
CrimpMountain
 62
1
 10
138.815973
 20
-175.330720
 11
140.995249
 21
-175.901459
  0
LINE
  8
CrimpValley
 62
5
 10
142.882002
 20
-174.670545
 11
140.995249
 21
-175.901459
  0
LINE
  8
CrimpValley
 62
5
 10
138.815973
 20
-175.330720
 11
140.628301
 21
-173.641423
  0
LINE
  8
CrimpMountain
 62
1
 10
142.882002
 20
-174.670545
 11
140.628301
 21
-173.641423
  0
LINE
  8
CrimpMountain
 62
1
 10
139.455625
 20
-114.790038
 11
137.391166
 21
-128.045227
  0
LINE
  8
CrimpValley
 62
5
 10
143.004664
 20
-140.229260
 11
137.391166
 21
-128.045227
  0
LINE
  8
CrimpValley
 62
5
 10
139.455625
 20
-114.790038
 11
140.851749
 21
-127.562440
  0
LINE
  8
CrimpMountain
 62
1
 10
143.004664
 20
-140.229260
 11
140.851749
 21
-127.562440
  0
LINE
  8
CrimpMountain
 62
1
 10
178.979608
 20
-133.653797
 11
170.944491
 21
-131.796189
  0
LINE
  8
CrimpValley
 62
5
 10
164.126786
 20
-136.436525
 11
170.944491
 21
-131.796189
  0
LINE
  8
CrimpValley
 62
5
 10
178.979608
 20
-133.653797
 11
171.793828
 21
-136.329533
  0
LINE
  8
CrimpMountain
 62
1
 10
164.126786
 20
-136.436525
 11
171.793828
 21
-136.329533
  0
LINE
  8
CrimpMountain
 62
1
 10
164.126786
 20
-136.436525
 11
165.376312
 21
-124.141005
  0
LINE
  8
CrimpValley
 62
5
 10
160.809286
 20
-112.656955
 11
165.376312
 21
-124.141005
  0
LINE
  8
CrimpValley
 62
5
 10
164.126786
 20
-136.436525
 11
161.892527
 21
-124.627030
  0
LINE
  8
CrimpMountain
 62
1
 10
160.809286
 20
-112.656955
 11
161.892527
 21
-124.627030
  0
LINE
  8
CrimpMountain
 62
1
 10
124.782587
 20
-116.126603
 11
132.271746
 21
-117.134036
  0
LINE
  8
CrimpValley
 62
5
 10
139.455625
 20
-114.790038
 11
132.271746
 21
-117.134036
  0
LINE
  8
CrimpValley
 62
5
 10
124.782587
 20
-116.126603
 11
131.649081
 21
-110.298306
  0
LINE
  8
CrimpMountain
 62
1
 10
139.455625
 20
-114.790038
 11
131.649081
 21
-110.298306
  0
LINE
  8
CrimpMountain
 62
1
 10
140.036078
 20
-46.895788
 11
133.554990
 21
-64.183976
  0
LINE
  8
CrimpValley
 62
5
 10
142.265254
 20
-80.463326
 11
133.554990
 21
-64.183976
  0
LINE
  8
CrimpValley
 62
5
 10
140.036078
 20
-46.895788
 11
138.327972
 21
-63.867009
  0
LINE
  8
CrimpMountain
 62
1
 10
142.265254
 20
-80.463326
 11
138.327972
 21
-63.867009
  0
LINE
  8
CrimpMountain
 62
1
 10
178.206631
 20
-76.793491
 11
164.237332
 21
-73.332326
  0
LINE
  8
CrimpValley
 62
5
 10
151.264929
 20
-79.564320
 11
164.237332
 21
-73.332326
  0
LINE
  8
CrimpValley
 62
5
 10
178.206631
 20
-76.793491
 11
164.986371
 21
-80.615480
  0
LINE
  8
CrimpMountain
 62
1
 10
151.264929
 20
-79.564320
 11
164.986371
 21
-80.615480
  0
LINE
  8
CrimpMountain
 62
1
 10
151.264929
 20
-79.564320
 11
156.802590
 21
-62.640134
  0
LINE
  8
CrimpValley
 62
5
 10
149.075602
 20
-46.596835
 11
156.802590
 21
-62.640134
  0
LINE
  8
CrimpValley
 62
5
 10
151.264929
 20
-79.564320
 11
151.826111
 21
-62.970615
  0
LINE
  8
CrimpMountain
 62
1
 10
149.075602
 20
-46.596835
 11
151.826111
 21
-62.970615
  0
LINE
  8
CrimpMountain
 62
1
 10
113.899084
 20
-47.677880
 11
127.051772
 21
-50.100462
  0
LINE
  8
CrimpValley
 62
5
 10
140.036078
 20
-46.895788
 11
127.051772
 21
-50.100462
  0
LINE
  8
CrimpValley
 62
5
 10
113.899084
 20
-47.677880
 11
126.754089
 21
-40.152084
  0
LINE
  8
CrimpMountain
 62
1
 10
140.036078
 20
-46.895788
 11
126.754089
 21
-40.152084
  0
LINE
  8
CrimpMountain
 62
1
 10
141.444222
 20
12.495309
 11
133.509695
 21
-0.002874
  0
LINE
  8
CrimpValley
 62
5
 10
141.470761
 20
-12.484169
 11
133.509695
 21
-0.002874
  0
LINE
  8
CrimpValley
 62
5
 10
141.444222
 20
12.495309
 11
138.554873
 21
0.002486
  0
LINE
  8
CrimpMountain
 62
1
 10
141.470761
 20
-12.484169
 11
138.554873
 21
0.002486
  0
LINE
  8
CrimpMountain
 62
1
 10
177.292720
 20
-11.239025
 11
161.242173
 21
-9.240163
  0
LINE
  8
CrimpValley
 62
5
 10
145.370436
 20
-12.355200
 11
161.242173
 21
-9.240163
  0
LINE
  8
CrimpValley
 62
5
 10
177.292720
 20
-11.239025
 11
161.516438
 21
-17.084042
  0
LINE
  8
CrimpMountain
 62
1
 10
145.370436
 20
-12.355200
 11
161.516438
 21
-17.084042
  0
LINE
  8
CrimpMountain
 62
1
 10
181.191878
 20
-11.095305
 11
188.662760
 21
0.168469
  0
LINE
  8
CrimpValley
 62
5
 10
181.076794
 20
11.355060
 11
188.662760
 21
0.168469
  0
LINE
  8
CrimpValley
 62
5
 10
181.191878
 20
-11.095305
 11
182.999253
 21
0.139437
  0
LINE
  8
CrimpMountain
 62
1
 10
181.076794
 20
11.355060
 11
182.999253
 21
0.139437
  0
LINE
  8
CrimpMountain
 62
1
 10
145.344162
 20
12.374626
 11
161.184998
 21
9.300597
  0
LINE
  8
CrimpValley
 62
5
 10
177.176367
 20
11.458798
 11
161.184998
 21
9.300597
  0
LINE
  8
CrimpValley
 62
5
 10
145.344162
 20
12.374626
 11
161.409881
 21
17.117045
  0
LINE
  8
CrimpMountain
 62
1
 10
177.176367
 20
11.458798
 11
161.409881
 21
17.117045
  0
LINE
  8
CrimpMountain
 62
1
 10
177.624233
 20
76.549240
 11
169.063700
 21
61.719843
  0
LINE
  8
CrimpValley
 62
5
 10
175.519096
 20
45.860411
 11
169.063700
 21
61.719843
  0
LINE
  8
CrimpValley
 62
5
 10
177.624233
 20
76.549240
 11
173.854405
 21
61.391219
  0
LINE
  8
CrimpMountain
 62
1
 10
175.519096
 20
45.860411
 11
173.854405
 21
61.391219
  0
LINE
  8
CrimpMountain
 62
1
 10
215.294728
 20
45.182382
 11
199.952847
 21
47.178413
  0
LINE
  8
CrimpValley
 62
5
 10
184.560361
 20
45.619944
 11
199.952847
 21
47.178413
  0
LINE
  8
CrimpValley
 62
5
 10
215.294728
 20
45.182382
 11
199.803661
 21
36.699589
  0
LINE
  8
CrimpMountain
 62
1
 10
184.560361
 20
45.619944
 11
199.803661
 21
36.699589
  0
LINE
  8
CrimpMountain
 62
1
 10
184.560361
 20
45.619944
 11
192.473624
 21
60.114012
  0
LINE
  8
CrimpValley
 62
5
 10
186.613645
 20
75.552872
 11
192.473624
 21
60.114012
  0
LINE
  8
CrimpValley
 62
5
 10
184.560361
 20
45.619944
 11
186.959823
 21
60.492237
  0
LINE
  8
CrimpMountain
 62
1
 10
186.613645
 20
75.552872
 11
186.959823
 21
60.492237
  0
LINE
  8
CrimpMountain
 62
1
 10
151.178853
 20
79.385657
 11
163.888059
 21
73.179973
  0
LINE
  8
CrimpValley
 62
5
 10
177.624233
 20
76.549240
 11
163.888059
 21
73.179973
  0
LINE
  8
CrimpValley
 62
5
 10
151.178853
 20
79.385657
 11
164.658970
 21
80.367578
  0
LINE
  8
CrimpMountain
 62
1
 10
177.624233
 20
76.549240
 11
164.658970
 21
80.367578
  0
LINE
  8
CrimpMountain
 62
1
 10
178.815570
 20
133.030466
 11
173.251154
 21
122.582476
  0
LINE
  8
CrimpValley
 62
5
 10
175.186337
 20
110.904364
 11
173.251154
 21
122.582476
  0
LINE
  8
CrimpValley
 62
5
 10
178.815570
 20
133.030466
 11
176.526312
 21
122.045268
  0
LINE
  8
CrimpMountain
 62
1
 10
175.186337
 20
110.904364
 11
176.526312
 21
122.045268
  0
LINE
  8
CrimpMountain
 62
1
 10
213.739873
 20
106.748788
 11
205.221429
 21
108.545072
  0
LINE
  8
CrimpValley
 62
5
 10
196.515655
 20
108.540265
 11
205.221429
 21
108.545072
  0
LINE
  8
CrimpValley
 62
5
 10
213.739873
 20
106.748788
 11
204.476814
 21
101.385945
  0
LINE
  8
CrimpMountain
 62
1
 10
196.515655
 20
108.540265
 11
204.476814
 21
101.385945
  0
LINE
  8
CrimpMountain
 62
1
 10
196.515655
 20
108.540265
 11
201.303576
 21
117.981179
  0
LINE
  8
CrimpValley
 62
5
 10
199.782484
 20
128.456928
 11
201.303576
 21
117.981179
  0
LINE
  8
CrimpValley
 62
5
 10
196.515655
 20
108.540265
 11
197.535832
 21
118.599183
  0
LINE
  8
CrimpMountain
 62
1
 10
199.782484
 20
128.456928
 11
197.535832
 21
118.599183
  0
LINE
  8
CrimpMountain
 62
1
 10
164.297128
 20
135.991643
 11
170.911586
 21
131.349828
  0
LINE
  8
CrimpValley
 62
5
 10
178.815570
 20
133.030466
 11
170.911586
 21
131.349828
  0
LINE
  8
CrimpValley
 62
5
 10
164.297128
 20
135.991643
 11
171.821616
 21
135.811640
  0
LINE
  8
CrimpMountain
 62
1
 10
178.815570
 20
133.030466
 11
171.821616
 21
135.811640
  0
LINE
  8
CrimpMountain
 62
1
 10
186.507573
 20
190.460111
 11
182.483669
 21
179.170972
  0
LINE
  8
CrimpValley
 62
5
 10
179.970411
 20
167.452610
 11
182.483669
 21
179.170972
  0
LINE
  8
CrimpValley
 62
5
 10
186.507573
 20
190.460111
 11
184.169618
 21
178.691940
  0
LINE
  8
CrimpMountain
 62
1
 10
179.970411
 20
167.452610
 11
184.169618
 21
178.691940
  0
LINE
  8
CrimpMountain
 62
1
 10
218.039292
 20
159.129372
 11
215.758753
 21
160.606129
  0
LINE
  8
CrimpValley
 62
5
 10
213.067562
 20
160.233086
 11
215.758753
 21
160.606129
  0
LINE
  8
CrimpValley
 62
5
 10
218.039292
 20
159.129372
 11
215.173983
 21
157.972006
  0
LINE
  8
CrimpMountain
 62
1
 10
213.067562
 20
160.233086
 11
215.173983
 21
157.972006
  0
LINE
  8
CrimpMountain
 62
1
 10
213.067562
 20
160.233086
 11
215.727841
 21
169.725247
  0
LINE
  8
CrimpValley
 62
5
 10
218.456121
 20
179.198086
 11
215.727841
 21
169.725247
  0
LINE
  8
CrimpValley
 62
5
 10
213.067562
 20
160.233086
 11
213.791624
 21
170.275388
  0
LINE
  8
CrimpMountain
 62
1
 10
218.456121
 20
179.198086
 11
213.791624
 21
170.275388
  0
LINE
  8
CrimpMountain
 62
1
 10
182.405343
 20
191.781425
 11
184.060199
 21
189.890520
  0
LINE
  8
CrimpValley
 62
5
 10
186.507573
 20
190.460111
 11
184.060199
 21
189.890520
  0
LINE
  8
CrimpValley
 62
5
 10
182.405343
 20
191.781425
 11
184.670400
 21
191.784984
  0
LINE
  8
CrimpMountain
 62
1
 10
186.507573
 20
190.460111
 11
184.670400
 21
191.784984
  0
LINE
  8
CrimpMountain
 62
1
 10
210.458390
 20
258.095671
 11
202.968317
 21
240.906118
  0
LINE
  8
CrimpValley
 62
5
 10
195.500783
 20
223.706761
 11
202.968317
 21
240.906118
  0
LINE
  8
CrimpValley
 62
5
 10
210.458390
 20
258.095671
 11
205.139852
 21
239.961599
  0
LINE
  8
CrimpMountain
 62
1
 10
195.500783
 20
223.706761
 11
205.139852
 21
239.961599
  0
LINE
  8
CrimpMountain
 62
1
 10
233.806342
 20
210.173160
 11
233.219592
 21
210.901135
  0
LINE
  8
CrimpValley
 62
5
 10
232.299464
 20
210.735040
 11
233.219592
 21
210.901135
  0
LINE
  8
CrimpValley
 62
5
 10
233.806342
 20
210.173160
 11
232.917393
 21
210.090683
  0
LINE
  8
CrimpMountain
 62
1
 10
232.299464
 20
210.735040
 11
232.917393
 21
210.090683
  0
LINE
  8
CrimpMountain
 62
1
 10
242.224180
 20
-240.881977
 11
233.829471
 21
-227.815605
  0
LINE
  8
CrimpValley
 62
5
 10
230.546299
 20
-212.635947
 11
233.829471
 21
-227.815605
  0
LINE
  8
CrimpValley
 62
5
 10
242.224180
 20
-240.881977
 11
232.378694
 21
-228.415406
  0
LINE
  8
CrimpMountain
 62
1
 10
230.546299
 20
-212.635947
 11
232.378694
 21
-228.415406
  0
LINE
  8
CrimpMountain
 62
1
 10
193.411464
 20
-224.611440
 11
193.411464
 21
-224.611440
  0
LINE
  8
CrimpValley
 62
5
 10
193.411464
 20
-224.611440
 11
193.411464
 21
-224.611440
  0
LINE
  8
CrimpValley
 62
5
 10
193.411464
 20
-224.611440
 11
193.411464
 21
-224.611440
  0
LINE
  8
CrimpMountain
 62
1
 10
193.411464
 20
-224.611440
 11
193.411464
 21
-224.611440
  0
LINE
  8
CrimpMountain
 62
1
 10
179.376137
 20
-168.093019
 11
181.675242
 21
-179.786923
  0
LINE
  8
CrimpValley
 62
5
 10
185.317329
 20
-191.134543
 11
181.675242
 21
-179.786923
  0
LINE
  8
CrimpValley
 62
5
 10
179.376137
 20
-168.093019
 11
183.307292
 21
-179.366103
  0
LINE
  8
CrimpMountain
 62
1
 10
185.317329
 20
-191.134543
 11
183.307292
 21
-179.366103
  0
LINE
  8
CrimpMountain
 62
1
 10
222.556086
 20
-179.134091
 11
219.606714
 21
-178.532318
  0
LINE
  8
CrimpValley
 62
5
 10
217.557723
 20
-180.737440
 11
219.606714
 21
-178.532318
  0
LINE
  8
CrimpValley
 62
5
 10
222.556086
 20
-179.134091
 11
220.291186
 21
-180.666125
  0
LINE
  8
CrimpMountain
 62
1
 10
217.557723
 20
-180.737440
 11
220.291186
 21
-180.666125
  0
LINE
  8
CrimpMountain
 62
1
 10
217.557723
 20
-180.737440
 11
215.103744
 21
-171.167478
  0
LINE
  8
CrimpValley
 62
5
 10
212.624244
 20
-161.604096
 11
215.103744
 21
-171.167478
  0
LINE
  8
CrimpValley
 62
5
 10
217.557723
 20
-180.737440
 11
213.127837
 21
-171.676960
  0
LINE
  8
CrimpMountain
 62
1
 10
212.624244
 20
-161.604096
 11
213.127837
 21
-171.676960
  0
LINE
  8
CrimpMountain
 62
1
 10
176.224156
 20
-168.683553
 11
177.931974
 21
-169.091917
  0
LINE
  8
CrimpValley
 62
5
 10
179.376137
 20
-168.093019
 11
177.931974
 21
-169.091917
  0
LINE
  8
CrimpValley
 62
5
 10
176.224156
 20
-168.683553
 11
177.598797
 21
-167.313582
  0
LINE
  8
CrimpMountain
 62
1
 10
179.376137
 20
-168.093019
 11
177.598797
 21
-167.313582
  0
LINE
  8
CrimpMountain
 62
1
 10
175.597670
 20
-111.136039
 11
173.524876
 21
-122.960197
  0
LINE
  8
CrimpValley
 62
5
 10
178.979608
 20
-133.653797
 11
173.524876
 21
-122.960197
  0
LINE
  8
CrimpValley
 62
5
 10
175.597670
 20
-111.136039
 11
176.901683
 21
-122.453035
  0
LINE
  8
CrimpMountain
 62
1
 10
178.979608
 20
-133.653797
 11
176.901683
 21
-122.453035
  0
LINE
  8
CrimpMountain
 62
1
 10
218.157090
 20
-126.165388
 11
208.504669
 21
-124.663454
  0
LINE
  8
CrimpValley
 62
5
 10
200.042153
 20
-129.543092
 11
208.504669
 21
-124.663454
  0
LINE
  8
CrimpValley
 62
5
 10
218.157090
 20
-126.165388
 11
209.364054
 21
-129.272414
  0
LINE
  8
CrimpMountain
 62
1
 10
200.042153
 20
-129.543092
 11
209.364054
 21
-129.272414
  0
LINE
  8
CrimpMountain
 62
1
 10
200.042153
 20
-129.543092
 11
201.970789
 21
-118.687911
  0
LINE
  8
CrimpValley
 62
5
 10
196.938496
 20
-108.878191
 11
201.970789
 21
-118.687911
  0
LINE
  8
CrimpValley
 62
5
 10
200.042153
 20
-129.543092
 11
197.942387
 21
-119.292936
  0
LINE
  8
CrimpMountain
 62
1
 10
196.938496
 20
-108.878191
 11
197.942387
 21
-119.292936
  0
LINE
  8
CrimpMountain
 62
1
 10
160.809286
 20
-112.656955
 11
168.352789
 21
-113.348296
  0
LINE
  8
CrimpValley
 62
5
 10
175.597670
 20
-111.136039
 11
168.352789
 21
-113.348296
  0
LINE
  8
CrimpValley
 62
5
 10
160.809286
 20
-112.656955
 11
167.662002
 21
-106.631539
  0
LINE
  8
CrimpMountain
 62
1
 10
175.597670
 20
-111.136039
 11
167.662002
 21
-106.631539
  0
LINE
  8
CrimpMountain
 62
1
 10
175.988223
 20
-45.655825
 11
169.575493
 21
-61.760559
  0
LINE
  8
CrimpValley
 62
5
 10
178.206631
 20
-76.793491
 11
169.575493
 21
-61.760559
  0
LINE
  8
CrimpValley
 62
5
 10
175.988223
 20
-45.655825
 11
174.462558
 21
-61.412380
  0
LINE
  8
CrimpMountain
 62
1
 10
178.206631
 20
-76.793491
 11
174.462558
 21
-61.412380
  0
LINE
  8
CrimpMountain
 62
1
 10
218.625848
 20
-72.722417
 11
202.443096
 21
-69.544716
  0
LINE
  8
CrimpValley
 62
5
 10
187.200895
 20
-75.841902
 11
202.443096
 21
-69.544716
  0
LINE
  8
CrimpValley
 62
5
 10
218.625848
 20
-72.722417
 11
203.180401
 21
-76.972148
  0
LINE
  8
CrimpMountain
 62
1
 10
187.200895
 20
-75.841902
 11
203.180401
 21
-76.972148
  0
LINE
  8
CrimpMountain
 62
1
 10
187.200895
 20
-75.841902
 11
193.361386
 21
-60.065930
  0
LINE
  8
CrimpValley
 62
5
 10
185.026548
 20
-45.322679
 11
193.361386
 21
-60.065930
  0
LINE
  8
CrimpValley
 62
5
 10
187.200895
 20
-75.841902
 11
187.630712
 21
-60.474212
  0
LINE
  8
CrimpMountain
 62
1
 10
185.026548
 20
-45.322679
 11
187.630712
 21
-60.474212
  0
LINE
  8
CrimpMountain
 62
1
 10
149.075602
 20
-46.596835
 11
162.620815
 21
-48.668922
  0
LINE
  8
CrimpValley
 62
5
 10
175.988223
 20
-45.655825
 11
162.620815
 21
-48.668922
  0
LINE
  8
CrimpValley
 62
5
 10
149.075602
 20
-46.596835
 11
162.274274
 21
-38.757928
  0
LINE
  8
CrimpMountain
 62
1
 10
175.988223
 20
-45.655825
 11
162.274274
 21
-38.757928
  0
LINE
  8
CrimpMountain
 62
1
 10
177.176367
 20
11.458798
 11
169.544031
 21
0.070464
  0
LINE
  8
CrimpValley
 62
5
 10
177.292720
 20
-11.239025
 11
169.544031
 21
0.070464
  0
LINE
  8
CrimpValley
 62
5
 10
177.176367
 20
11.458798
 11
174.600415
 21
0.096384
  0
LINE
  8
CrimpMountain
 62
1
 10
177.292720
 20
-11.239025
 11
174.600415
 21
0.096384
  0
LINE
  8
CrimpMountain
 62
1
 10
218.147502
 20
-9.758109
 11
199.600732
 21
-8.520949
  0
LINE
  8
CrimpValley
 62
5
 10
181.191878
 20
-11.095305
 11
199.600732
 21
-8.520949
  0
LINE
  8
CrimpValley
 62
5
 10
218.147502
 20
-9.758109
 11
199.889252
 21
-16.494681
  0
LINE
  8
CrimpMountain
 62
1
 10
181.191878
 20
-11.095305
 11
199.889252
 21
-16.494681
  0
LINE
  8
CrimpMountain
 62
1
 10
222.046850
 20
-9.619649
 11
229.904244
 21
0.737563
  0
LINE
  8
CrimpValley
 62
5
 10
221.703228
 20
10.824873
 11
229.904244
 21
0.737563
  0
LINE
  8
CrimpValley
 62
5
 10
222.046850
 20
-9.619649
 11
223.710497
 21
0.633462
  0
LINE
  8
CrimpMountain
 62
1
 10
221.703228
 20
10.824873
 11
223.710497
 21
0.633462
  0
LINE
  8
CrimpMountain
 62
1
 10
181.076794
 20
11.355060
 11
199.409059
 21
8.982769
  0
LINE
  8
CrimpValley
 62
5
 10
217.801429
 20
10.832215
 11
199.409059
 21
8.982769
  0
LINE
  8
CrimpValley
 62
5
 10
181.076794
 20
11.355060
 11
199.521591
 21
16.886983
  0
LINE
  8
CrimpMountain
 62
1
 10
217.801429
 20
10.832215
 11
199.521591
 21
16.886983
  0
LINE
  8
CrimpMountain
 62
1
 10
216.641392
 20
72.429711
 11
208.155866
 21
59.192154
  0
LINE
  8
CrimpValley
 62
5
 10
215.294728
 20
45.182382
 11
208.155866
 21
59.192154
  0
LINE
  8
CrimpValley
 62
5
 10
216.641392
 20
72.429711
 11
213.476707
 21
58.929178
  0
LINE
  8
CrimpMountain
 62
1
 10
215.294728
 20
45.182382
 11
213.476707
 21
58.929178
  0
LINE
  8
CrimpMountain
 62
1
 10
262.053277
 20
46.647813
 11
243.193805
 21
45.968153
  0
LINE
  8
CrimpValley
 62
5
 10
224.339173
 20
45.165364
 11
243.193805
 21
45.968153
  0
LINE
  8
CrimpValley
 62
5
 10
262.053277
 20
46.647813
 11
243.644621
 21
34.499218
  0
LINE
  8
CrimpMountain
 62
1
 10
224.339173
 20
45.165364
 11
243.644621
 21
34.499218
  0
LINE
  8
CrimpMountain
 62
1
 10
224.339173
 20
45.165364
 11
232.349551
 21
57.996412
  0
LINE
  8
CrimpValley
 62
5
 10
225.643438
 20
71.554803
 11
232.349551
 21
57.996412
  0
LINE
  8
CrimpValley
 62
5
 10
224.339173
 20
45.165364
 11
226.127089
 21
58.303949
  0
LINE
  8
CrimpMountain
 62
1
 10
225.643438
 20
71.554803
 11
226.127089
 21
58.303949
  0
LINE
  8
CrimpMountain
 62
1
 10
186.613645
 20
75.552872
 11
201.148444
 21
69.385208
  0
LINE
  8
CrimpValley
 62
5
 10
216.641392
 20
72.429711
 11
201.148444
 21
69.385208
  0
LINE
  8
CrimpValley
 62
5
 10
186.613645
 20
75.552872
 11
201.894401
 21
76.557239
  0
LINE
  8
CrimpMountain
 62
1
 10
216.641392
 20
72.429711
 11
201.894401
 21
76.557239
  0
LINE
  8
CrimpMountain
 62
1
 10
216.630574
 20
124.716685
 11
211.156098
 21
116.380948
  0
LINE
  8
CrimpValley
 62
5
 10
213.739873
 20
106.748788
 11
211.156098
 21
116.380948
  0
LINE
  8
CrimpValley
 62
5
 10
216.630574
 20
124.716685
 11
214.705780
 21
115.809870
  0
LINE
  8
CrimpMountain
 62
1
 10
213.739873
 20
106.748788
 11
214.705780
 21
115.809870
  0
LINE
  8
CrimpMountain
 62
1
 10
257.350099
 20
103.000753
 11
246.185457
 21
103.315517
  0
LINE
  8
CrimpValley
 62
5
 10
235.099165
 20
104.672881
 11
246.185457
 21
103.315517
  0
LINE
  8
CrimpValley
 62
5
 10
257.350099
 20
103.000753
 11
245.597506
 21
95.491679
  0
LINE
  8
CrimpMountain
 62
1
 10
235.099165
 20
104.672881
 11
245.597506
 21
95.491679
  0
LINE
  8
CrimpMountain
 62
1
 10
235.099165
 20
104.672881
 11
239.863787
 21
111.762413
  0
LINE
  8
CrimpValley
 62
5
 10
237.563182
 20
119.988610
 11
239.863787
 21
111.762413
  0
LINE
  8
CrimpValley
 62
5
 10
235.099165
 20
104.672881
 11
235.779300
 21
112.419532
  0
LINE
  8
CrimpMountain
 62
1
 10
237.563182
 20
119.988610
 11
235.779300
 21
112.419532
  0
LINE
  8
CrimpMountain
 62
1
 10
199.782484
 20
128.456928
 11
207.552909
 21
123.642546
  0
LINE
  8
CrimpValley
 62
5
 10
216.630574
 20
124.716685
 11
207.552909
 21
123.642546
  0
LINE
  8
CrimpValley
 62
5
 10
199.782484
 20
128.456928
 11
208.522551
 21
128.010343
  0
LINE
  8
CrimpMountain
 62
1
 10
216.630574
 20
124.716685
 11
208.522551
 21
128.010343
  0
LINE
  8
CrimpMountain
 62
1
 10
223.622138
 20
177.271798
 11
219.599836
 21
168.579355
  0
LINE
  8
CrimpValley
 62
5
 10
218.039292
 20
159.129372
 11
219.599836
 21
168.579355
  0
LINE
  8
CrimpValley
 62
5
 10
223.622138
 20
177.271798
 11
221.433993
 21
168.014943
  0
LINE
  8
CrimpMountain
 62
1
 10
218.039292
 20
159.129372
 11
221.433993
 21
168.014943
  0
LINE
  8
CrimpMountain
 62
1
 10
259.654375
 20
149.820215
 11
255.538635
 21
151.534012
  0
LINE
  8
CrimpValley
 62
5
 10
251.082289
 20
151.665911
 11
255.538635
 21
151.534012
  0
LINE
  8
CrimpValley
 62
5
 10
259.654375
 20
149.820215
 11
254.714929
 21
147.708420
  0
LINE
  8
CrimpMountain
 62
1
 10
251.082289
 20
151.665911
 11
254.714929
 21
147.708420
  0
LINE
  8
CrimpMountain
 62
1
 10
251.082289
 20
151.665911
 11
254.057398
 21
157.975962
  0
LINE
  8
CrimpValley
 62
5
 10
255.144564
 20
164.866976
 11
254.057398
 21
157.975962
  0
LINE
  8
CrimpValley
 62
5
 10
251.082289
 20
151.665911
 11
251.643141
 21
158.718885
  0
LINE
  8
CrimpMountain
 62
1
 10
255.144564
 20
164.866976
 11
251.643141
 21
158.718885
  0
LINE
  8
CrimpMountain
 62
1
 10
218.456121
 20
179.198086
 11
220.519720
 21
176.841963
  0
LINE
  8
CrimpValley
 62
5
 10
223.622138
 20
177.271798
 11
220.519720
 21
176.841963
  0
LINE
  8
CrimpValley
 62
5
 10
218.456121
 20
179.198086
 11
221.341161
 21
179.044945
  0
LINE
  8
CrimpMountain
 62
1
 10
223.622138
 20
177.271798
 11
221.341161
 21
179.044945
  0
LINE
  8
CrimpMountain
 62
1
 10
248.043518
 20
238.291979
 11
240.505875
 21
224.444746
  0
LINE
  8
CrimpValley
 62
5
 10
233.806342
 20
210.173160
 11
240.505875
 21
224.444746
  0
LINE
  8
CrimpValley
 62
5
 10
248.043518
 20
238.291979
 11
242.372056
 21
223.499858
  0
LINE
  8
CrimpMountain
 62
1
 10
233.806342
 20
210.173160
 11
242.372056
 21
223.499858
  0
LINE
  8
CrimpMountain
 62
1
 10
273.410426
 20
194.585708
 11
272.099462
 21
196.090637
  0
LINE
  8
CrimpValley
 62
5
 10
270.114213
 20
195.885151
 11
272.099462
 21
196.090637
  0
LINE
  8
CrimpValley
 62
5
 10
273.410426
 20
194.585708
 11
271.434878
 21
194.404828
  0
LINE
  8
CrimpMountain
 62
1
 10
270.114213
 20
195.885151
 11
271.434878
 21
194.404828
  0
LINE
  8
CrimpMountain
 62
1
 10
276.603724
 20
-220.613235
 11
270.002079
 21
-211.661473
  0
LINE
  8
CrimpValley
 62
5
 10
267.718118
 20
-200.775736
 11
270.002079
 21
-211.661473
  0
LINE
  8
CrimpValley
 62
5
 10
276.603724
 20
-220.613235
 11
268.998782
 21
-212.110870
  0
LINE
  8
CrimpMountain
 62
1
 10
267.718118
 20
-200.775736
 11
268.998782
 21
-212.110870
  0
LINE
  8
CrimpMountain
 62
1
 10
230.546299
 20
-212.635947
 11
230.546299
 21
-212.635947
  0
LINE
  8
CrimpValley
 62
5
 10
230.546299
 20
-212.635947
 11
230.546299
 21
-212.635947
  0
LINE
  8
CrimpValley
 62
5
 10
230.546299
 20
-212.635947
 11
230.546299
 21
-212.635947
  0
LINE
  8
CrimpMountain
 62
1
 10
230.546299
 20
-212.635947
 11
230.546299
 21
-212.635947
  0
LINE
  8
CrimpMountain
 62
1
 10
217.974939
 20
-160.606408
 11
219.078902
 21
-170.163650
  0
LINE
  8
CrimpValley
 62
5
 10
222.556086
 20
-179.134091
 11
219.078902
 21
-170.163650
  0
LINE
  8
CrimpValley
 62
5
 10
217.974939
 20
-160.606408
 11
220.974036
 21
-169.695060
  0
LINE
  8
CrimpMountain
 62
1
 10
222.556086
 20
-179.134091
 11
220.974036
 21
-169.695060
  0
LINE
  8
CrimpMountain
 62
1
 10
263.770463
 20
-166.444075
 11
258.820676
 21
-165.851278
  0
LINE
  8
CrimpValley
 62
5
 10
254.828587
 20
-168.837083
 11
258.820676
 21
-165.851278
  0
LINE
  8
CrimpValley
 62
5
 10
263.770463
 20
-166.444075
 11
259.590441
 21
-168.727633
  0
LINE
  8
CrimpMountain
 62
1
 10
254.828587
 20
-168.837083
 11
259.590441
 21
-168.727633
  0
LINE
  8
CrimpMountain
 62
1
 10
254.828587
 20
-168.837083
 11
254.302711
 21
-161.454225
  0
LINE
  8
CrimpValley
 62
5
 10
251.327376
 20
-154.677020
 11
254.302711
 21
-161.454225
  0
LINE
  8
CrimpValley
 62
5
 10
254.828587
 20
-168.837083
 11
251.574500
 21
-162.128802
  0
LINE
  8
CrimpMountain
 62
1
 10
251.327376
 20
-154.677020
 11
251.574500
 21
-162.128802
  0
LINE
  8
CrimpMountain
 62
1
 10
212.624244
 20
-161.604096
 11
215.476976
 21
-162.056583
  0
LINE
  8
CrimpValley
 62
5
 10
217.974939
 20
-160.606408
 11
215.476976
 21
-162.056583
  0
LINE
  8
CrimpValley
 62
5
 10
212.624244
 20
-161.604096
 11
214.947641
 21
-159.217710
  0
LINE
  8
CrimpMountain
 62
1
 10
217.974939
 20
-160.606408
 11
214.947641
 21
-159.217710
  0
LINE
  8
CrimpMountain
 62
1
 10
215.573163
 20
-107.028369
 11
212.702833
 21
-117.158882
  0
LINE
  8
CrimpValley
 62
5
 10
218.157090
 20
-126.165388
 11
212.702833
 21
-117.158882
  0
LINE
  8
CrimpValley
 62
5
 10
215.573163
 20
-107.028369
 11
216.554826
 21
-116.638776
  0
LINE
  8
CrimpMountain
 62
1
 10
218.157090
 20
-126.165388
 11
216.554826
 21
-116.638776
  0
LINE
  8
CrimpMountain
 62
1
 10
264.068932
 20
-118.845467
 11
251.246777
 21
-117.633069
  0
LINE
  8
CrimpValley
 62
5
 10
239.285728
 20
-122.409143
 11
251.246777
 21
-117.633069
  0
LINE
  8
CrimpValley
 62
5
 10
264.068932
 20
-118.845467
 11
251.911349
 21
-122.254769
  0
LINE
  8
CrimpMountain
 62
1
 10
239.285728
 20
-122.409143
 11
251.911349
 21
-122.254769
  0
LINE
  8
CrimpMountain
 62
1
 10
239.285728
 20
-122.409143
 11
242.341307
 21
-113.157022
  0
LINE
  8
CrimpValley
 62
5
 10
236.941392
 20
-105.046583
 11
242.341307
 21
-113.157022
  0
LINE
  8
CrimpValley
 62
5
 10
239.285728
 20
-122.409143
 11
237.670051
 21
-113.787747
  0
LINE
  8
CrimpMountain
 62
1
 10
236.941392
 20
-105.046583
 11
237.670051
 21
-113.787747
  0
LINE
  8
CrimpMountain
 62
1
 10
196.938496
 20
-108.878191
 11
206.343829
 21
-108.839765
  0
LINE
  8
CrimpValley
 62
5
 10
215.573163
 20
-107.028369
 11
206.343829
 21
-108.839765
  0
LINE
  8
CrimpValley
 62
5
 10
196.938496
 20
-108.878191
 11
205.584085
 21
-101.186290
  0
LINE
  8
CrimpMountain
 62
1
 10
215.573163
 20
-107.028369
 11
205.584085
 21
-101.186290
  0
LINE
  8
CrimpMountain
 62
1
 10
216.796576
 20
-44.173118
 11
209.797830
 21
-58.954811
  0
LINE
  8
CrimpValley
 62
5
 10
218.625848
 20
-72.722417
 11
209.797830
 21
-58.954811
  0
LINE
  8
CrimpValley
 62
5
 10
216.796576
 20
-44.173118
 11
215.380295
 21
-58.597119
  0
LINE
  8
CrimpMountain
 62
1
 10
218.625848
 20
-72.722417
 11
215.380295
 21
-58.597119
  0
LINE
  8
CrimpMountain
 62
1
 10
267.191445
 20
-69.002969
 11
247.078409
 21
-65.875672
  0
LINE
  8
CrimpValley
 62
5
 10
227.631661
 20
-71.887177
 11
247.078409
 21
-65.875672
  0
LINE
  8
CrimpValley
 62
5
 10
267.191445
 20
-69.002969
 11
247.638836
 21
-73.562488
  0
LINE
  8
CrimpMountain
 62
1
 10
227.631661
 20
-71.887177
 11
247.638836
 21
-73.562488
  0
LINE
  8
CrimpMountain
 62
1
 10
227.631661
 20
-71.887177
 11
234.913689
 21
-57.345533
  0
LINE
  8
CrimpValley
 62
5
 10
225.835342
 20
-43.852166
 11
234.913689
 21
-57.345533
  0
LINE
  8
CrimpValley
 62
5
 10
227.631661
 20
-71.887177
 11
228.209012
 21
-57.775129
  0
LINE
  8
CrimpMountain
 62
1
 10
225.835342
 20
-43.852166
 11
228.209012
 21
-57.775129
  0
LINE
  8
CrimpMountain
 62
1
 10
185.026548
 20
-45.322679
 11
200.982195
 21
-46.699975
  0
LINE
  8
CrimpValley
 62
5
 10
216.796576
 20
-44.173118
 11
200.982195
 21
-46.699975
  0
LINE
  8
CrimpValley
 62
5
 10
185.026548
 20
-45.322679
 11
200.594904
 21
-35.996531
  0
LINE
  8
CrimpMountain
 62
1
 10
216.796576
 20
-44.173118
 11
200.594904
 21
-35.996531
  0
LINE
  8
CrimpMountain
 62
1
 10
217.801429
 20
10.832215
 11
210.290449
 21
0.407903
  0
LINE
  8
CrimpValley
 62
5
 10
218.147502
 20
-9.758109
 11
210.290449
 21
0.407903
  0
LINE
  8
CrimpValley
 62
5
 10
217.801429
 20
10.832215
 11
215.725857
 21
0.499259
  0
LINE
  8
CrimpMountain
 62
1
 10
218.147502
 20
-9.758109
 11
215.725857
 21
0.499259
  0
LINE
  8
CrimpMountain
 62
1
 10
268.378579
 20
-8.460498
 11
245.183383
 21
-7.867670
  0
LINE
  8
CrimpValley
 62
5
 10
222.046850
 20
-9.619649
 11
245.183383
 21
-7.867670
  0
LINE
  8
CrimpValley
 62
5
 10
268.378579
 20
-8.460498
 11
245.396767
 21
-16.396715
  0
LINE
  8
CrimpMountain
 62
1
 10
222.046850
 20
-9.619649
 11
245.396767
 21
-16.396715
  0
LINE
  8
CrimpMountain
 62
1
 10
272.279972
 20
-8.403795
 11
281.264161
 21
2.716111
  0
LINE
  8
CrimpValley
 62
5
 10
271.265789
 20
12.933767
 11
281.264161
 21
2.716111
  0
LINE
  8
CrimpValley
 62
5
 10
272.279972
 20
-8.403795
 11
274.263153
 21
2.383350
  0
LINE
  8
CrimpMountain
 62
1
 10
271.265789
 20
12.933767
 11
274.263153
 21
2.383350
  0
LINE
  8
CrimpMountain
 62
1
 10
221.703228
 20
10.824873
 11
244.613016
 21
9.862847
  0
LINE
  8
CrimpValley
 62
5
 10
267.376606
 20
12.620181
 11
244.613016
 21
9.862847
  0
LINE
  8
CrimpValley
 62
5
 10
221.703228
 20
10.824873
 11
244.284897
 21
18.210340
  0
LINE
  8
CrimpMountain
 62
1
 10
267.376606
 20
12.620181
 11
244.284897
 21
18.210340
  0
LINE
  8
CrimpMountain
 62
1
 10
261.750022
 20
68.841442
 11
253.929089
 21
57.635690
  0
LINE
  8
CrimpValley
 62
5
 10
262.053277
 20
46.647813
 11
253.929089
 21
57.635690
  0
LINE
  8
CrimpValley
 62
5
 10
261.750022
 20
68.841442
 11
259.650343
 21
57.713866
  0
LINE
  8
CrimpMountain
 62
1
 10
262.053277
 20
46.647813
 11
259.650343
 21
57.713866
  0
LINE
  8
CrimpMountain
 62
1
 10
310.021369
 20
56.141774
 11
291.270900
 21
48.532666
  0
LINE
  8
CrimpValley
 62
5
 10
271.068481
 20
47.374711
 11
291.270900
 21
48.532666
  0
LINE
  8
CrimpValley
 62
5
 10
310.021369
 20
56.141774
 11
293.834607
 21
37.141876
  0
LINE
  8
CrimpMountain
 62
1
 10
271.068481
 20
47.374711
 11
293.834607
 21
37.141876
  0
LINE
  8
CrimpMountain
 62
1
 10
271.068481
 20
47.374711
 11
277.460826
 21
57.957229
  0
LINE
  8
CrimpValley
 62
5
 10
270.781720
 20
68.361139
 11
277.460826
 21
57.957229
  0
LINE
  8
CrimpValley
 62
5
 10
271.068481
 20
47.374711
 11
271.624731
 21
57.877485
  0
LINE
  8
CrimpMountain
 62
1
 10
270.781720
 20
68.361139
 11
271.624731
 21
57.877485
  0
LINE
  8
CrimpMountain
 62
1
 10
225.643438
 20
71.554803
 11
243.379446
 21
65.976043
  0
LINE
  8
CrimpValley
 62
5
 10
261.750022
 20
68.841442
 11
243.379446
 21
65.976043
  0
LINE
  8
CrimpValley
 62
5
 10
225.643438
 20
71.554803
 11
243.907524
 21
73.003158
  0
LINE
  8
CrimpMountain
 62
1
 10
261.750022
 20
68.841442
 11
243.907524
 21
73.003158
  0
LINE
  8
CrimpMountain
 62
1
 10
258.938731
 20
115.386140
 11
254.181339
 21
109.701777
  0
LINE
  8
CrimpValley
 62
5
 10
257.350099
 20
103.000753
 11
254.181339
 21
109.701777
  0
LINE
  8
CrimpValley
 62
5
 10
258.938731
 20
115.386140
 11
257.740529
 21
109.245252
  0
LINE
  8
CrimpMountain
 62
1
 10
257.350099
 20
103.000753
 11
257.740529
 21
109.245252
  0
LINE
  8
CrimpMountain
 62
1
 10
301.500889
 20
101.324709
 11
290.092417
 21
99.563874
  0
LINE
  8
CrimpValley
 62
5
 10
278.779751
 20
101.861128
 11
290.092417
 21
99.563874
  0
LINE
  8
CrimpValley
 62
5
 10
301.500889
 20
101.324709
 11
289.935914
 21
92.934885
  0
LINE
  8
CrimpMountain
 62
1
 10
278.779751
 20
101.861128
 11
289.935914
 21
92.934885
  0
LINE
  8
CrimpMountain
 62
1
 10
278.779751
 20
101.861128
 11
282.150968
 21
106.114206
  0
LINE
  8
CrimpValley
 62
5
 10
279.962280
 20
111.080435
 11
282.150968
 21
106.114206
  0
LINE
  8
CrimpValley
 62
5
 10
278.779751
 20
101.861128
 11
278.984037
 21
106.520418
  0
LINE
  8
CrimpMountain
 62
1
 10
279.962280
 20
111.080435
 11
278.984037
 21
106.520418
  0
LINE
  8
CrimpMountain
 62
1
 10
237.563182
 20
119.988610
 11
247.750579
 21
115.363437
  0
LINE
  8
CrimpValley
 62
5
 10
258.938731
 20
115.386140
 11
247.750579
 21
115.363437
  0
LINE
  8
CrimpValley
 62
5
 10
237.563182
 20
119.988610
 11
248.607347
 21
119.342583
  0
LINE
  8
CrimpMountain
 62
1
 10
258.938731
 20
115.386140
 11
248.607347
 21
119.342583
  0
LINE
  8
CrimpMountain
 62
1
 10
263.186394
 20
161.696702
 11
259.547686
 21
156.315392
  0
LINE
  8
CrimpValley
 62
5
 10
259.654375
 20
149.820215
 11
259.547686
 21
156.315392
  0
LINE
  8
CrimpValley
 62
5
 10
263.186394
 20
161.696702
 11
261.751695
 21
155.659928
  0
LINE
  8
CrimpMountain
 62
1
 10
259.654375
 20
149.820215
 11
261.751695
 21
155.659928
  0
LINE
  8
CrimpMountain
 62
1
 10
301.090119
 20
141.528097
 11
296.951120
 21
142.196327
  0
LINE
  8
CrimpValley
 62
5
 10
292.840928
 20
143.023477
 11
296.951120
 21
142.196327
  0
LINE
  8
CrimpValley
 62
5
 10
301.090119
 20
141.528097
 11
296.421848
 21
139.276628
  0
LINE
  8
CrimpMountain
 62
1
 10
292.840928
 20
143.023477
 11
296.421848
 21
139.276628
  0
LINE
  8
CrimpMountain
 62
1
 10
292.840928
 20
143.023477
 11
294.801450
 21
145.831064
  0
LINE
  8
CrimpValley
 62
5
 10
294.693778
 20
149.253722
 11
294.801450
 21
145.831064
  0
LINE
  8
CrimpValley
 62
5
 10
292.840928
 20
143.023477
 11
293.038474
 21
146.355366
  0
LINE
  8
CrimpMountain
 62
1
 10
294.693778
 20
149.253722
 11
293.038474
 21
146.355366
  0
LINE
  8
CrimpMountain
 62
1
 10
255.144564
 20
164.866976
 11
258.583217
 21
161.804853
  0
LINE
  8
CrimpValley
 62
5
 10
263.186394
 20
161.696702
 11
258.583217
 21
161.804853
  0
LINE
  8
CrimpValley
 62
5
 10
255.144564
 20
164.866976
 11
259.632433
 21
164.466330
  0
LINE
  8
CrimpMountain
 62
1
 10
263.186394
 20
161.696702
 11
259.632433
 21
164.466330
  0
LINE
  8
CrimpMountain
 62
1
 10
284.626957
 20
215.067925
 11
277.987484
 21
205.391529
  0
LINE
  8
CrimpValley
 62
5
 10
273.410426
 20
194.585708
 11
277.987484
 21
205.391529
  0
LINE
  8
CrimpValley
 62
5
 10
284.626957
 20
215.067925
 11
279.751715
 21
204.425396
  0
LINE
  8
CrimpMountain
 62
1
 10
273.410426
 20
194.585708
 11
279.751715
 21
204.425396
  0
LINE
  8
CrimpMountain
 62
1
 10
310.018075
 20
180.141977
 11
309.891586
 21
180.288824
  0
LINE
  8
CrimpValley
 62
5
 10
309.700973
 20
180.253751
 11
309.891586
 21
180.288824
  0
LINE
  8
CrimpValley
 62
5
 10
310.018075
 20
180.141977
 11
309.828654
 21
180.110285
  0
LINE
  8
CrimpMountain
 62
1
 10
309.700973
 20
180.253751
 11
309.828654
 21
180.110285
  0
LINE
  8
CrimpMountain
 62
1
 10
309.890819
 20
-200.256957
 11
308.874205
 21
-196.023083
  0
LINE
  8
CrimpValley
 62
5
 10
306.683031
 20
-192.260377
 11
308.874205
 21
-196.023083
  0
LINE
  8
CrimpValley
 62
5
 10
309.890819
 20
-200.256957
 11
306.764972
 21
-196.869191
  0
LINE
  8
CrimpMountain
 62
1
 10
306.683031
 20
-192.260377
 11
306.764972
 21
-196.869191
  0
LINE
  8
CrimpMountain
 62
1
 10
267.718118
 20
-200.775736
 11
268.199538
 21
-200.896971
  0
LINE
  8
CrimpValley
 62
5
 10
268.556057
 20
-200.551489
 11
268.199538
 21
-200.896971
  0
LINE
  8
CrimpValley
 62
5
 10
267.718118
 20
-200.775736
 11
268.073663
 21
-200.426617
  0
LINE
  8
CrimpMountain
 62
1
 10
268.556057
 20
-200.551489
 11
268.073663
 21
-200.426617
  0
LINE
  8
CrimpMountain
 62
1
 10
261.607025
 20
-153.198868
 11
260.712735
 21
-160.144228
  0
LINE
  8
CrimpValley
 62
5
 10
263.770463
 20
-166.444075
 11
260.712735
 21
-160.144228
  0
LINE
  8
CrimpValley
 62
5
 10
261.607025
 20
-153.198868
 11
263.290209
 21
-159.723230
  0
LINE
  8
CrimpMountain
 62
1
 10
263.770463
 20
-166.444075
 11
263.290209
 21
-159.723230
  0
LINE
  8
CrimpMountain
 62
1
 10
322.084808
 20
-157.943215
 11
309.365381
 21
-156.404539
  0
LINE
  8
CrimpValley
 62
5
 10
296.872227
 20
-159.245746
 11
309.365381
 21
-156.404539
  0
LINE
  8
CrimpValley
 62
5
 10
322.084808
 20
-157.943215
 11
309.559269
 21
-160.157564
  0
LINE
  8
CrimpMountain
 62
1
 10
296.872227
 20
-159.245746
 11
309.559269
 21
-160.157564
  0
LINE
  8
CrimpMountain
 62
1
 10
296.872227
 20
-159.245746
 11
298.799735
 21
-153.923193
  0
LINE
  8
CrimpValley
 62
5
 10
295.278841
 20
-149.490569
 11
298.799735
 21
-153.923193
  0
LINE
  8
CrimpValley
 62
5
 10
296.872227
 20
-159.245746
 11
295.112114
 21
-154.525520
  0
LINE
  8
CrimpMountain
 62
1
 10
295.278841
 20
-149.490569
 11
295.112114
 21
-154.525520
  0
LINE
  8
CrimpMountain
 62
1
 10
251.327376
 20
-154.677020
 11
256.571441
 21
-154.662875
  0
LINE
  8
CrimpValley
 62
5
 10
261.607025
 20
-153.198868
 11
256.571441
 21
-154.662875
  0
LINE
  8
CrimpValley
 62
5
 10
251.327376
 20
-154.677020
 11
255.917897
 21
-150.117872
  0
LINE
  8
CrimpMountain
 62
1
 10
261.607025
 20
-153.198868
 11
255.917897
 21
-150.117872
  0
LINE
  8
CrimpMountain
 62
1
 10
262.789741
 20
-103.162042
 11
258.905813
 21
-111.372708
  0
LINE
  8
CrimpValley
 62
5
 10
264.068932
 20
-118.845467
 11
258.905813
 21
-111.372708
  0
LINE
  8
CrimpValley
 62
5
 10
262.789741
 20
-103.162042
 11
263.280383
 21
-111.015904
  0
LINE
  8
CrimpMountain
 62
1
 10
264.068932
 20
-118.845467
 11
263.280383
 21
-111.015904
  0
LINE
  8
CrimpMountain
 62
1
 10
330.312307
 20
-114.129518
 11
307.718479
 21
-112.701344
  0
LINE
  8
CrimpValley
 62
5
 10
285.399893
 20
-116.496274
 11
307.718479
 21
-112.701344
  0
LINE
  8
CrimpValley
 62
5
 10
330.312307
 20
-114.129518
 11
307.982818
 21
-117.717541
  0
LINE
  8
CrimpMountain
 62
1
 10
285.399893
 20
-116.496274
 11
307.982818
 21
-117.717541
  0
LINE
  8
CrimpMountain
 62
1
 10
285.399893
 20
-116.496274
 11
289.887189
 21
-108.845766
  0
LINE
  8
CrimpValley
 62
5
 10
284.219450
 20
-102.023536
 11
289.887189
 21
-108.845766
  0
LINE
  8
CrimpValley
 62
5
 10
285.399893
 20
-116.496274
 11
284.537323
 21
-109.282119
  0
LINE
  8
CrimpMountain
 62
1
 10
284.219450
 20
-102.023536
 11
284.537323
 21
-109.282119
  0
LINE
  8
CrimpMountain
 62
1
 10
236.941392
 20
-105.046583
 11
249.823398
 21
-103.525933
  0
LINE
  8
CrimpValley
 62
5
 10
262.789741
 20
-103.162042
 11
249.823398
 21
-103.525933
  0
LINE
  8
CrimpValley
 62
5
 10
236.941392
 20
-105.046583
 11
249.161976
 21
-94.453866
  0
LINE
  8
CrimpMountain
 62
1
 10
262.789741
 20
-103.162042
 11
249.161976
 21
-94.453866
  0
LINE
  8
CrimpMountain
 62
1
 10
266.306649
 20
-42.839634
 11
258.252646
 21
-56.208634
  0
LINE
  8
CrimpValley
 62
5
 10
267.191445
 20
-69.002969
 11
258.252646
 21
-56.208634
  0
LINE
  8
CrimpValley
 62
5
 10
266.306649
 20
-42.839634
 11
264.736592
 21
-55.989359
  0
LINE
  8
CrimpMountain
 62
1
 10
267.191445
 20
-69.002969
 11
264.736592
 21
-55.989359
  0
LINE
  8
CrimpMountain
 62
1
 10
339.164216
 20
-66.990665
 11
307.597365
 21
-63.800553
  0
LINE
  8
CrimpValley
 62
5
 10
276.223171
 20
-68.523138
 11
307.597365
 21
-63.800553
  0
LINE
  8
CrimpValley
 62
5
 10
339.164216
 20
-66.990665
 11
307.807373
 21
-72.425880
  0
LINE
  8
CrimpMountain
 62
1
 10
276.223171
 20
-68.523138
 11
307.807373
 21
-72.425880
  0
LINE
  8
CrimpMountain
 62
1
 10
276.223171
 20
-68.523138
 11
285.567955
 21
-55.284881
  0
LINE
  8
CrimpValley
 62
5
 10
275.350157
 20
-42.708194
 11
285.567955
 21
-55.284881
  0
LINE
  8
CrimpValley
 62
5
 10
276.223171
 20
-68.523138
 11
277.265791
 21
-55.565645
  0
LINE
  8
CrimpMountain
 62
1
 10
275.350157
 20
-42.708194
 11
277.265791
 21
-55.565645
  0
LINE
  8
CrimpMountain
 62
1
 10
225.835342
 20
-43.852166
 11
246.087922
 21
-44.022455
  0
LINE
  8
CrimpValley
 62
5
 10
266.306649
 20
-42.839634
 11
246.087922
 21
-44.022455
  0
LINE
  8
CrimpValley
 62
5
 10
225.835342
 20
-43.852166
 11
245.785577
 21
-31.937617
  0
LINE
  8
CrimpMountain
 62
1
 10
266.306649
 20
-42.839634
 11
245.785577
 21
-31.937617
  0
LINE
  8
CrimpMountain
 62
1
 10
267.376606
 20
12.620181
 11
259.839141
 21
1.697771
  0
LINE
  8
CrimpValley
 62
5
 10
268.378579
 20
-8.460498
 11
259.839141
 21
1.697771
  0
LINE
  8
CrimpValley
 62
5
 10
267.376606
 20
12.620181
 11
266.139937
 21
1.997250
  0
LINE
  8
CrimpMountain
 62
1
 10
268.378579
 20
-8.460498
 11
266.139937
 21
1.997250
  0
LINE
  8
CrimpMountain
 62
1
 10
349.466982
 20
-12.125604
 11
310.612314
 21
-15.680986
  0
LINE
  8
CrimpValley
 62
5
 10
272.279972
 20
-8.403795
 11
310.612314
 21
-15.680986
  0
LINE
  8
CrimpValley
 62
5
 10
349.466982
 20
-12.125604
 11
310.387873
 21
-20.335682
  0
LINE
  8
CrimpMountain
 62
1
 10
272.279972
 20
-8.403795
 11
310.387873
 21
-20.335682
  0
LINE
  8
CrimpMountain
 62
1
 10
352.822607
 20
5.744025
 11
340.130989
 21
15.549672
  0
LINE
  8
CrimpValley
 62
5
 10
328.247273
 20
26.320243
 11
340.130989
 21
15.549672
  0
LINE
  8
CrimpValley
 62
5
 10
352.822607
 20
5.744025
 11
337.181584
 21
12.027032
  0
LINE
  8
CrimpMountain
 62
1
 10
328.247273
 20
26.320243
 11
337.181584
 21
12.027032
  0
LINE
  8
CrimpMountain
 62
1
 10
271.265789
 20
12.933767
 11
298.971267
 21
14.319210
  0
LINE
  8
CrimpValley
 62
5
 10
324.598760
 20
24.937332
 11
298.971267
 21
14.319210
  0
LINE
  8
CrimpValley
 62
5
 10
271.265789
 20
12.933767
 11
296.858425
 21
23.706766
  0
LINE
  8
CrimpMountain
 62
1
 10
324.598760
 20
24.937332
 11
296.858425
 21
23.706766
  0
LINE
  8
CrimpMountain
 62
1
 10
307.909098
 20
67.484604
 11
303.101869
 21
60.721309
  0
LINE
  8
CrimpValley
 62
5
 10
310.021369
 20
56.141774
 11
303.101869
 21
60.721309
  0
LINE
  8
CrimpValley
 62
5
 10
307.909098
 20
67.484604
 11
307.138763
 21
61.473062
  0
LINE
  8
CrimpMountain
 62
1
 10
310.021369
 20
56.141774
 11
307.138763
 21
61.473062
  0
LINE
  8
CrimpMountain
 62
1
 10
352.692467
 20
65.219764
 11
335.864676
 21
60.657497
  0
LINE
  8
CrimpValley
 62
5
 10
318.478692
 20
59.347389
 11
335.864676
 21
60.657497
  0
LINE
  8
CrimpValley
 62
5
 10
352.692467
 20
65.219764
 11
336.527912
 21
56.793335
  0
LINE
  8
CrimpMountain
 62
1
 10
318.478692
 20
59.347389
 11
336.527912
 21
56.793335
  0
LINE
  8
CrimpMountain
 62
1
 10
318.478692
 20
59.347389
 11
320.800752
 21
64.017208
  0
LINE
  8
CrimpValley
 62
5
 10
316.953401
 20
67.538155
 11
320.800752
 21
64.017208
  0
LINE
  8
CrimpValley
 62
5
 10
318.478692
 20
59.347389
 11
317.532360
 21
63.408566
  0
LINE
  8
CrimpMountain
 62
1
 10
316.953401
 20
67.538155
 11
317.532360
 21
63.408566
  0
LINE
  8
CrimpMountain
 62
1
 10
270.781720
 20
68.361139
 11
289.270290
 21
64.741045
  0
LINE
  8
CrimpValley
 62
5
 10
307.909098
 20
67.484604
 11
289.270290
 21
64.741045
  0
LINE
  8
CrimpValley
 62
5
 10
270.781720
 20
68.361139
 11
289.410077
 21
70.661988
  0
LINE
  8
CrimpMountain
 62
1
 10
307.909098
 20
67.484604
 11
289.410077
 21
70.661988
  0
LINE
  8
CrimpMountain
 62
1
 10
301.936732
 20
107.096995
 11
299.295732
 21
104.393809
  0
LINE
  8
CrimpValley
 62
5
 10
301.500889
 20
101.324709
 11
299.295732
 21
104.393809
  0
LINE
  8
CrimpValley
 62
5
 10
301.936732
 20
107.096995
 11
301.510733
 21
104.226563
  0
LINE
  8
CrimpMountain
 62
1
 10
301.500889
 20
101.324709
 11
301.510733
 21
104.226563
  0
LINE
  8
CrimpMountain
 62
1
 10
350.882727
 20
99.733470
 11
336.623865
 21
95.754637
  0
LINE
  8
CrimpValley
 62
5
 10
322.960446
 20
101.451768
 11
336.623865
 21
95.754637
  0
LINE
  8
CrimpValley
 62
5
 10
350.882727
 20
99.733470
 11
336.389741
 21
91.950133
  0
LINE
  8
CrimpMountain
 62
1
 10
322.960446
 20
101.451768
 11
336.389741
 21
91.950133
  0
LINE
  8
CrimpMountain
 62
1
 10
322.960446
 20
101.451768
 11
324.012654
 21
102.527533
  0
LINE
  8
CrimpValley
 62
5
 10
323.133909
 20
103.749097
 11
324.012654
 21
102.527533
  0
LINE
  8
CrimpValley
 62
5
 10
322.960446
 20
101.451768
 11
322.942827
 21
102.608311
  0
LINE
  8
CrimpMountain
 62
1
 10
323.133909
 20
103.749097
 11
322.942827
 21
102.608311
  0
LINE
  8
CrimpMountain
 62
1
 10
279.962280
 20
111.080435
 11
290.740710
 21
107.936903
  0
LINE
  8
CrimpValley
 62
5
 10
301.936732
 20
107.096995
 11
290.740710
 21
107.936903
  0
LINE
  8
CrimpValley
 62
5
 10
279.962280
 20
111.080435
 11
291.232282
 21
110.648637
  0
LINE
  8
CrimpMountain
 62
1
 10
301.936732
 20
107.096995
 11
291.232282
 21
110.648637
  0
LINE
  8
CrimpMountain
 62
1
 10
302.269271
 20
146.583465
 11
300.363519
 21
144.362776
  0
LINE
  8
CrimpValley
 62
5
 10
301.090119
 20
141.528097
 11
300.363519
 21
144.362776
  0
LINE
  8
CrimpValley
 62
5
 10
302.269271
 20
146.583465
 11
301.857651
 21
144.014273
  0
LINE
  8
CrimpMountain
 62
1
 10
301.090119
 20
141.528097
 11
301.857651
 21
144.014273
  0
LINE
  8
CrimpMountain
 62
1
 10
349.077798
 20
134.155441
 11
341.363610
 21
132.063716
  0
LINE
  8
CrimpValley
 62
5
 10
334.550749
 20
136.243302
 11
341.363610
 21
132.063716
  0
LINE
  8
CrimpValley
 62
5
 10
349.077798
 20
134.155441
 11
341.069113
 21
130.014647
  0
LINE
  8
CrimpMountain
 62
1
 10
334.550749
 20
136.243302
 11
341.069113
 21
130.014647
  0
LINE
  8
CrimpMountain
 62
1
 10
334.550749
 20
136.243302
 11
334.691731
 21
136.355805
  0
LINE
  8
CrimpValley
 62
5
 10
334.615072
 20
136.519074
 11
334.691731
 21
136.355805
  0
LINE
  8
CrimpValley
 62
5
 10
334.550749
 20
136.243302
 11
334.552757
 21
136.388221
  0
LINE
  8
CrimpMountain
 62
1
 10
334.615072
 20
136.519074
 11
334.552757
 21
136.388221
  0
LINE
  8
CrimpMountain
 62
1
 10
294.693778
 20
149.253722
 11
298.209866
 21
147.147900
  0
LINE
  8
CrimpValley
 62
5
 10
302.269271
 20
146.583465
 11
298.209866
 21
147.147900
  0
LINE
  8
CrimpValley
 62
5
 10
294.693778
 20
149.253722
 11
298.820506
 21
148.880279
  0
LINE
  8
CrimpMountain
 62
1
 10
302.269271
 20
146.583465
 11
298.820506
 21
148.880279
  0
LINE
  8
CrimpMountain
 62
1
 10
316.248351
 20
192.209750
 11
312.708009
 21
186.395386
  0
LINE
  8
CrimpValley
 62
5
 10
310.018075
 20
180.141977
 11
312.708009
 21
186.395386
  0
LINE
  8
CrimpValley
 62
5
 10
316.248351
 20
192.209750
 11
313.262491
 21
186.109121
  0
LINE
  8
CrimpMountain
 62
1
 10
310.018075
 20
180.141977
 11
313.262491
 21
186.109121
  0
LINE
  8
CrimpMountain
 62
1
 10
347.274321
 20
168.549701
 11
347.274321
 21
168.549701
  0
LINE
  8
CrimpValley
 62
5
 10
347.274321
 20
168.549701
 11
347.274321
 21
168.549701
  0
LINE
  8
CrimpValley
 62
5
 10
347.274321
 20
168.549701
 11
347.274321
 21
168.549701
  0
LINE
  8
CrimpMountain
 62
1
 10
347.274321
 20
168.549701
 11
347.274321
 21
168.549701
  0
LINE
  8
CrimpMountain
 62
1
 10
-316.248360
 20
-192.209745
 11
-312.708017
 21
-186.395381
  0
LINE
  8
CrimpValley
 62
5
 10
-310.018084
 20
-180.141973
 11
-312.708017
 21
-186.395381
  0
LINE
  8
CrimpValley
 62
5
 10
-316.248360
 20
-192.209745
 11
-313.262500
 21
-186.109116
  0
LINE
  8
CrimpMountain
 62
1
 10
-310.018084
 20
-180.141973
 11
-313.262500
 21
-186.109116
  0
LINE
  8
CrimpMountain
 62
1
 10
-347.274329
 20
-168.549695
 11
-347.274329
 21
-168.549695
  0
LINE
  8
CrimpValley
 62
5
 10
-347.274329
 20
-168.549695
 11
-347.274329
 21
-168.549695
  0
LINE
  8
CrimpValley
 62
5
 10
-347.274329
 20
-168.549695
 11
-347.274329
 21
-168.549695
  0
LINE
  8
CrimpMountain
 62
1
 10
-347.274329
 20
-168.549695
 11
-347.274329
 21
-168.549695
  0
LINE
  8
CrimpMountain
 62
1
 10
-334.550754
 20
-136.243296
 11
-334.691736
 21
-136.355800
  0
LINE
  8
CrimpValley
 62
5
 10
-334.615077
 20
-136.519067
 11
-334.691736
 21
-136.355800
  0
LINE
  8
CrimpValley
 62
5
 10
-334.550754
 20
-136.243296
 11
-334.552762
 21
-136.388215
  0
LINE
  8
CrimpMountain
 62
1
 10
-334.615077
 20
-136.519067
 11
-334.552762
 21
-136.388215
  0
LINE
  8
CrimpMountain
 62
1
 10
-294.693782
 20
-149.253719
 11
-298.209872
 21
-147.147896
  0
LINE
  8
CrimpValley
 62
5
 10
-302.269279
 20
-146.583460
 11
-298.209872
 21
-147.147896
  0
LINE
  8
CrimpValley
 62
5
 10
-294.693782
 20
-149.253719
 11
-298.820512
 21
-148.880274
  0
LINE
  8
CrimpMountain
 62
1
 10
-302.269279
 20
-146.583460
 11
-298.820512
 21
-148.880274
  0
LINE
  8
CrimpMountain
 62
1
 10
-302.269279
 20
-146.583460
 11
-300.363527
 21
-144.362771
  0
LINE
  8
CrimpValley
 62
5
 10
-301.090127
 20
-141.528092
 11
-300.363527
 21
-144.362771
  0
LINE
  8
CrimpValley
 62
5
 10
-302.269279
 20
-146.583460
 11
-301.857659
 21
-144.014268
  0
LINE
  8
CrimpMountain
 62
1
 10
-301.090127
 20
-141.528092
 11
-301.857659
 21
-144.014268
  0
LINE
  8
CrimpMountain
 62
1
 10
-349.077804
 20
-134.155433
 11
-341.363615
 21
-132.063709
  0
LINE
  8
CrimpValley
 62
5
 10
-334.550754
 20
-136.243296
 11
-341.363615
 21
-132.063709
  0
LINE
  8
CrimpValley
 62
5
 10
-349.077804
 20
-134.155433
 11
-341.069118
 21
-130.014640
  0
LINE
  8
CrimpMountain
 62
1
 10
-334.550754
 20
-136.243296
 11
-341.069118
 21
-130.014640
  0
LINE
  8
CrimpMountain
 62
1
 10
-322.960450
 20
-101.451787
 11
-324.012651
 21
-102.527544
  0
LINE
  8
CrimpValley
 62
5
 10
-323.133911
 20
-103.749099
 11
-324.012651
 21
-102.527544
  0
LINE
  8
CrimpValley
 62
5
 10
-322.960450
 20
-101.451787
 11
-322.942830
 21
-102.608322
  0
LINE
  8
CrimpMountain
 62
1
 10
-323.133911
 20
-103.749099
 11
-322.942830
 21
-102.608322
  0
LINE
  8
CrimpMountain
 62
1
 10
-279.962281
 20
-111.080439
 11
-290.740713
 21
-107.936908
  0
LINE
  8
CrimpValley
 62
5
 10
-301.936736
 20
-107.096996
 11
-290.740713
 21
-107.936908
  0
LINE
  8
CrimpValley
 62
5
 10
-279.962281
 20
-111.080439
 11
-291.232284
 21
-110.648638
  0
LINE
  8
CrimpMountain
 62
1
 10
-301.936736
 20
-107.096996
 11
-291.232284
 21
-110.648638
  0
LINE
  8
CrimpMountain
 62
1
 10
-301.936736
 20
-107.096996
 11
-299.295743
 21
-104.393817
  0
LINE
  8
CrimpValley
 62
5
 10
-301.500895
 20
-101.324726
 11
-299.295743
 21
-104.393817
  0
LINE
  8
CrimpValley
 62
5
 10
-301.936736
 20
-107.096996
 11
-301.510738
 21
-104.226572
  0
LINE
  8
CrimpMountain
 62
1
 10
-301.500895
 20
-101.324726
 11
-301.510738
 21
-104.226572
  0
LINE
  8
CrimpMountain
 62
1
 10
-350.882731
 20
-99.733489
 11
-336.623868
 21
-95.754651
  0
LINE
  8
CrimpValley
 62
5
 10
-322.960450
 20
-101.451787
 11
-336.623868
 21
-95.754651
  0
LINE
  8
CrimpValley
 62
5
 10
-350.882731
 20
-99.733489
 11
-336.389744
 21
-91.950154
  0
LINE
  8
CrimpMountain
 62
1
 10
-322.960450
 20
-101.451787
 11
-336.389744
 21
-91.950154
  0
LINE
  8
CrimpMountain
 62
1
 10
-318.478694
 20
-59.347428
 11
-320.800751
 21
-64.017241
  0
LINE
  8
CrimpValley
 62
5
 10
-316.953405
 20
-67.538182
 11
-320.800751
 21
-64.017241
  0
LINE
  8
CrimpValley
 62
5
 10
-318.478694
 20
-59.347428
 11
-317.532364
 21
-63.408599
  0
LINE
  8
CrimpMountain
 62
1
 10
-316.953405
 20
-67.538182
 11
-317.532364
 21
-63.408599
  0
LINE
  8
CrimpMountain
 62
1
 10
-270.781721
 20
-68.361168
 11
-289.270291
 21
-64.741074
  0
LINE
  8
CrimpValley
 62
5
 10
-307.909100
 20
-67.484631
 11
-289.270291
 21
-64.741074
  0
LINE
  8
CrimpValley
 62
5
 10
-270.781721
 20
-68.361168
 11
-289.410078
 21
-70.662017
  0
LINE
  8
CrimpMountain
 62
1
 10
-307.909100
 20
-67.484631
 11
-289.410078
 21
-70.662017
  0
LINE
  8
CrimpMountain
 62
1
 10
-307.909100
 20
-67.484631
 11
-303.101874
 21
-60.721342
  0
LINE
  8
CrimpValley
 62
5
 10
-310.021369
 20
-56.141812
 11
-303.101874
 21
-60.721342
  0
LINE
  8
CrimpValley
 62
5
 10
-307.909100
 20
-67.484631
 11
-307.138766
 21
-61.473095
  0
LINE
  8
CrimpMountain
 62
1
 10
-310.021369
 20
-56.141812
 11
-307.138766
 21
-61.473095
  0
LINE
  8
CrimpMountain
 62
1
 10
-352.692468
 20
-65.219801
 11
-335.864678
 21
-60.657532
  0
LINE
  8
CrimpValley
 62
5
 10
-318.478694
 20
-59.347428
 11
-335.864678
 21
-60.657532
  0
LINE
  8
CrimpValley
 62
5
 10
-352.692468
 20
-65.219801
 11
-336.527914
 21
-56.793373
  0
LINE
  8
CrimpMountain
 62
1
 10
-318.478694
 20
-59.347428
 11
-336.527914
 21
-56.793373
  0
LINE
  8
CrimpMountain
 62
1
 10
-352.822607
 20
-5.744059
 11
-340.130989
 21
-15.549706
  0
LINE
  8
CrimpValley
 62
5
 10
-328.247275
 20
-26.320277
 11
-340.130989
 21
-15.549706
  0
LINE
  8
CrimpValley
 62
5
 10
-352.822607
 20
-5.744059
 11
-337.181585
 21
-12.027067
  0
LINE
  8
CrimpMountain
 62
1
 10
-328.247275
 20
-26.320277
 11
-337.181585
 21
-12.027067
  0
LINE
  8
CrimpMountain
 62
1
 10
-271.265783
 20
-12.933801
 11
-298.971265
 21
-14.319241
  0
LINE
  8
CrimpValley
 62
5
 10
-324.598762
 20
-24.937366
 11
-298.971265
 21
-14.319241
  0
LINE
  8
CrimpValley
 62
5
 10
-271.265783
 20
-12.933801
 11
-296.858423
 21
-23.706800
  0
LINE
  8
CrimpMountain
 62
1
 10
-324.598762
 20
-24.937366
 11
-296.858423
 21
-23.706800
  0
LINE
  8
CrimpMountain
 62
1
 10
-267.376600
 20
-12.620216
 11
-259.839130
 21
-1.697798
  0
LINE
  8
CrimpValley
 62
5
 10
-268.378573
 20
8.460478
 11
-259.839130
 21
-1.697798
  0
LINE
  8
CrimpValley
 62
5
 10
-267.376600
 20
-12.620216
 11
-266.139929
 21
-1.997278
  0
LINE
  8
CrimpMountain
 62
1
 10
-268.378573
 20
8.460478
 11
-266.139929
 21
-1.997278
  0
LINE
  8
CrimpMountain
 62
1
 10
-349.466979
 20
12.125583
 11
-310.612310
 21
15.680958
  0
LINE
  8
CrimpValley
 62
5
 10
-272.279966
 20
8.403774
 11
-310.612310
 21
15.680958
  0
LINE
  8
CrimpValley
 62
5
 10
-349.466979
 20
12.125583
 11
-310.387869
 21
20.335660
  0
LINE
  8
CrimpMountain
 62
1
 10
-272.279966
 20
8.403774
 11
-310.387869
 21
20.335660
  0
LINE
  8
CrimpMountain
 62
1
 10
-276.223169
 20
68.523129
 11
-285.567954
 21
55.284862
  0
LINE
  8
CrimpValley
 62
5
 10
-275.350152
 20
42.708169
 11
-285.567954
 21
55.284862
  0
LINE
  8
CrimpValley
 62
5
 10
-276.223169
 20
68.523129
 11
-277.265786
 21
55.565627
  0
LINE
  8
CrimpMountain
 62
1
 10
-275.350152
 20
42.708169
 11
-277.265786
 21
55.565627
  0
LINE
  8
CrimpMountain
 62
1
 10
-225.835330
 20
43.852145
 11
-246.087914
 21
44.022434
  0
LINE
  8
CrimpValley
 62
5
 10
-266.306646
 20
42.839609
 11
-246.087914
 21
44.022434
  0
LINE
  8
CrimpValley
 62
5
 10
-225.835330
 20
43.852145
 11
-245.785568
 21
31.937591
  0
LINE
  8
CrimpMountain
 62
1
 10
-266.306646
 20
42.839609
 11
-245.785568
 21
31.937591
  0
LINE
  8
CrimpMountain
 62
1
 10
-266.306646
 20
42.839609
 11
-258.252640
 21
56.208619
  0
LINE
  8
CrimpValley
 62
5
 10
-267.191446
 20
69.002962
 11
-258.252640
 21
56.208619
  0
LINE
  8
CrimpValley
 62
5
 10
-266.306646
 20
42.839609
 11
-264.736588
 21
55.989343
  0
LINE
  8
CrimpMountain
 62
1
 10
-267.191446
 20
69.002962
 11
-264.736588
 21
55.989343
  0
LINE
  8
CrimpMountain
 62
1
 10
-339.164212
 20
66.990656
 11
-307.597362
 21
63.800540
  0
LINE
  8
CrimpValley
 62
5
 10
-276.223169
 20
68.523129
 11
-307.597362
 21
63.800540
  0
LINE
  8
CrimpValley
 62
5
 10
-339.164212
 20
66.990656
 11
-307.807370
 21
72.425872
  0
LINE
  8
CrimpMountain
 62
1
 10
-276.223169
 20
68.523129
 11
-307.807370
 21
72.425872
  0
LINE
  8
CrimpMountain
 62
1
 10
-285.399895
 20
116.496288
 11
-289.887193
 21
108.845772
  0
LINE
  8
CrimpValley
 62
5
 10
-284.219449
 20
102.023535
 11
-289.887193
 21
108.845772
  0
LINE
  8
CrimpValley
 62
5
 10
-285.399895
 20
116.496288
 11
-284.537323
 21
109.282125
  0
LINE
  8
CrimpMountain
 62
1
 10
-284.219449
 20
102.023535
 11
-284.537323
 21
109.282125
  0
LINE
  8
CrimpMountain
 62
1
 10
-236.941389
 20
105.046583
 11
-249.823396
 21
103.525936
  0
LINE
  8
CrimpValley
 62
5
 10
-262.789739
 20
103.162043
 11
-249.823396
 21
103.525936
  0
LINE
  8
CrimpValley
 62
5
 10
-236.941389
 20
105.046583
 11
-249.161973
 21
94.453863
  0
LINE
  8
CrimpMountain
 62
1
 10
-262.789739
 20
103.162043
 11
-249.161973
 21
94.453863
  0
LINE
  8
CrimpMountain
 62
1
 10
-262.789739
 20
103.162043
 11
-258.905810
 21
111.372717
  0
LINE
  8
CrimpValley
 62
5
 10
-264.068932
 20
118.845483
 11
-258.905810
 21
111.372717
  0
LINE
  8
CrimpValley
 62
5
 10
-262.789739
 20
103.162043
 11
-263.280382
 21
111.015912
  0
LINE
  8
CrimpMountain
 62
1
 10
-264.068932
 20
118.845483
 11
-263.280382
 21
111.015912
  0
LINE
  8
CrimpMountain
 62
1
 10
-330.312299
 20
114.129530
 11
-307.718475
 21
112.701354
  0
LINE
  8
CrimpValley
 62
5
 10
-285.399895
 20
116.496288
 11
-307.718475
 21
112.701354
  0
LINE
  8
CrimpValley
 62
5
 10
-330.312299
 20
114.129530
 11
-307.982815
 21
117.717554
  0
LINE
  8
CrimpMountain
 62
1
 10
-285.399895
 20
116.496288
 11
-307.982815
 21
117.717554
  0
LINE
  8
CrimpMountain
 62
1
 10
-296.872234
 20
159.245760
 11
-298.799740
 21
153.923211
  0
LINE
  8
CrimpValley
 62
5
 10
-295.278848
 20
149.490589
 11
-298.799740
 21
153.923211
  0
LINE
  8
CrimpValley
 62
5
 10
-296.872234
 20
159.245760
 11
-295.112121
 21
154.525537
  0
LINE
  8
CrimpMountain
 62
1
 10
-295.278848
 20
149.490589
 11
-295.112121
 21
154.525537
  0
LINE
  8
CrimpMountain
 62
1
 10
-251.327383
 20
154.677043
 11
-256.571447
 21
154.662897
  0
LINE
  8
CrimpValley
 62
5
 10
-261.607028
 20
153.198890
 11
-256.571447
 21
154.662897
  0
LINE
  8
CrimpValley
 62
5
 10
-251.327383
 20
154.677043
 11
-255.917902
 21
150.117895
  0
LINE
  8
CrimpMountain
 62
1
 10
-261.607028
 20
153.198890
 11
-255.917902
 21
150.117895
  0
LINE
  8
CrimpMountain
 62
1
 10
-261.607028
 20
153.198890
 11
-260.712739
 21
160.144247
  0
LINE
  8
CrimpValley
 62
5
 10
-263.770467
 20
166.444091
 11
-260.712739
 21
160.144247
  0
LINE
  8
CrimpValley
 62
5
 10
-261.607028
 20
153.198890
 11
-263.290212
 21
159.723249
  0
LINE
  8
CrimpMountain
 62
1
 10
-263.770467
 20
166.444091
 11
-263.290212
 21
159.723249
  0
LINE
  8
CrimpMountain
 62
1
 10
-322.084799
 20
157.943230
 11
-309.365380
 21
156.404555
  0
LINE
  8
CrimpValley
 62
5
 10
-296.872234
 20
159.245760
 11
-309.365380
 21
156.404555
  0
LINE
  8
CrimpValley
 62
5
 10
-322.084799
 20
157.943230
 11
-309.559268
 21
160.157579
  0
LINE
  8
CrimpMountain
 62
1
 10
-296.872234
 20
159.245760
 11
-309.559268
 21
160.157579
  0
LINE
  8
CrimpMountain
 62
1
 10
-309.890819
 20
200.256958
 11
-308.874207
 21
196.023091
  0
LINE
  8
CrimpValley
 62
5
 10
-306.683037
 20
192.260391
 11
-308.874207
 21
196.023091
  0
LINE
  8
CrimpValley
 62
5
 10
-309.890819
 20
200.256958
 11
-306.764978
 21
196.869197
  0
LINE
  8
CrimpMountain
 62
1
 10
-306.683037
 20
192.260391
 11
-306.764978
 21
196.869197
  0
LINE
  8
CrimpMountain
 62
1
 10
-267.718127
 20
200.775752
 11
-268.199546
 21
200.896987
  0
LINE
  8
CrimpValley
 62
5
 10
-268.556064
 20
200.551505
 11
-268.199546
 21
200.896987
  0
LINE
  8
CrimpValley
 62
5
 10
-267.718127
 20
200.775752
 11
-268.073671
 21
200.426633
  0
LINE
  8
CrimpMountain
 62
1
 10
-268.556064
 20
200.551505
 11
-268.073671
 21
200.426633
  0
LINE
  8
CrimpMountain
 62
1
 10
-284.626968
 20
-215.067920
 11
-277.987495
 21
-205.391527
  0
LINE
  8
CrimpValley
 62
5
 10
-273.410438
 20
-194.585708
 11
-277.987495
 21
-205.391527
  0
LINE
  8
CrimpValley
 62
5
 10
-284.626968
 20
-215.067920
 11
-279.751728
 21
-204.425392
  0
LINE
  8
CrimpMountain
 62
1
 10
-273.410438
 20
-194.585708
 11
-279.751728
 21
-204.425392
  0
LINE
  8
CrimpMountain
 62
1
 10
-310.018084
 20
-180.141973
 11
-309.891594
 21
-180.288820
  0
LINE
  8
CrimpValley
 62
5
 10
-309.700981
 20
-180.253748
 11
-309.891594
 21
-180.288820
  0
LINE
  8
CrimpValley
 62
5
 10
-310.018084
 20
-180.141973
 11
-309.828662
 21
-180.110282
  0
LINE
  8
CrimpMountain
 62
1
 10
-309.700981
 20
-180.253748
 11
-309.828662
 21
-180.110282
  0
LINE
  8
CrimpMountain
 62
1
 10
-292.840932
 20
-143.023474
 11
-294.801454
 21
-145.831060
  0
LINE
  8
CrimpValley
 62
5
 10
-294.693782
 20
-149.253719
 11
-294.801454
 21
-145.831060
  0
LINE
  8
CrimpValley
 62
5
 10
-292.840932
 20
-143.023474
 11
-293.038478
 21
-146.355363
  0
LINE
  8
CrimpMountain
 62
1
 10
-294.693782
 20
-149.253719
 11
-293.038478
 21
-146.355363
  0
LINE
  8
CrimpMountain
 62
1
 10
-255.144558
 20
-164.866980
 11
-258.583218
 21
-161.804852
  0
LINE
  8
CrimpValley
 62
5
 10
-263.186403
 20
-161.696699
 11
-258.583218
 21
-161.804852
  0
LINE
  8
CrimpValley
 62
5
 10
-255.144558
 20
-164.866980
 11
-259.632435
 21
-164.466331
  0
LINE
  8
CrimpMountain
 62
1
 10
-263.186403
 20
-161.696699
 11
-259.632435
 21
-164.466331
  0
LINE
  8
CrimpMountain
 62
1
 10
-263.186403
 20
-161.696699
 11
-259.547692
 21
-156.315390
  0
LINE
  8
CrimpValley
 62
5
 10
-259.654383
 20
-149.820213
 11
-259.547692
 21
-156.315390
  0
LINE
  8
CrimpValley
 62
5
 10
-263.186403
 20
-161.696699
 11
-261.751704
 21
-155.659925
  0
LINE
  8
CrimpMountain
 62
1
 10
-259.654383
 20
-149.820213
 11
-261.751704
 21
-155.659925
  0
LINE
  8
CrimpMountain
 62
1
 10
-301.090127
 20
-141.528092
 11
-296.951125
 21
-142.196322
  0
LINE
  8
CrimpValley
 62
5
 10
-292.840932
 20
-143.023474
 11
-296.951125
 21
-142.196322
  0
LINE
  8
CrimpValley
 62
5
 10
-301.090127
 20
-141.528092
 11
-296.421854
 21
-139.276623
  0
LINE
  8
CrimpMountain
 62
1
 10
-292.840932
 20
-143.023474
 11
-296.421854
 21
-139.276623
  0
LINE
  8
CrimpMountain
 62
1
 10
-278.779751
 20
-101.861148
 11
-282.150966
 21
-106.114218
  0
LINE
  8
CrimpValley
 62
5
 10
-279.962281
 20
-111.080439
 11
-282.150966
 21
-106.114218
  0
LINE
  8
CrimpValley
 62
5
 10
-278.779751
 20
-101.861148
 11
-278.984038
 21
-106.520430
  0
LINE
  8
CrimpMountain
 62
1
 10
-279.962281
 20
-111.080439
 11
-278.984038
 21
-106.520430
  0
LINE
  8
CrimpMountain
 62
1
 10
-237.563170
 20
-119.988626
 11
-247.750574
 21
-115.363451
  0
LINE
  8
CrimpValley
 62
5
 10
-258.938733
 20
-115.386148
 11
-247.750574
 21
-115.363451
  0
LINE
  8
CrimpValley
 62
5
 10
-237.563170
 20
-119.988626
 11
-248.607343
 21
-119.342595
  0
LINE
  8
CrimpMountain
 62
1
 10
-258.938733
 20
-115.386148
 11
-248.607343
 21
-119.342595
  0
LINE
  8
CrimpMountain
 62
1
 10
-258.938733
 20
-115.386148
 11
-254.181342
 21
-109.701793
  0
LINE
  8
CrimpValley
 62
5
 10
-257.350101
 20
-103.000775
 11
-254.181342
 21
-109.701793
  0
LINE
  8
CrimpValley
 62
5
 10
-258.938733
 20
-115.386148
 11
-257.740532
 21
-109.245267
  0
LINE
  8
CrimpMountain
 62
1
 10
-257.350101
 20
-103.000775
 11
-257.740532
 21
-109.245267
  0
LINE
  8
CrimpMountain
 62
1
 10
-301.500895
 20
-101.324726
 11
-290.092420
 21
-99.563888
  0
LINE
  8
CrimpValley
 62
5
 10
-278.779751
 20
-101.861148
 11
-290.092420
 21
-99.563888
  0
LINE
  8
CrimpValley
 62
5
 10
-301.500895
 20
-101.324726
 11
-289.935917
 21
-92.934904
  0
LINE
  8
CrimpMountain
 62
1
 10
-278.779751
 20
-101.861148
 11
-289.935917
 21
-92.934904
  0
LINE
  8
CrimpMountain
 62
1
 10
-271.068477
 20
-47.374750
 11
-277.460822
 21
-57.957262
  0
LINE
  8
CrimpValley
 62
5
 10
-270.781721
 20
-68.361168
 11
-277.460822
 21
-57.957262
  0
LINE
  8
CrimpValley
 62
5
 10
-271.068477
 20
-47.374750
 11
-271.624728
 21
-57.877519
  0
LINE
  8
CrimpMountain
 62
1
 10
-270.781721
 20
-68.361168
 11
-271.624728
 21
-57.877519
  0
LINE
  8
CrimpMountain
 62
1
 10
-225.643426
 20
-71.554839
 11
-243.379439
 21
-65.976078
  0
LINE
  8
CrimpValley
 62
5
 10
-261.750021
 20
-68.841474
 11
-243.379439
 21
-65.976078
  0
LINE
  8
CrimpValley
 62
5
 10
-225.643426
 20
-71.554839
 11
-243.907518
 21
-73.003190
  0
LINE
  8
CrimpMountain
 62
1
 10
-261.750021
 20
-68.841474
 11
-243.907518
 21
-73.003190
  0
LINE
  8
CrimpMountain
 62
1
 10
-261.750021
 20
-68.841474
 11
-253.929086
 21
-57.635727
  0
LINE
  8
CrimpValley
 62
5
 10
-262.053272
 20
-46.647853
 11
-253.929086
 21
-57.635727
  0
LINE
  8
CrimpValley
 62
5
 10
-261.750021
 20
-68.841474
 11
-259.650338
 21
-57.713902
  0
LINE
  8
CrimpMountain
 62
1
 10
-262.053272
 20
-46.647853
 11
-259.650338
 21
-57.713902
  0
LINE
  8
CrimpMountain
 62
1
 10
-310.021369
 20
-56.141812
 11
-291.270899
 21
-48.532701
  0
LINE
  8
CrimpValley
 62
5
 10
-271.068477
 20
-47.374750
 11
-291.270899
 21
-48.532701
  0
LINE
  8
CrimpValley
 62
5
 10
-310.021369
 20
-56.141812
 11
-293.834604
 21
-37.141914
  0
LINE
  8
CrimpMountain
 62
1
 10
-271.068477
 20
-47.374750
 11
-293.834604
 21
-37.141914
  0
LINE
  8
CrimpMountain
 62
1
 10
-272.279966
 20
8.403774
 11
-281.264159
 21
-2.716138
  0
LINE
  8
CrimpValley
 62
5
 10
-271.265783
 20
-12.933801
 11
-281.264159
 21
-2.716138
  0
LINE
  8
CrimpValley
 62
5
 10
-272.279966
 20
8.403774
 11
-274.263148
 21
-2.383377
  0
LINE
  8
CrimpMountain
 62
1
 10
-271.265783
 20
-12.933801
 11
-274.263148
 21
-2.383377
  0
LINE
  8
CrimpMountain
 62
1
 10
-221.703212
 20
-10.824910
 11
-244.613005
 21
-9.862880
  0
LINE
  8
CrimpValley
 62
5
 10
-267.376600
 20
-12.620216
 11
-244.613005
 21
-9.862880
  0
LINE
  8
CrimpValley
 62
5
 10
-221.703212
 20
-10.824910
 11
-244.284886
 21
-18.210378
  0
LINE
  8
CrimpMountain
 62
1
 10
-267.376600
 20
-12.620216
 11
-244.284886
 21
-18.210378
  0
LINE
  8
CrimpMountain
 62
1
 10
-217.801411
 20
-10.832252
 11
-210.290426
 21
-0.407929
  0
LINE
  8
CrimpValley
 62
5
 10
-218.147485
 20
9.758094
 11
-210.290426
 21
-0.407929
  0
LINE
  8
CrimpValley
 62
5
 10
-217.801411
 20
-10.832252
 11
-215.725837
 21
-0.499285
  0
LINE
  8
CrimpMountain
 62
1
 10
-218.147485
 20
9.758094
 11
-215.725837
 21
-0.499285
  0
LINE
  8
CrimpMountain
 62
1
 10
-268.378573
 20
8.460478
 11
-245.183372
 21
7.867649
  0
LINE
  8
CrimpValley
 62
5
 10
-222.046835
 20
9.619634
 11
-245.183372
 21
7.867649
  0
LINE
  8
CrimpValley
 62
5
 10
-268.378573
 20
8.460478
 11
-245.396757
 21
16.396699
  0
LINE
  8
CrimpMountain
 62
1
 10
-222.046835
 20
9.619634
 11
-245.396757
 21
16.396699
  0
LINE
  8
CrimpMountain
 62
1
 10
-227.631655
 20
71.887169
 11
-234.913682
 21
57.345517
  0
LINE
  8
CrimpValley
 62
5
 10
-225.835330
 20
43.852145
 11
-234.913682
 21
57.345517
  0
LINE
  8
CrimpValley
 62
5
 10
-227.631655
 20
71.887169
 11
-228.209003
 21
57.775115
  0
LINE
  8
CrimpMountain
 62
1
 10
-225.835330
 20
43.852145
 11
-228.209003
 21
57.775115
  0
LINE
  8
CrimpMountain
 62
1
 10
-185.026528
 20
45.322658
 11
-200.982177
 21
46.699958
  0
LINE
  8
CrimpValley
 62
5
 10
-216.796558
 20
44.173099
 11
-200.982177
 21
46.699958
  0
LINE
  8
CrimpValley
 62
5
 10
-185.026528
 20
45.322658
 11
-200.594885
 21
35.996511
  0
LINE
  8
CrimpMountain
 62
1
 10
-216.796558
 20
44.173099
 11
-200.594885
 21
35.996511
  0
LINE
  8
CrimpMountain
 62
1
 10
-216.796558
 20
44.173099
 11
-209.797810
 21
58.954800
  0
LINE
  8
CrimpValley
 62
5
 10
-218.625836
 20
72.722411
 11
-209.797810
 21
58.954800
  0
LINE
  8
CrimpValley
 62
5
 10
-216.796558
 20
44.173099
 11
-215.380275
 21
58.597107
  0
LINE
  8
CrimpMountain
 62
1
 10
-218.625836
 20
72.722411
 11
-215.380275
 21
58.597107
  0
LINE
  8
CrimpMountain
 62
1
 10
-267.191446
 20
69.002962
 11
-247.078406
 21
65.875661
  0
LINE
  8
CrimpValley
 62
5
 10
-227.631655
 20
71.887169
 11
-247.078406
 21
65.875661
  0
LINE
  8
CrimpValley
 62
5
 10
-267.191446
 20
69.002962
 11
-247.638833
 21
73.562480
  0
LINE
  8
CrimpMountain
 62
1
 10
-227.631655
 20
71.887169
 11
-247.638833
 21
73.562480
  0
LINE
  8
CrimpMountain
 62
1
 10
-239.285727
 20
122.409163
 11
-242.341307
 21
113.157032
  0
LINE
  8
CrimpValley
 62
5
 10
-236.941389
 20
105.046583
 11
-242.341307
 21
113.157032
  0
LINE
  8
CrimpValley
 62
5
 10
-239.285727
 20
122.409163
 11
-237.670048
 21
113.787757
  0
LINE
  8
CrimpMountain
 62
1
 10
-236.941389
 20
105.046583
 11
-237.670048
 21
113.787757
  0
LINE
  8
CrimpMountain
 62
1
 10
-196.938477
 20
108.878192
 11
-206.343812
 21
108.839767
  0
LINE
  8
CrimpValley
 62
5
 10
-215.573148
 20
107.028370
 11
-206.343812
 21
108.839767
  0
LINE
  8
CrimpValley
 62
5
 10
-196.938477
 20
108.878192
 11
-205.584068
 21
101.186287
  0
LINE
  8
CrimpMountain
 62
1
 10
-215.573148
 20
107.028370
 11
-205.584068
 21
101.186287
  0
LINE
  8
CrimpMountain
 62
1
 10
-215.573148
 20
107.028370
 11
-212.702818
 21
117.158893
  0
LINE
  8
CrimpValley
 62
5
 10
-218.157078
 20
126.165410
 11
-212.702818
 21
117.158893
  0
LINE
  8
CrimpValley
 62
5
 10
-215.573148
 20
107.028370
 11
-216.554812
 21
116.638788
  0
LINE
  8
CrimpMountain
 62
1
 10
-218.157078
 20
126.165410
 11
-216.554812
 21
116.638788
  0
LINE
  8
CrimpMountain
 62
1
 10
-264.068932
 20
118.845483
 11
-251.246776
 21
117.633085
  0
LINE
  8
CrimpValley
 62
5
 10
-239.285727
 20
122.409163
 11
-251.246776
 21
117.633085
  0
LINE
  8
CrimpValley
 62
5
 10
-264.068932
 20
118.845483
 11
-251.911349
 21
122.254787
  0
LINE
  8
CrimpMountain
 62
1
 10
-239.285727
 20
122.409163
 11
-251.911349
 21
122.254787
  0
LINE
  8
CrimpMountain
 62
1
 10
-254.828593
 20
168.837099
 11
-254.302717
 21
161.454245
  0
LINE
  8
CrimpValley
 62
5
 10
-251.327383
 20
154.677043
 11
-254.302717
 21
161.454245
  0
LINE
  8
CrimpValley
 62
5
 10
-254.828593
 20
168.837099
 11
-251.574507
 21
162.128822
  0
LINE
  8
CrimpMountain
 62
1
 10
-251.327383
 20
154.677043
 11
-251.574507
 21
162.128822
  0
LINE
  8
CrimpMountain
 62
1
 10
-212.624233
 20
161.604124
 11
-215.476963
 21
162.056610
  0
LINE
  8
CrimpValley
 62
5
 10
-217.974924
 20
160.606436
 11
-215.476963
 21
162.056610
  0
LINE
  8
CrimpValley
 62
5
 10
-212.624233
 20
161.604124
 11
-214.947628
 21
159.217738
  0
LINE
  8
CrimpMountain
 62
1
 10
-217.974924
 20
160.606436
 11
-214.947628
 21
159.217738
  0
LINE
  8
CrimpMountain
 62
1
 10
-217.974924
 20
160.606436
 11
-219.078889
 21
170.163676
  0
LINE
  8
CrimpValley
 62
5
 10
-222.556071
 20
179.134115
 11
-219.078889
 21
170.163676
  0
LINE
  8
CrimpValley
 62
5
 10
-217.974924
 20
160.606436
 11
-220.974023
 21
169.695086
  0
LINE
  8
CrimpMountain
 62
1
 10
-222.556071
 20
179.134115
 11
-220.974023
 21
169.695086
  0
LINE
  8
CrimpMountain
 62
1
 10
-263.770467
 20
166.444091
 11
-258.820681
 21
165.851295
  0
LINE
  8
CrimpValley
 62
5
 10
-254.828593
 20
168.837099
 11
-258.820681
 21
165.851295
  0
LINE
  8
CrimpValley
 62
5
 10
-263.770467
 20
166.444091
 11
-259.590446
 21
168.727649
  0
LINE
  8
CrimpMountain
 62
1
 10
-254.828593
 20
168.837099
 11
-259.590446
 21
168.727649
  0
LINE
  8
CrimpMountain
 62
1
 10
-276.603727
 20
220.613237
 11
-270.002086
 21
211.661482
  0
LINE
  8
CrimpValley
 62
5
 10
-267.718127
 20
200.775752
 11
-270.002086
 21
211.661482
  0
LINE
  8
CrimpValley
 62
5
 10
-276.603727
 20
220.613237
 11
-268.998788
 21
212.110878
  0
LINE
  8
CrimpMountain
 62
1
 10
-267.718127
 20
200.775752
 11
-268.998788
 21
212.110878
  0
LINE
  8
CrimpMountain
 62
1
 10
-230.546283
 20
212.635969
 11
-230.546283
 21
212.635969
  0
LINE
  8
CrimpValley
 62
5
 10
-230.546283
 20
212.635969
 11
-230.546283
 21
212.635969
  0
LINE
  8
CrimpValley
 62
5
 10
-230.546283
 20
212.635969
 11
-230.546283
 21
212.635969
  0
LINE
  8
CrimpMountain
 62
1
 10
-230.546283
 20
212.635969
 11
-230.546283
 21
212.635969
  0
LINE
  8
CrimpMountain
 62
1
 10
-248.043498
 20
-238.291996
 11
-240.505857
 21
-224.444761
  0
LINE
  8
CrimpValley
 62
5
 10
-233.806321
 20
-210.173175
 11
-240.505857
 21
-224.444761
  0
LINE
  8
CrimpValley
 62
5
 10
-248.043498
 20
-238.291996
 11
-242.372037
 21
-223.499873
  0
LINE
  8
CrimpMountain
 62
1
 10
-233.806321
 20
-210.173175
 11
-242.372037
 21
-223.499873
  0
LINE
  8
CrimpMountain
 62
1
 10
-273.410438
 20
-194.585708
 11
-272.099470
 21
-196.090641
  0
LINE
  8
CrimpValley
 62
5
 10
-270.114216
 20
-195.885155
 11
-272.099470
 21
-196.090641
  0
LINE
  8
CrimpValley
 62
5
 10
-273.410438
 20
-194.585708
 11
-271.434884
 21
-194.404828
  0
LINE
  8
CrimpMountain
 62
1
 10
-270.114216
 20
-195.885155
 11
-271.434884
 21
-194.404828
  0
LINE
  8
CrimpMountain
 62
1
 10
-251.082283
 20
-151.665915
 11
-254.057394
 21
-157.975965
  0
LINE
  8
CrimpValley
 62
5
 10
-255.144558
 20
-164.866980
 11
-254.057394
 21
-157.975965
  0
LINE
  8
CrimpValley
 62
5
 10
-251.082283
 20
-151.665915
 11
-251.643135
 21
-158.718889
  0
LINE
  8
CrimpMountain
 62
1
 10
-255.144558
 20
-164.866980
 11
-251.643135
 21
-158.718889
  0
LINE
  8
CrimpMountain
 62
1
 10
-218.456105
 20
-179.198096
 11
-220.519702
 21
-176.841974
  0
LINE
  8
CrimpValley
 62
5
 10
-223.622119
 20
-177.271809
 11
-220.519702
 21
-176.841974
  0
LINE
  8
CrimpValley
 62
5
 10
-218.456105
 20
-179.198096
 11
-221.341142
 21
-179.044954
  0
LINE
  8
CrimpMountain
 62
1
 10
-223.622119
 20
-177.271809
 11
-221.341142
 21
-179.044954
  0
LINE
  8
CrimpMountain
 62
1
 10
-223.622119
 20
-177.271809
 11
-219.599817
 21
-168.579365
  0
LINE
  8
CrimpValley
 62
5
 10
-218.039270
 20
-159.129381
 11
-219.599817
 21
-168.579365
  0
LINE
  8
CrimpValley
 62
5
 10
-223.622119
 20
-177.271809
 11
-221.433972
 21
-168.014952
  0
LINE
  8
CrimpMountain
 62
1
 10
-218.039270
 20
-159.129381
 11
-221.433972
 21
-168.014952
  0
LINE
  8
CrimpMountain
 62
1
 10
-259.654383
 20
-149.820213
 11
-255.538636
 21
-151.534013
  0
LINE
  8
CrimpValley
 62
5
 10
-251.082283
 20
-151.665915
 11
-255.538636
 21
-151.534013
  0
LINE
  8
CrimpValley
 62
5
 10
-259.654383
 20
-149.820213
 11
-254.714928
 21
-147.708416
  0
LINE
  8
CrimpMountain
 62
1
 10
-251.082283
 20
-151.665915
 11
-254.714928
 21
-147.708416
  0
LINE
  8
CrimpMountain
 62
1
 10
-235.099155
 20
-104.672906
 11
-239.863777
 21
-111.762434
  0
LINE
  8
CrimpValley
 62
5
 10
-237.563170
 20
-119.988626
 11
-239.863777
 21
-111.762434
  0
LINE
  8
CrimpValley
 62
5
 10
-235.099155
 20
-104.672906
 11
-235.779290
 21
-112.419552
  0
LINE
  8
CrimpMountain
 62
1
 10
-237.563170
 20
-119.988626
 11
-235.779290
 21
-112.419552
  0
LINE
  8
CrimpMountain
 62
1
 10
-199.782467
 20
-128.456945
 11
-207.552890
 21
-123.642564
  0
LINE
  8
CrimpValley
 62
5
 10
-216.630554
 20
-124.716702
 11
-207.552890
 21
-123.642564
  0
LINE
  8
CrimpValley
 62
5
 10
-199.782467
 20
-128.456945
 11
-208.522533
 21
-128.010358
  0
LINE
  8
CrimpMountain
 62
1
 10
-216.630554
 20
-124.716702
 11
-208.522533
 21
-128.010358
  0
LINE
  8
CrimpMountain
 62
1
 10
-216.630554
 20
-124.716702
 11
-211.156080
 21
-116.380969
  0
LINE
  8
CrimpValley
 62
5
 10
-213.739855
 20
-106.748814
 11
-211.156080
 21
-116.380969
  0
LINE
  8
CrimpValley
 62
5
 10
-216.630554
 20
-124.716702
 11
-214.705761
 21
-115.809891
  0
LINE
  8
CrimpMountain
 62
1
 10
-213.739855
 20
-106.748814
 11
-214.705761
 21
-115.809891
  0
LINE
  8
CrimpMountain
 62
1
 10
-257.350101
 20
-103.000775
 11
-246.185453
 21
-103.315537
  0
LINE
  8
CrimpValley
 62
5
 10
-235.099155
 20
-104.672906
 11
-246.185453
 21
-103.315537
  0
LINE
  8
CrimpValley
 62
5
 10
-257.350101
 20
-103.000775
 11
-245.597501
 21
-95.491698
  0
LINE
  8
CrimpMountain
 62
1
 10
-235.099155
 20
-104.672906
 11
-245.597501
 21
-95.491698
  0
LINE
  8
CrimpMountain
 62
1
 10
-224.339161
 20
-45.165406
 11
-232.349540
 21
-57.996451
  0
LINE
  8
CrimpValley
 62
5
 10
-225.643426
 20
-71.554839
 11
-232.349540
 21
-57.996451
  0
LINE
  8
CrimpValley
 62
5
 10
-224.339161
 20
-45.165406
 11
-226.127078
 21
-58.303988
  0
LINE
  8
CrimpMountain
 62
1
 10
-225.643426
 20
-71.554839
 11
-226.127078
 21
-58.303988
  0
LINE
  8
CrimpMountain
 62
1
 10
-186.613628
 20
-75.552910
 11
-201.148426
 21
-69.385245
  0
LINE
  8
CrimpValley
 62
5
 10
-216.641374
 20
-72.429748
 11
-201.148426
 21
-69.385245
  0
LINE
  8
CrimpValley
 62
5
 10
-186.613628
 20
-75.552910
 11
-201.894383
 21
-76.557274
  0
LINE
  8
CrimpMountain
 62
1
 10
-216.641374
 20
-72.429748
 11
-201.894383
 21
-76.557274
  0
LINE
  8
CrimpMountain
 62
1
 10
-216.641374
 20
-72.429748
 11
-208.155848
 21
-59.192194
  0
LINE
  8
CrimpValley
 62
5
 10
-215.294708
 20
-45.182424
 11
-208.155848
 21
-59.192194
  0
LINE
  8
CrimpValley
 62
5
 10
-216.641374
 20
-72.429748
 11
-213.476687
 21
-58.929218
  0
LINE
  8
CrimpMountain
 62
1
 10
-215.294708
 20
-45.182424
 11
-213.476687
 21
-58.929218
  0
LINE
  8
CrimpMountain
 62
1
 10
-262.053272
 20
-46.647853
 11
-243.193796
 21
-45.968193
  0
LINE
  8
CrimpValley
 62
5
 10
-224.339161
 20
-45.165406
 11
-243.193796
 21
-45.968193
  0
LINE
  8
CrimpValley
 62
5
 10
-262.053272
 20
-46.647853
 11
-243.644611
 21
-34.499256
  0
LINE
  8
CrimpMountain
 62
1
 10
-224.339161
 20
-45.165406
 11
-243.644611
 21
-34.499256
  0
LINE
  8
CrimpMountain
 62
1
 10
-222.046835
 20
9.619634
 11
-229.904236
 21
-0.737590
  0
LINE
  8
CrimpValley
 62
5
 10
-221.703212
 20
-10.824910
 11
-229.904236
 21
-0.737590
  0
LINE
  8
CrimpValley
 62
5
 10
-222.046835
 20
9.619634
 11
-223.710485
 21
-0.633488
  0
LINE
  8
CrimpMountain
 62
1
 10
-221.703212
 20
-10.824910
 11
-223.710485
 21
-0.633488
  0
LINE
  8
CrimpMountain
 62
1
 10
-181.076776
 20
-11.355096
 11
-199.409042
 21
-8.982802
  0
LINE
  8
CrimpValley
 62
5
 10
-217.801411
 20
-10.832252
 11
-199.409042
 21
-8.982802
  0
LINE
  8
CrimpValley
 62
5
 10
-181.076776
 20
-11.355096
 11
-199.521573
 21
-16.887020
  0
LINE
  8
CrimpMountain
 62
1
 10
-217.801411
 20
-10.832252
 11
-199.521573
 21
-16.887020
  0
LINE
  8
CrimpMountain
 62
1
 10
-177.176347
 20
-11.458834
 11
-169.544002
 21
-0.070490
  0
LINE
  8
CrimpValley
 62
5
 10
-177.292700
 20
11.239008
 11
-169.544002
 21
-0.070490
  0
LINE
  8
CrimpValley
 62
5
 10
-177.176347
 20
-11.458834
 11
-174.600388
 21
-0.096410
  0
LINE
  8
CrimpMountain
 62
1
 10
-177.292700
 20
11.239008
 11
-174.600388
 21
-0.096410
  0
LINE
  8
CrimpMountain
 62
1
 10
-218.147485
 20
9.758094
 11
-199.600715
 21
8.520930
  0
LINE
  8
CrimpValley
 62
5
 10
-181.191860
 20
11.095288
 11
-199.600715
 21
8.520930
  0
LINE
  8
CrimpValley
 62
5
 10
-218.147485
 20
9.758094
 11
-199.889235
 21
16.494667
  0
LINE
  8
CrimpMountain
 62
1
 10
-181.191860
 20
11.095288
 11
-199.889235
 21
16.494667
  0
LINE
  8
CrimpMountain
 62
1
 10
-187.200872
 20
75.841898
 11
-193.361369
 21
60.065918
  0
LINE
  8
CrimpValley
 62
5
 10
-185.026528
 20
45.322658
 11
-193.361369
 21
60.065918
  0
LINE
  8
CrimpValley
 62
5
 10
-187.200872
 20
75.841898
 11
-187.630695
 21
60.474200
  0
LINE
  8
CrimpMountain
 62
1
 10
-185.026528
 20
45.322658
 11
-187.630695
 21
60.474200
  0
LINE
  8
CrimpMountain
 62
1
 10
-149.075564
 20
46.596813
 11
-162.620784
 21
48.668900
  0
LINE
  8
CrimpValley
 62
5
 10
-175.988199
 20
45.655804
 11
-162.620784
 21
48.668900
  0
LINE
  8
CrimpValley
 62
5
 10
-149.075564
 20
46.596813
 11
-162.274243
 21
38.757900
  0
LINE
  8
CrimpMountain
 62
1
 10
-175.988199
 20
45.655804
 11
-162.274243
 21
38.757900
  0
LINE
  8
CrimpMountain
 62
1
 10
-175.988199
 20
45.655804
 11
-169.575463
 21
61.760545
  0
LINE
  8
CrimpValley
 62
5
 10
-178.206604
 20
76.793486
 11
-169.575463
 21
61.760545
  0
LINE
  8
CrimpValley
 62
5
 10
-175.988199
 20
45.655804
 11
-174.462531
 21
61.412366
  0
LINE
  8
CrimpMountain
 62
1
 10
-178.206604
 20
76.793486
 11
-174.462531
 21
61.412366
  0
LINE
  8
CrimpMountain
 62
1
 10
-218.625836
 20
72.722411
 11
-202.443078
 21
69.544708
  0
LINE
  8
CrimpValley
 62
5
 10
-187.200872
 20
75.841898
 11
-202.443078
 21
69.544708
  0
LINE
  8
CrimpValley
 62
5
 10
-218.625836
 20
72.722411
 11
-203.180383
 21
76.972142
  0
LINE
  8
CrimpMountain
 62
1
 10
-187.200872
 20
75.841898
 11
-203.180383
 21
76.972142
  0
LINE
  8
CrimpMountain
 62
1
 10
-200.042137
 20
129.543115
 11
-201.970773
 21
118.687923
  0
LINE
  8
CrimpValley
 62
5
 10
-196.938477
 20
108.878192
 11
-201.970773
 21
118.687923
  0
LINE
  8
CrimpValley
 62
5
 10
-200.042137
 20
129.543115
 11
-197.942370
 21
119.292948
  0
LINE
  8
CrimpMountain
 62
1
 10
-196.938477
 20
108.878192
 11
-197.942370
 21
119.292948
  0
LINE
  8
CrimpMountain
 62
1
 10
-160.809250
 20
112.656957
 11
-168.352755
 21
113.348299
  0
LINE
  8
CrimpValley
 62
5
 10
-175.597638
 20
111.136041
 11
-168.352755
 21
113.348299
  0
LINE
  8
CrimpValley
 62
5
 10
-160.809250
 20
112.656957
 11
-167.661968
 21
106.631538
  0
LINE
  8
CrimpMountain
 62
1
 10
-175.597638
 20
111.136041
 11
-167.661968
 21
106.631538
  0
LINE
  8
CrimpMountain
 62
1
 10
-175.597638
 20
111.136041
 11
-173.524843
 21
122.960210
  0
LINE
  8
CrimpValley
 62
5
 10
-178.979578
 20
133.653822
 11
-173.524843
 21
122.960210
  0
LINE
  8
CrimpValley
 62
5
 10
-175.597638
 20
111.136041
 11
-176.901653
 21
122.453048
  0
LINE
  8
CrimpMountain
 62
1
 10
-178.979578
 20
133.653822
 11
-176.901653
 21
122.453048
  0
LINE
  8
CrimpMountain
 62
1
 10
-218.157078
 20
126.165410
 11
-208.504654
 21
124.663473
  0
LINE
  8
CrimpValley
 62
5
 10
-200.042137
 20
129.543115
 11
-208.504654
 21
124.663473
  0
LINE
  8
CrimpValley
 62
5
 10
-218.157078
 20
126.165410
 11
-209.364040
 21
129.272437
  0
LINE
  8
CrimpMountain
 62
1
 10
-200.042137
 20
129.543115
 11
-209.364040
 21
129.272437
  0
LINE
  8
CrimpMountain
 62
1
 10
-217.557709
 20
180.737463
 11
-215.103730
 21
171.167504
  0
LINE
  8
CrimpValley
 62
5
 10
-212.624233
 20
161.604124
 11
-215.103730
 21
171.167504
  0
LINE
  8
CrimpValley
 62
5
 10
-217.557709
 20
180.737463
 11
-213.127824
 21
171.676985
  0
LINE
  8
CrimpMountain
 62
1
 10
-212.624233
 20
161.604124
 11
-213.127824
 21
171.676985
  0
LINE
  8
CrimpMountain
 62
1
 10
-176.224123
 20
168.683583
 11
-177.931940
 21
169.091946
  0
LINE
  8
CrimpValley
 62
5
 10
-179.376103
 20
168.093048
 11
-177.931940
 21
169.091946
  0
LINE
  8
CrimpValley
 62
5
 10
-176.224123
 20
168.683583
 11
-177.598763
 21
167.313611
  0
LINE
  8
CrimpMountain
 62
1
 10
-179.376103
 20
168.093048
 11
-177.598763
 21
167.313611
  0
LINE
  8
CrimpMountain
 62
1
 10
-179.376103
 20
168.093048
 11
-181.675207
 21
179.786952
  0
LINE
  8
CrimpValley
 62
5
 10
-185.317294
 20
191.134572
 11
-181.675207
 21
179.786952
  0
LINE
  8
CrimpValley
 62
5
 10
-179.376103
 20
168.093048
 11
-183.307258
 21
179.366133
  0
LINE
  8
CrimpMountain
 62
1
 10
-185.317294
 20
191.134572
 11
-183.307258
 21
179.366133
  0
LINE
  8
CrimpMountain
 62
1
 10
-222.556071
 20
179.134115
 11
-219.606700
 21
178.532342
  0
LINE
  8
CrimpValley
 62
5
 10
-217.557709
 20
180.737463
 11
-219.606700
 21
178.532342
  0
LINE
  8
CrimpValley
 62
5
 10
-222.556071
 20
179.134115
 11
-220.291171
 21
180.666149
  0
LINE
  8
CrimpMountain
 62
1
 10
-217.557709
 20
180.737463
 11
-220.291171
 21
180.666149
  0
LINE
  8
CrimpMountain
 62
1
 10
-242.224161
 20
240.881992
 11
-233.829454
 21
227.815623
  0
LINE
  8
CrimpValley
 62
5
 10
-230.546283
 20
212.635969
 11
-233.829454
 21
227.815623
  0
LINE
  8
CrimpValley
 62
5
 10
-242.224161
 20
240.881992
 11
-232.378677
 21
228.415424
  0
LINE
  8
CrimpMountain
 62
1
 10
-230.546283
 20
212.635969
 11
-232.378677
 21
228.415424
  0
LINE
  8
CrimpMountain
 62
1
 10
-193.411423
 20
224.611471
 11
-193.411423
 21
224.611471
  0
LINE
  8
CrimpValley
 62
5
 10
-193.411423
 20
224.611471
 11
-193.411423
 21
224.611471
  0
LINE
  8
CrimpValley
 62
5
 10
-193.411423
 20
224.611471
 11
-193.411423
 21
224.611471
  0
LINE
  8
CrimpMountain
 62
1
 10
-193.411423
 20
224.611471
 11
-193.411423
 21
224.611471
  0
LINE
  8
CrimpMountain
 62
1
 10
-210.458355
 20
-258.095695
 11
-202.968279
 21
-240.906141
  0
LINE
  8
CrimpValley
 62
5
 10
-195.500746
 20
-223.706782
 11
-202.968279
 21
-240.906141
  0
LINE
  8
CrimpValley
 62
5
 10
-210.458355
 20
-258.095695
 11
-205.139818
 21
-239.961621
  0
LINE
  8
CrimpMountain
 62
1
 10
-195.500746
 20
-223.706782
 11
-205.139818
 21
-239.961621
  0
LINE
  8
CrimpMountain
 62
1
 10
-233.806321
 20
-210.173175
 11
-233.219574
 21
-210.901145
  0
LINE
  8
CrimpValley
 62
5
 10
-232.299452
 20
-210.735051
 11
-233.219574
 21
-210.901145
  0
LINE
  8
CrimpValley
 62
5
 10
-233.806321
 20
-210.173175
 11
-232.917377
 21
-210.090698
  0
LINE
  8
CrimpMountain
 62
1
 10
-232.299452
 20
-210.735051
 11
-232.917377
 21
-210.090698
  0
LINE
  8
CrimpMountain
 62
1
 10
-213.067545
 20
-160.233095
 11
-215.727823
 21
-169.725256
  0
LINE
  8
CrimpValley
 62
5
 10
-218.456105
 20
-179.198096
 11
-215.727823
 21
-169.725256
  0
LINE
  8
CrimpValley
 62
5
 10
-213.067545
 20
-160.233095
 11
-213.791607
 21
-170.275397
  0
LINE
  8
CrimpMountain
 62
1
 10
-218.456105
 20
-179.198096
 11
-213.791607
 21
-170.275397
  0
LINE
  8
CrimpMountain
 62
1
 10
-182.405297
 20
-191.781445
 11
-184.060160
 21
-189.890534
  0
LINE
  8
CrimpValley
 62
5
 10
-186.507542
 20
-190.460127
 11
-184.060160
 21
-189.890534
  0
LINE
  8
CrimpValley
 62
5
 10
-182.405297
 20
-191.781445
 11
-184.670362
 21
-191.785004
  0
LINE
  8
CrimpMountain
 62
1
 10
-186.507542
 20
-190.460127
 11
-184.670362
 21
-191.785004
  0
LINE
  8
CrimpMountain
 62
1
 10
-186.507542
 20
-190.460127
 11
-182.483634
 21
-179.170988
  0
LINE
  8
CrimpValley
 62
5
 10
-179.970378
 20
-167.452623
 11
-182.483634
 21
-179.170988
  0
LINE
  8
CrimpValley
 62
5
 10
-186.507542
 20
-190.460127
 11
-184.169587
 21
-178.691955
  0
LINE
  8
CrimpMountain
 62
1
 10
-179.970378
 20
-167.452623
 11
-184.169587
 21
-178.691955
  0
LINE
  8
CrimpMountain
 62
1
 10
-218.039270
 20
-159.129381
 11
-215.758733
 21
-160.606138
  0
LINE
  8
CrimpValley
 62
5
 10
-213.067545
 20
-160.233095
 11
-215.758733
 21
-160.606138
  0
LINE
  8
CrimpValley
 62
5
 10
-218.039270
 20
-159.129381
 11
-215.173963
 21
-157.972016
  0
LINE
  8
CrimpMountain
 62
1
 10
-213.067545
 20
-160.233095
 11
-215.173963
 21
-157.972016
  0
LINE
  8
CrimpMountain
 62
1
 10
-196.515637
 20
-108.540291
 11
-201.303559
 21
-117.981200
  0
LINE
  8
CrimpValley
 62
5
 10
-199.782467
 20
-128.456945
 11
-201.303559
 21
-117.981200
  0
LINE
  8
CrimpValley
 62
5
 10
-196.515637
 20
-108.540291
 11
-197.535815
 21
-118.599204
  0
LINE
  8
CrimpMountain
 62
1
 10
-199.782467
 20
-128.456945
 11
-197.535815
 21
-118.599204
  0
LINE
  8
CrimpMountain
 62
1
 10
-164.297086
 20
-135.991665
 11
-170.911552
 21
-131.349848
  0
LINE
  8
CrimpValley
 62
5
 10
-178.815542
 20
-133.030487
 11
-170.911552
 21
-131.349848
  0
LINE
  8
CrimpValley
 62
5
 10
-164.297086
 20
-135.991665
 11
-171.821581
 21
-135.811662
  0
LINE
  8
CrimpMountain
 62
1
 10
-178.815542
 20
-133.030487
 11
-171.821581
 21
-135.811662
  0
LINE
  8
CrimpMountain
 62
1
 10
-178.815542
 20
-133.030487
 11
-173.251124
 21
-122.582501
  0
LINE
  8
CrimpValley
 62
5
 10
-175.186309
 20
-110.904393
 11
-173.251124
 21
-122.582501
  0
LINE
  8
CrimpValley
 62
5
 10
-178.815542
 20
-133.030487
 11
-176.526285
 21
-122.045293
  0
LINE
  8
CrimpMountain
 62
1
 10
-175.186309
 20
-110.904393
 11
-176.526285
 21
-122.045293
  0
LINE
  8
CrimpMountain
 62
1
 10
-213.739855
 20
-106.748814
 11
-205.221411
 21
-108.545097
  0
LINE
  8
CrimpValley
 62
5
 10
-196.515637
 20
-108.540291
 11
-205.221411
 21
-108.545097
  0
LINE
  8
CrimpValley
 62
5
 10
-213.739855
 20
-106.748814
 11
-204.476796
 21
-101.385971
  0
LINE
  8
CrimpMountain
 62
1
 10
-196.515637
 20
-108.540291
 11
-204.476796
 21
-101.385971
  0
LINE
  8
CrimpMountain
 62
1
 10
-184.560344
 20
-45.619986
 11
-192.473607
 21
-60.114052
  0
LINE
  8
CrimpValley
 62
5
 10
-186.613628
 20
-75.552910
 11
-192.473607
 21
-60.114052
  0
LINE
  8
CrimpValley
 62
5
 10
-184.560344
 20
-45.619986
 11
-186.959806
 21
-60.492277
  0
LINE
  8
CrimpMountain
 62
1
 10
-186.613628
 20
-75.552910
 11
-186.959806
 21
-60.492277
  0
LINE
  8
CrimpMountain
 62
1
 10
-151.178817
 20
-79.385695
 11
-163.888030
 21
-73.180010
  0
LINE
  8
CrimpValley
 62
5
 10
-177.624210
 20
-76.549279
 11
-163.888030
 21
-73.180010
  0
LINE
  8
CrimpValley
 62
5
 10
-151.178817
 20
-79.385695
 11
-164.658940
 21
-80.367616
  0
LINE
  8
CrimpMountain
 62
1
 10
-177.624210
 20
-76.549279
 11
-164.658940
 21
-80.367616
  0
LINE
  8
CrimpMountain
 62
1
 10
-177.624210
 20
-76.549279
 11
-169.063675
 21
-61.719884
  0
LINE
  8
CrimpValley
 62
5
 10
-175.519073
 20
-45.860453
 11
-169.063675
 21
-61.719884
  0
LINE
  8
CrimpValley
 62
5
 10
-177.624210
 20
-76.549279
 11
-173.854381
 21
-61.391260
  0
LINE
  8
CrimpMountain
 62
1
 10
-175.519073
 20
-45.860453
 11
-173.854381
 21
-61.391260
  0
LINE
  8
CrimpMountain
 62
1
 10
-215.294708
 20
-45.182424
 11
-199.952829
 21
-47.178455
  0
LINE
  8
CrimpValley
 62
5
 10
-184.560344
 20
-45.619986
 11
-199.952829
 21
-47.178455
  0
LINE
  8
CrimpValley
 62
5
 10
-215.294708
 20
-45.182424
 11
-199.803643
 21
-36.699632
  0
LINE
  8
CrimpMountain
 62
1
 10
-184.560344
 20
-45.619986
 11
-199.803643
 21
-36.699632
  0
LINE
  8
CrimpMountain
 62
1
 10
-181.191860
 20
11.095288
 11
-188.662745
 21
-0.168496
  0
LINE
  8
CrimpValley
 62
5
 10
-181.076776
 20
-11.355096
 11
-188.662745
 21
-0.168496
  0
LINE
  8
CrimpValley
 62
5
 10
-181.191860
 20
11.095288
 11
-182.999235
 21
-0.139464
  0
LINE
  8
CrimpMountain
 62
1
 10
-181.076776
 20
-11.355096
 11
-182.999235
 21
-0.139464
  0
LINE
  8
CrimpMountain
 62
1
 10
-145.344125
 20
-12.374663
 11
-161.184969
 21
-9.300631
  0
LINE
  8
CrimpValley
 62
5
 10
-177.176347
 20
-11.458834
 11
-161.184969
 21
-9.300631
  0
LINE
  8
CrimpValley
 62
5
 10
-145.344125
 20
-12.374663
 11
-161.409852
 21
-17.117084
  0
LINE
  8
CrimpMountain
 62
1
 10
-177.176347
 20
-11.458834
 11
-161.409852
 21
-17.117084
  0
LINE
  8
CrimpMountain
 62
1
 10
-141.444184
 20
-12.495345
 11
-133.509661
 21
0.002847
  0
LINE
  8
CrimpValley
 62
5
 10
-141.470722
 20
12.484150
 11
-133.509661
 21
0.002847
  0
LINE
  8
CrimpValley
 62
5
 10
-141.444184
 20
-12.495345
 11
-138.554835
 21
-0.002514
  0
LINE
  8
CrimpMountain
 62
1
 10
-141.470722
 20
12.484150
 11
-138.554835
 21
-0.002514
  0
LINE
  8
CrimpMountain
 62
1
 10
-177.292700
 20
11.239008
 11
-161.242145
 21
9.240143
  0
LINE
  8
CrimpValley
 62
5
 10
-145.370399
 20
12.355182
 11
-161.242145
 21
9.240143
  0
LINE
  8
CrimpValley
 62
5
 10
-177.292700
 20
11.239008
 11
-161.516409
 21
17.084027
  0
LINE
  8
CrimpMountain
 62
1
 10
-145.370399
 20
12.355182
 11
-161.516409
 21
17.084027
  0
LINE
  8
CrimpMountain
 62
1
 10
-151.264890
 20
79.564315
 11
-156.802555
 21
62.640120
  0
LINE
  8
CrimpValley
 62
5
 10
-149.075564
 20
46.596813
 11
-156.802555
 21
62.640120
  0
LINE
  8
CrimpValley
 62
5
 10
-151.264890
 20
79.564315
 11
-151.826074
 21
62.970601
  0
LINE
  8
CrimpMountain
 62
1
 10
-149.075564
 20
46.596813
 11
-151.826074
 21
62.970601
  0
LINE
  8
CrimpMountain
 62
1
 10
-113.899087
 20
47.677856
 11
-127.051754
 21
50.100440
  0
LINE
  8
CrimpValley
 62
5
 10
-140.036039
 20
46.895765
 11
-127.051754
 21
50.100440
  0
LINE
  8
CrimpValley
 62
5
 10
-113.899087
 20
47.677856
 11
-126.754072
 21
40.152071
  0
LINE
  8
CrimpMountain
 62
1
 10
-140.036039
 20
46.895765
 11
-126.754072
 21
40.152071
  0
LINE
  8
CrimpMountain
 62
1
 10
-140.036039
 20
46.895765
 11
-133.554957
 21
64.183961
  0
LINE
  8
CrimpValley
 62
5
 10
-142.265214
 20
80.463321
 11
-133.554957
 21
64.183961
  0
LINE
  8
CrimpValley
 62
5
 10
-140.036039
 20
46.895765
 11
-138.327931
 21
63.866994
  0
LINE
  8
CrimpMountain
 62
1
 10
-142.265214
 20
80.463321
 11
-138.327931
 21
63.866994
  0
LINE
  8
CrimpMountain
 62
1
 10
-178.206604
 20
76.793486
 11
-164.237299
 21
73.332318
  0
LINE
  8
CrimpValley
 62
5
 10
-151.264890
 20
79.564315
 11
-164.237299
 21
73.332318
  0
LINE
  8
CrimpValley
 62
5
 10
-178.206604
 20
76.793486
 11
-164.986337
 21
80.615475
  0
LINE
  8
CrimpMountain
 62
1
 10
-151.264890
 20
79.564315
 11
-164.986337
 21
80.615475
  0
LINE
  8
CrimpMountain
 62
1
 10
-164.126752
 20
136.436549
 11
-165.376278
 21
124.141018
  0
LINE
  8
CrimpValley
 62
5
 10
-160.809250
 20
112.656957
 11
-165.376278
 21
124.141018
  0
LINE
  8
CrimpValley
 62
5
 10
-164.126752
 20
136.436549
 11
-161.892492
 21
124.627043
  0
LINE
  8
CrimpMountain
 62
1
 10
-160.809250
 20
112.656957
 11
-161.892492
 21
124.627043
  0
LINE
  8
CrimpMountain
 62
1
 10
-124.782589
 20
116.126599
 11
-132.271725
 21
117.134036
  0
LINE
  8
CrimpValley
 62
5
 10
-139.455579
 20
114.790041
 11
-132.271725
 21
117.134036
  0
LINE
  8
CrimpValley
 62
5
 10
-124.782589
 20
116.126599
 11
-131.649061
 21
110.298321
  0
LINE
  8
CrimpMountain
 62
1
 10
-139.455579
 20
114.790041
 11
-131.649061
 21
110.298321
  0
LINE
  8
CrimpMountain
 62
1
 10
-139.455579
 20
114.790041
 11
-137.391130
 21
128.045240
  0
LINE
  8
CrimpValley
 62
5
 10
-143.004621
 20
140.229285
 11
-137.391130
 21
128.045240
  0
LINE
  8
CrimpValley
 62
5
 10
-139.455579
 20
114.790041
 11
-140.851705
 21
127.562453
  0
LINE
  8
CrimpMountain
 62
1
 10
-143.004621
 20
140.229285
 11
-140.851705
 21
127.562453
  0
LINE
  8
CrimpMountain
 62
1
 10
-178.979578
 20
133.653822
 11
-170.944459
 21
131.796211
  0
LINE
  8
CrimpValley
 62
5
 10
-164.126752
 20
136.436549
 11
-170.944459
 21
131.796211
  0
LINE
  8
CrimpValley
 62
5
 10
-178.979578
 20
133.653822
 11
-171.793797
 21
136.329558
  0
LINE
  8
CrimpMountain
 62
1
 10
-164.126752
 20
136.436549
 11
-171.793797
 21
136.329558
  0
LINE
  8
CrimpMountain
 62
1
 10
-181.638808
 20
192.244463
 11
-178.346525
 21
180.598452
  0
LINE
  8
CrimpValley
 62
5
 10
-176.224123
 20
168.683583
 11
-178.346525
 21
180.598452
  0
LINE
  8
CrimpValley
 62
5
 10
-181.638808
 20
192.244463
 11
-176.653436
 21
180.987552
  0
LINE
  8
CrimpMountain
 62
1
 10
-176.224123
 20
168.683583
 11
-176.653436
 21
180.987552
  0
LINE
  8
CrimpMountain
 62
1
 10
-138.815972
 20
175.330742
 11
-140.995222
 21
175.901477
  0
LINE
  8
CrimpValley
 62
5
 10
-142.881952
 20
174.670575
 11
-140.995222
 21
175.901477
  0
LINE
  8
CrimpValley
 62
5
 10
-138.815972
 20
175.330742
 11
-140.628279
 21
173.641465
  0
LINE
  8
CrimpMountain
 62
1
 10
-142.881952
 20
174.670575
 11
-140.628279
 21
173.641465
  0
LINE
  8
CrimpMountain
 62
1
 10
-142.881952
 20
174.670575
 11
-145.167567
 21
188.223532
  0
LINE
  8
CrimpValley
 62
5
 10
-149.028162
 20
201.414532
 11
-145.167567
 21
188.223532
  0
LINE
  8
CrimpValley
 62
5
 10
-142.881952
 20
174.670575
 11
-147.223362
 21
187.751076
  0
LINE
  8
CrimpMountain
 62
1
 10
-149.028162
 20
201.414532
 11
-147.223362
 21
187.751076
  0
LINE
  8
CrimpMountain
 62
1
 10
-185.317294
 20
191.134572
 11
-183.135106
 21
190.552904
  0
LINE
  8
CrimpValley
 62
5
 10
-181.638808
 20
192.244463
 11
-183.135106
 21
190.552904
  0
LINE
  8
CrimpValley
 62
5
 10
-185.317294
 20
191.134572
 11
-183.652634
 21
192.268134
  0
LINE
  8
CrimpMountain
 62
1
 10
-181.638808
 20
192.244463
 11
-183.652634
 21
192.268134
  0
LINE
  8
CrimpMountain
 62
1
 10
-205.466264
 20
259.550039
 11
-196.855134
 21
242.972211
  0
LINE
  8
CrimpValley
 62
5
 10
-193.411423
 20
224.611471
 11
-196.855134
 21
242.972211
  0
LINE
  8
CrimpValley
 62
5
 10
-205.466264
 20
259.550039
 11
-194.894932
 21
243.648539
  0
LINE
  8
CrimpMountain
 62
1
 10
-193.411423
 20
224.611471
 11
-194.894932
 21
243.648539
  0
LINE
  8
CrimpMountain
 62
1
 10
-153.699532
 20
235.712056
 11
-154.936059
 21
236.086874
  0
LINE
  8
CrimpValley
 62
5
 10
-155.850128
 20
235.173657
 11
-154.936059
 21
236.086874
  0
LINE
  8
CrimpValley
 62
5
 10
-153.699532
 20
235.712056
 11
-154.648552
 21
234.938448
  0
LINE
  8
CrimpMountain
 62
1
 10
-155.850128
 20
235.173657
 11
-154.648552
 21
234.938448
  0
LINE
  8
CrimpMountain
 62
1
 10
-170.972839
 20
-274.579876
 11
-163.895086
 21
-254.817203
  0
LINE
  8
CrimpValley
 62
5
 10
-157.055063
 20
-234.970996
 11
-163.895086
 21
-254.817203
  0
LINE
  8
CrimpValley
 62
5
 10
-170.972839
 20
-274.579876
 11
-166.860352
 21
-253.775267
  0
LINE
  8
CrimpMountain
 62
1
 10
-157.055063
 20
-234.970996
 11
-166.860352
 21
-253.775267
  0
LINE
  8
CrimpMountain
 62
1
 10
-195.500746
 20
-223.706782
 11
-195.102277
 21
-224.172563
  0
LINE
  8
CrimpValley
 62
5
 10
-194.506866
 20
-224.026907
 11
-195.102277
 21
-224.172563
  0
LINE
  8
CrimpValley
 62
5
 10
-195.500746
 20
-223.706782
 11
-194.928427
 21
-223.632819
  0
LINE
  8
CrimpMountain
 62
1
 10
-194.506866
 20
-224.026907
 11
-194.928427
 21
-223.632819
  0
LINE
  8
CrimpMountain
 62
1
 10
-176.715153
 20
-168.116558
 11
-179.029320
 21
-180.076656
  0
LINE
  8
CrimpValley
 62
5
 10
-182.405297
 20
-191.781445
 11
-179.029320
 21
-180.076656
  0
LINE
  8
CrimpValley
 62
5
 10
-176.715153
 20
-168.116558
 11
-177.270800
 21
-180.499486
  0
LINE
  8
CrimpMountain
 62
1
 10
-182.405297
 20
-191.781445
 11
-177.270800
 21
-180.499486
  0
LINE
  8
CrimpMountain
 62
1
 10
-144.258022
 20
-202.731493
 11
-146.656572
 21
-200.384760
  0
LINE
  8
CrimpValley
 62
5
 10
-149.889715
 20
-201.283080
 11
-146.656572
 21
-200.384760
  0
LINE
  8
CrimpValley
 62
5
 10
-144.258022
 20
-202.731493
 11
-147.312611
 21
-202.935561
  0
LINE
  8
CrimpMountain
 62
1
 10
-149.889715
 20
-201.283080
 11
-147.312611
 21
-202.935561
  0
LINE
  8
CrimpMountain
 62
1
 10
-149.889715
 20
-201.283080
 11
-145.800526
 21
-188.066411
  0
LINE
  8
CrimpValley
 62
5
 10
-143.434293
 20
-174.435462
 11
-145.800526
 21
-188.066411
  0
LINE
  8
CrimpValley
 62
5
 10
-149.889715
 20
-201.283080
 11
-147.933746
 21
-187.553485
  0
LINE
  8
CrimpMountain
 62
1
 10
-143.434293
 20
-174.435462
 11
-147.933746
 21
-187.553485
  0
LINE
  8
CrimpMountain
 62
1
 10
-179.970378
 20
-167.452623
 11
-178.491435
 21
-168.513508
  0
LINE
  8
CrimpValley
 62
5
 10
-176.715153
 20
-168.116558
 11
-178.491435
 21
-168.513508
  0
LINE
  8
CrimpValley
 62
5
 10
-179.970378
 20
-167.452623
 11
-178.119310
 21
-166.689003
  0
LINE
  8
CrimpMountain
 62
1
 10
-176.715153
 20
-168.116558
 11
-178.119310
 21
-166.689003
  0
LINE
  8
CrimpMountain
 62
1
 10
-160.847006
 20
-112.442363
 11
-165.359359
 21
-123.808660
  0
LINE
  8
CrimpValley
 62
5
 10
-164.297086
 20
-135.991665
 11
-165.359359
 21
-123.808660
  0
LINE
  8
CrimpValley
 62
5
 10
-160.847006
 20
-112.442363
 11
-161.965400
 21
-124.305890
  0
LINE
  8
CrimpMountain
 62
1
 10
-164.297086
 20
-135.991665
 11
-161.965400
 21
-124.305890
  0
LINE
  8
CrimpMountain
 62
1
 10
-127.996733
 20
-142.573794
 11
-135.020857
 21
-137.836188
  0
LINE
  8
CrimpValley
 62
5
 10
-143.213794
 20
-139.994666
 11
-135.020857
 21
-137.836188
  0
LINE
  8
CrimpValley
 62
5
 10
-127.996733
 20
-142.573794
 11
-135.844529
 21
-142.695918
  0
LINE
  8
CrimpMountain
 62
1
 10
-143.213794
 20
-139.994666
 11
-135.844529
 21
-142.695918
  0
LINE
  8
CrimpMountain
 62
1
 10
-143.213794
 20
-139.994666
 11
-137.496516
 21
-127.890694
  0
LINE
  8
CrimpValley
 62
5
 10
-139.501473
 20
-114.655379
 11
-137.496516
 21
-127.890694
  0
LINE
  8
CrimpValley
 62
5
 10
-143.213794
 20
-139.994666
 11
-140.941284
 21
-127.386019
  0
LINE
  8
CrimpMountain
 62
1
 10
-139.501473
 20
-114.655379
 11
-140.941284
 21
-127.386019
  0
LINE
  8
CrimpMountain
 62
1
 10
-175.186309
 20
-110.904393
 11
-168.171606
 21
-113.118044
  0
LINE
  8
CrimpValley
 62
5
 10
-160.847006
 20
-112.442363
 11
-168.171606
 21
-113.118044
  0
LINE
  8
CrimpValley
 62
5
 10
-175.186309
 20
-110.904393
 11
-167.469825
 21
-106.574976
  0
LINE
  8
CrimpMountain
 62
1
 10
-160.847006
 20
-112.442363
 11
-167.469825
 21
-106.574976
  0
LINE
  8
CrimpMountain
 62
1
 10
-148.976524
 20
-46.624095
 11
-156.562766
 21
-62.568955
  0
LINE
  8
CrimpValley
 62
5
 10
-151.178817
 20
-79.385695
 11
-156.562766
 21
-62.568955
  0
LINE
  8
CrimpValley
 62
5
 10
-148.976524
 20
-46.624095
 11
-151.674638
 21
-62.897544
  0
LINE
  8
CrimpMountain
 62
1
 10
-151.178817
 20
-79.385695
 11
-151.674638
 21
-62.897544
  0
LINE
  8
CrimpMountain
 62
1
 10
-115.860660
 20
-82.794370
 11
-128.550484
 21
-76.547849
  0
LINE
  8
CrimpValley
 62
5
 10
-142.182568
 20
-80.318389
 11
-128.550484
 21
-76.547849
  0
LINE
  8
CrimpValley
 62
5
 10
-115.860660
 20
-82.794370
 11
-129.253980
 21
-84.026645
  0
LINE
  8
CrimpMountain
 62
1
 10
-142.182568
 20
-80.318389
 11
-129.253980
 21
-84.026645
  0
LINE
  8
CrimpMountain
 62
1
 10
-142.182568
 20
-80.318389
 11
-133.455631
 21
-64.122258
  0
LINE
  8
CrimpValley
 62
5
 10
-139.936382
 20
-46.903839
 11
-133.455631
 21
-64.122258
  0
LINE
  8
CrimpValley
 62
5
 10
-142.182568
 20
-80.318389
 11
-138.199209
 21
-63.803386
  0
LINE
  8
CrimpMountain
 62
1
 10
-139.936382
 20
-46.903839
 11
-138.199209
 21
-63.803386
  0
LINE
  8
CrimpMountain
 62
1
 10
-175.519073
 20
-45.860453
 11
-162.319380
 21
-48.730303
  0
LINE
  8
CrimpValley
 62
5
 10
-148.976524
 20
-46.624095
 11
-162.319380
 21
-48.730303
  0
LINE
  8
CrimpValley
 62
5
 10
-175.519073
 20
-45.860453
 11
-162.036700
 21
-38.904935
  0
LINE
  8
CrimpMountain
 62
1
 10
-148.976524
 20
-46.624095
 11
-162.036700
 21
-38.904935
  0
LINE
  8
CrimpMountain
 62
1
 10
-145.370399
 20
12.355182
 11
-152.632839
 21
-0.017470
  0
LINE
  8
CrimpValley
 62
5
 10
-145.344125
 20
-12.374663
 11
-152.632839
 21
-0.017470
  0
LINE
  8
CrimpValley
 62
5
 10
-145.370399
 20
12.355182
 11
-147.407967
 21
-0.011919
  0
LINE
  8
CrimpMountain
 62
1
 10
-145.344125
 20
-12.374663
 11
-147.407967
 21
-0.011919
  0
LINE
  8
CrimpMountain
 62
1
 10
-110.411222
 20
-13.393014
 11
-125.842382
 21
-9.994608
  0
LINE
  8
CrimpValley
 62
5
 10
-141.444184
 20
-12.495345
 11
-125.842382
 21
-9.994608
  0
LINE
  8
CrimpValley
 62
5
 10
-110.411222
 20
-13.393014
 11
-126.076436
 21
-18.085976
  0
LINE
  8
CrimpMountain
 62
1
 10
-141.444184
 20
-12.495345
 11
-126.076436
 21
-18.085976
  0
LINE
  8
CrimpMountain
 62
1
 10
-106.510826
 20
-13.497966
 11
-98.238804
 21
0.009475
  0
LINE
  8
CrimpValley
 62
5
 10
-106.509020
 20
13.518022
 11
-98.238804
 21
0.009475
  0
LINE
  8
CrimpValley
 62
5
 10
-106.510826
 20
-13.497966
 11
-103.444075
 21
0.009823
  0
LINE
  8
CrimpMountain
 62
1
 10
-106.509020
 20
13.518022
 11
-103.444075
 21
0.009823
  0
LINE
  8
CrimpMountain
 62
1
 10
-141.470722
 20
12.484150
 11
-125.852280
 21
10.014774
  0
LINE
  8
CrimpValley
 62
5
 10
-110.409430
 20
13.413590
 11
-125.852280
 21
10.014774
  0
LINE
  8
CrimpValley
 62
5
 10
-141.470722
 20
12.484150
 11
-126.094656
 21
18.114832
  0
LINE
  8
CrimpMountain
 62
1
 10
-110.409430
 20
13.413590
 11
-126.094656
 21
18.114832
  0
LINE
  8
CrimpMountain
 62
1
 10
-115.817035
 20
82.872478
 11
-121.563345
 21
64.909759
  0
LINE
  8
CrimpValley
 62
5
 10
-113.899087
 20
47.677856
 11
-121.563345
 21
64.909759
  0
LINE
  8
CrimpValley
 62
5
 10
-115.817035
 20
82.872478
 11
-116.724973
 21
65.173428
  0
LINE
  8
CrimpMountain
 62
1
 10
-113.899087
 20
47.677856
 11
-116.724973
 21
65.173428
  0
LINE
  8
CrimpMountain
 62
1
 10
-77.966280
 20
48.532713
 11
-91.480318
 21
51.221354
  0
LINE
  8
CrimpValley
 62
5
 10
-104.857859
 20
47.919929
 11
-91.480318
 21
51.221354
  0
LINE
  8
CrimpValley
 62
5
 10
-77.966280
 20
48.532713
 11
-91.245128
 21
40.900222
  0
LINE
  8
CrimpMountain
 62
1
 10
-104.857859
 20
47.919929
 11
-91.245128
 21
40.900222
  0
LINE
  8
CrimpMountain
 62
1
 10
-104.857859
 20
47.919929
 11
-98.006929
 21
66.193477
  0
LINE
  8
CrimpValley
 62
5
 10
-106.803042
 20
83.614333
 11
-98.006929
 21
66.193477
  0
LINE
  8
CrimpValley
 62
5
 10
-104.857859
 20
47.919929
 11
-102.931182
 21
65.925128
  0
LINE
  8
CrimpMountain
 62
1
 10
-106.803042
 20
83.614333
 11
-102.931182
 21
65.925128
  0
LINE
  8
CrimpMountain
 62
1
 10
-142.265214
 20
80.463321
 11
-128.582733
 21
76.635595
  0
LINE
  8
CrimpValley
 62
5
 10
-115.817035
 20
82.872478
 11
-128.582733
 21
76.635595
  0
LINE
  8
CrimpValley
 62
5
 10
-142.265214
 20
80.463321
 11
-129.266230
 21
84.139152
  0
LINE
  8
CrimpMountain
 62
1
 10
-115.817035
 20
82.872478
 11
-129.266230
 21
84.139152
  0
LINE
  8
CrimpMountain
 62
1
 10
-127.802848
 20
142.697498
 11
-129.305495
 21
129.069593
  0
LINE
  8
CrimpValley
 62
5
 10
-124.782589
 20
116.126599
 11
-129.305495
 21
129.069593
  0
LINE
  8
CrimpValley
 62
5
 10
-127.802848
 20
142.697498
 11
-125.755965
 21
129.473060
  0
LINE
  8
CrimpMountain
 62
1
 10
-124.782589
 20
116.126599
 11
-125.755965
 21
129.473060
  0
LINE
  8
CrimpMountain
 62
1
 10
-87.542843
 20
118.998250
 11
-95.598095
 21
120.285207
  0
LINE
  8
CrimpValley
 62
5
 10
-103.394955
 20
117.886810
 11
-95.598095
 21
120.285207
  0
LINE
  8
CrimpValley
 62
5
 10
-87.542843
 20
118.998250
 11
-95.080855
 21
112.907976
  0
LINE
  8
CrimpMountain
 62
1
 10
-103.394955
 20
117.886810
 11
-95.080855
 21
112.907976
  0
LINE
  8
CrimpMountain
 62
1
 10
-103.394955
 20
117.886810
 11
-100.899192
 21
132.298478
  0
LINE
  8
CrimpValley
 62
5
 10
-106.565784
 20
145.782349
 11
-100.899192
 21
132.298478
  0
LINE
  8
CrimpValley
 62
5
 10
-103.394955
 20
117.886810
 11
-104.676902
 21
131.869074
  0
LINE
  8
CrimpMountain
 62
1
 10
-106.565784
 20
145.782349
 11
-104.676902
 21
131.869074
  0
LINE
  8
CrimpMountain
 62
1
 10
-143.004621
 20
140.229285
 11
-134.840573
 21
137.994871
  0
LINE
  8
CrimpValley
 62
5
 10
-127.802848
 20
142.697498
 11
-134.840573
 21
137.994871
  0
LINE
  8
CrimpValley
 62
5
 10
-143.004621
 20
140.229285
 11
-135.628846
 21
142.849859
  0
LINE
  8
CrimpMountain
 62
1
 10
-127.802848
 20
142.697498
 11
-135.628846
 21
142.849859
  0
LINE
  8
CrimpMountain
 62
1
 10
-143.810621
 20
202.720736
 11
-140.963661
 21
189.089496
  0
LINE
  8
CrimpValley
 62
5
 10
-138.815972
 20
175.330742
 11
-140.963661
 21
189.089496
  0
LINE
  8
CrimpValley
 62
5
 10
-143.810621
 20
202.720736
 11
-138.836604
 21
189.477371
  0
LINE
  8
CrimpMountain
 62
1
 10
-138.815972
 20
175.330742
 11
-138.836604
 21
189.477371
  0
LINE
  8
CrimpMountain
 62
1
 10
-99.417553
 20
180.923500
 11
-102.506984
 21
181.796828
  0
LINE
  8
CrimpValley
 62
5
 10
-105.292376
 20
180.200309
 11
-102.506984
 21
181.796828
  0
LINE
  8
CrimpValley
 62
5
 10
-99.417553
 20
180.923500
 11
-102.115850
 21
178.619459
  0
LINE
  8
CrimpMountain
 62
1
 10
-105.292376
 20
180.200309
 11
-102.115850
 21
178.619459
  0
LINE
  8
CrimpMountain
 62
1
 10
-105.292376
 20
180.200309
 11
-106.951121
 21
195.291786
  0
LINE
  8
CrimpValley
 62
5
 10
-110.725965
 20
209.997387
 11
-106.951121
 21
195.291786
  0
LINE
  8
CrimpValley
 62
5
 10
-105.292376
 20
180.200309
 11
-109.604429
 21
194.807948
  0
LINE
  8
CrimpMountain
 62
1
 10
-110.725965
 20
209.997387
 11
-109.604429
 21
194.807948
  0
LINE
  8
CrimpMountain
 62
1
 10
-149.028162
 20
201.414532
 11
-146.035274
 21
200.533305
  0
LINE
  8
CrimpValley
 62
5
 10
-143.810621
 20
202.720736
 11
-146.035274
 21
200.533305
  0
LINE
  8
CrimpValley
 62
5
 10
-149.028162
 20
201.414532
 11
-146.631978
 21
202.916797
  0
LINE
  8
CrimpMountain
 62
1
 10
-143.810621
 20
202.720736
 11
-146.631978
 21
202.916797
  0
LINE
  8
CrimpMountain
 62
1
 10
-164.365827
 20
276.197828
 11
-157.034072
 21
256.481491
  0
LINE
  8
CrimpValley
 62
5
 10
-153.699532
 20
235.712056
 11
-157.034072
 21
256.481491
  0
LINE
  8
CrimpValley
 62
5
 10
-164.365827
 20
276.197828
 11
-154.133360
 21
257.245706
  0
LINE
  8
CrimpMountain
 62
1
 10
-153.699532
 20
235.712056
 11
-154.133360
 21
257.245706
  0
LINE
  8
CrimpMountain
 62
1
 10
-110.876278
 20
244.964667
 11
-113.481481
 21
245.867089
  0
LINE
  8
CrimpValley
 62
5
 10
-115.592264
 20
244.093381
 11
-113.481481
 21
245.867089
  0
LINE
  8
CrimpValley
 62
5
 10
-110.876278
 20
244.964667
 11
-113.032562
 21
243.437237
  0
LINE
  8
CrimpMountain
 62
1
 10
-115.592264
 20
244.093381
 11
-113.032562
 21
243.437237
  0
LINE
  8
CrimpMountain
 62
1
 10
-127.720173
 20
-288.089277
 11
-121.607643
 21
-266.220651
  0
LINE
  8
CrimpValley
 62
5
 10
-116.150308
 20
-244.179386
 11
-121.607643
 21
-266.220651
  0
LINE
  8
CrimpValley
 62
5
 10
-127.720173
 20
-288.089277
 11
-125.430567
 21
-265.213344
  0
LINE
  8
CrimpMountain
 62
1
 10
-116.150308
 20
-244.179386
 11
-125.430567
 21
-265.213344
  0
LINE
  8
CrimpMountain
 62
1
 10
-157.055063
 20
-234.970996
 11
-155.859327
 21
-236.166765
  0
LINE
  8
CrimpValley
 62
5
 10
-154.235046
 20
-235.696274
 11
-155.859327
 21
-236.166765
  0
LINE
  8
CrimpValley
 62
5
 10
-157.055063
 20
-234.970996
 11
-155.476603
 21
-234.678666
  0
LINE
  8
CrimpMountain
 62
1
 10
-154.235046
 20
-235.696274
 11
-155.476603
 21
-234.678666
  0
LINE
  8
CrimpMountain
 62
1
 10
-139.137226
 20
-175.163768
 11
-141.425323
 21
-188.998211
  0
LINE
  8
CrimpValley
 62
5
 10
-144.258022
 20
-202.731493
 11
-141.425323
 21
-188.998211
  0
LINE
  8
CrimpValley
 62
5
 10
-139.137226
 20
-175.163768
 11
-139.213642
 21
-189.409038
  0
LINE
  8
CrimpMountain
 62
1
 10
-144.258022
 20
-202.731493
 11
-139.213642
 21
-189.409038
  0
LINE
  8
CrimpMountain
 62
1
 10
-103.382632
 20
-211.547077
 11
-106.894308
 21
-208.703217
  0
LINE
  8
CrimpValley
 62
5
 10
-111.192928
 20
-210.096515
 11
-106.894308
 21
-208.703217
  0
LINE
  8
CrimpValley
 62
5
 10
-103.382632
 20
-211.547077
 11
-107.529263
 21
-212.122020
  0
LINE
  8
CrimpMountain
 62
1
 10
-111.192928
 20
-210.096515
 11
-107.529263
 21
-212.122020
  0
LINE
  8
CrimpMountain
 62
1
 10
-111.192928
 20
-210.096515
 11
-107.303938
 21
-195.336371
  0
LINE
  8
CrimpValley
 62
5
 10
-105.632908
 20
-180.164234
 11
-107.303938
 21
-195.336371
  0
LINE
  8
CrimpValley
 62
5
 10
-111.192928
 20
-210.096515
 11
-110.024756
 21
-194.830970
  0
LINE
  8
CrimpMountain
 62
1
 10
-105.632908
 20
-180.164234
 11
-110.024756
 21
-194.830970
  0
LINE
  8
CrimpMountain
 62
1
 10
-143.434293
 20
-174.435462
 11
-141.446191
 21
-175.746171
  0
LINE
  8
CrimpValley
 62
5
 10
-139.137226
 20
-175.163768
 11
-141.446191
 21
-175.746171
  0
LINE
  8
CrimpValley
 62
5
 10
-143.434293
 20
-174.435462
 11
-141.043891
 21
-173.372572
  0
LINE
  8
CrimpMountain
 62
1
 10
-139.137226
 20
-175.163768
 11
-141.043891
 21
-173.372572
  0
LINE
  8
CrimpMountain
 62
1
 10
-124.897915
 20
-116.029069
 11
-129.439091
 21
-128.952174
  0
LINE
  8
CrimpValley
 62
5
 10
-127.996733
 20
-142.573794
 11
-129.439091
 21
-128.952174
  0
LINE
  8
CrimpValley
 62
5
 10
-124.897915
 20
-116.029069
 11
-125.899473
 21
-129.365387
  0
LINE
  8
CrimpMountain
 62
1
 10
-127.996733
 20
-142.573794
 11
-125.899473
 21
-129.365387
  0
LINE
  8
CrimpMountain
 62
1
 10
-89.930712
 20
-147.855210
 11
-97.877670
 21
-143.024602
  0
LINE
  8
CrimpValley
 62
5
 10
-106.771882
 20
-145.741568
 11
-97.877670
 21
-143.024602
  0
LINE
  8
CrimpValley
 62
5
 10
-89.930712
 20
-147.855210
 11
-98.551279
 21
-148.391810
  0
LINE
  8
CrimpMountain
 62
1
 10
-106.771882
 20
-145.741568
 11
-98.551279
 21
-148.391810
  0
LINE
  8
CrimpMountain
 62
1
 10
-106.771882
 20
-145.741568
 11
-101.036937
 21
-132.267827
  0
LINE
  8
CrimpValley
 62
5
 10
-103.514131
 20
-117.835405
 11
-101.036937
 21
-132.267827
  0
LINE
  8
CrimpValley
 62
5
 10
-106.771882
 20
-145.741568
 11
-104.827216
 21
-131.825352
  0
LINE
  8
CrimpMountain
 62
1
 10
-103.514131
 20
-117.835405
 11
-104.827216
 21
-131.825352
  0
LINE
  8
CrimpMountain
 62
1
 10
-139.501473
 20
-114.655379
 11
-132.357451
 21
-117.019327
  0
LINE
  8
CrimpValley
 62
5
 10
-124.897915
 20
-116.029069
 11
-132.357451
 21
-117.019327
  0
LINE
  8
CrimpValley
 62
5
 10
-139.501473
 20
-114.655379
 11
-131.717427
 21
-110.215299
  0
LINE
  8
CrimpMountain
 62
1
 10
-124.897915
 20
-116.029069
 11
-131.717427
 21
-110.215299
  0
LINE
  8
CrimpMountain
 62
1
 10
-113.905458
 20
-47.656817
 11
-121.540839
 21
-64.855127
  0
LINE
  8
CrimpValley
 62
5
 10
-115.860660
 20
-82.794370
 11
-121.540839
 21
-64.855127
  0
LINE
  8
CrimpValley
 62
5
 10
-113.905458
 20
-47.656817
 11
-116.728973
 21
-65.122879
  0
LINE
  8
CrimpMountain
 62
1
 10
-115.860660
 20
-82.794370
 11
-116.728973
 21
-65.122879
  0
LINE
  8
CrimpMountain
 62
1
 10
-79.425950
 20
-85.519680
 11
-92.760836
 21
-79.283849
  0
LINE
  8
CrimpValley
 62
5
 10
-106.848289
 20
-83.555665
 11
-92.760836
 21
-79.283849
  0
LINE
  8
CrimpValley
 62
5
 10
-79.425950
 20
-85.519680
 11
-93.324751
 21
-87.157457
  0
LINE
  8
CrimpMountain
 62
1
 10
-106.848289
 20
-83.555665
 11
-93.324751
 21
-87.157457
  0
LINE
  8
CrimpMountain
 62
1
 10
-106.848289
 20
-83.555665
 11
-98.021496
 21
-66.163842
  0
LINE
  8
CrimpValley
 62
5
 10
-104.864263
 20
-47.900099
 11
-98.021496
 21
-66.163842
  0
LINE
  8
CrimpValley
 62
5
 10
-106.848289
 20
-83.555665
 11
-102.941648
 21
-65.890064
  0
LINE
  8
CrimpMountain
 62
1
 10
-104.864263
 20
-47.900099
 11
-102.941648
 21
-65.890064
  0
LINE
  8
CrimpMountain
 62
1
 10
-139.936382
 20
-46.903839
 11
-127.001852
 21
-50.078200
  0
LINE
  8
CrimpValley
 62
5
 10
-113.905458
 20
-47.656817
 11
-127.001852
 21
-50.078200
  0
LINE
  8
CrimpValley
 62
5
 10
-139.936382
 20
-46.903839
 11
-126.714823
 21
-40.155442
  0
LINE
  8
CrimpMountain
 62
1
 10
-113.905458
 20
-47.656817
 11
-126.714823
 21
-40.155442
  0
LINE
  8
CrimpMountain
 62
1
 10
-110.409430
 20
13.413590
 11
-117.870391
 21
0.010787
  0
LINE
  8
CrimpValley
 62
5
 10
-110.411222
 20
-13.393014
 11
-117.870391
 21
0.010787
  0
LINE
  8
CrimpValley
 62
5
 10
-110.409430
 20
13.413590
 11
-112.704399
 21
0.010442
  0
LINE
  8
CrimpMountain
 62
1
 10
-110.411222
 20
-13.393014
 11
-112.704399
 21
0.010442
  0
LINE
  8
CrimpMountain
 62
1
 10
-74.755049
 20
-14.229579
 11
-90.559496
 21
-10.676050
  0
LINE
  8
CrimpValley
 62
5
 10
-106.510826
 20
-13.497966
 11
-90.559496
 21
-10.676050
  0
LINE
  8
CrimpValley
 62
5
 10
-74.755049
 20
-14.229579
 11
-90.754909
 21
-19.157958
  0
LINE
  8
CrimpMountain
 62
1
 10
-106.510826
 20
-13.497966
 11
-90.754909
 21
-19.157958
  0
LINE
  8
CrimpMountain
 62
1
 10
-70.853958
 20
-14.304363
 11
-62.389206
 21
0.003793
  0
LINE
  8
CrimpValley
 62
5
 10
-70.848679
 20
14.315071
 11
-62.389206
 21
0.003793
  0
LINE
  8
CrimpValley
 62
5
 10
-70.853958
 20
-14.304363
 11
-67.721443
 21
0.004777
  0
LINE
  8
CrimpMountain
 62
1
 10
-70.848679
 20
14.315071
 11
-67.721443
 21
0.004777
  0
LINE
  8
CrimpMountain
 62
1
 10
-106.509020
 20
13.518022
 11
-90.556805
 21
10.693749
  0
LINE
  8
CrimpValley
 62
5
 10
-74.749797
 20
14.241727
 11
-90.556805
 21
10.693749
  0
LINE
  8
CrimpValley
 62
5
 10
-106.509020
 20
13.518022
 11
-90.750109
 21
19.176711
  0
LINE
  8
CrimpMountain
 62
1
 10
-74.749797
 20
14.241727
 11
-90.750109
 21
19.176711
  0
LINE
  8
CrimpMountain
 62
1
 10
-79.385711
 20
85.536646
 11
-85.765475
 21
66.762735
  0
LINE
  8
CrimpValley
 62
5
 10
-77.966280
 20
48.532713
 11
-85.765475
 21
66.762735
  0
LINE
  8
CrimpValley
 62
5
 10
-79.385711
 20
85.536646
 11
-80.791173
 21
66.953544
  0
LINE
  8
CrimpMountain
 62
1
 10
-77.966280
 20
48.532713
 11
-80.791173
 21
66.953544
  0
LINE
  8
CrimpMountain
 62
1
 10
-41.414152
 20
49.094915
 11
-55.213306
 21
52.021871
  0
LINE
  8
CrimpValley
 62
5
 10
-68.923412
 20
48.702727
 11
-55.213306
 21
52.021871
  0
LINE
  8
CrimpValley
 62
5
 10
-41.414152
 20
49.094915
 11
-55.062080
 21
41.414403
  0
LINE
  8
CrimpMountain
 62
1
 10
-68.923412
 20
48.702727
 11
-55.062080
 21
41.414403
  0
LINE
  8
CrimpMountain
 62
1
 10
-68.923412
 20
48.702727
 11
-61.710549
 21
67.685456
  0
LINE
  8
CrimpValley
 62
5
 10
-70.356391
 20
86.059863
 11
-61.710549
 21
67.685456
  0
LINE
  8
CrimpValley
 62
5
 10
-68.923412
 20
48.702727
 11
-66.761283
 21
67.491716
  0
LINE
  8
CrimpMountain
 62
1
 10
-70.356391
 20
86.059863
 11
-66.761283
 21
67.491716
  0
LINE
  8
CrimpMountain
 62
1
 10
-106.803042
 20
83.614333
 11
-92.725448
 21
79.313587
  0
LINE
  8
CrimpValley
 62
5
 10
-79.385711
 20
85.536646
 11
-92.725448
 21
79.313587
  0
LINE
  8
CrimpValley
 62
5
 10
-106.803042
 20
83.614333
 11
-93.277370
 21
87.185469
  0
LINE
  8
CrimpMountain
 62
1
 10
-79.385711
 20
85.536646
 11
-93.277370
 21
87.185469
  0
LINE
  8
CrimpMountain
 62
1
 10
-89.834956
 20
147.841913
 11
-92.098745
 21
133.149112
  0
LINE
  8
CrimpValley
 62
5
 10
-87.542843
 20
118.998250
 11
-92.098745
 21
133.149112
  0
LINE
  8
CrimpValley
 62
5
 10
-89.834956
 20
147.841913
 11
-88.245559
 21
133.455312
  0
LINE
  8
CrimpMountain
 62
1
 10
-87.542843
 20
118.998250
 11
-88.245559
 21
133.455312
  0
LINE
  8
CrimpMountain
 62
1
 10
-49.388353
 20
120.974432
 11
-57.839709
 21
122.567959
  0
LINE
  8
CrimpValley
 62
5
 10
-66.118836
 20
120.239695
 11
-57.839709
 21
122.567959
  0
LINE
  8
CrimpValley
 62
5
 10
-49.388353
 20
120.974432
 11
-57.498095
 21
114.789165
  0
LINE
  8
CrimpMountain
 62
1
 10
-66.118836
 20
120.239695
 11
-57.498095
 21
114.789165
  0
LINE
  8
CrimpMountain
 62
1
 10
-66.118836
 20
120.239695
 11
-63.101974
 21
135.453392
  0
LINE
  8
CrimpValley
 62
5
 10
-68.483765
 20
149.999675
 11
-63.101974
 21
135.453392
  0
LINE
  8
CrimpValley
 62
5
 10
-66.118836
 20
120.239695
 11
-67.121161
 21
135.134000
  0
LINE
  8
CrimpMountain
 62
1
 10
-68.483765
 20
149.999675
 11
-67.121161
 21
135.134000
  0
LINE
  8
CrimpMountain
 62
1
 10
-106.565784
 20
145.782349
 11
-97.736133
 21
143.040914
  0
LINE
  8
CrimpValley
 62
5
 10
-89.834956
 20
147.841913
 11
-97.736133
 21
143.040914
  0
LINE
  8
CrimpValley
 62
5
 10
-106.565784
 20
145.782349
 11
-98.393595
 21
148.381793
  0
LINE
  8
CrimpMountain
 62
1
 10
-89.834956
 20
147.841913
 11
-98.393595
 21
148.381793
  0
LINE
  8
CrimpMountain
 62
1
 10
-103.238594
 20
211.380691
 11
-101.490876
 21
196.131671
  0
LINE
  8
CrimpValley
 62
5
 10
-99.417553
 20
180.923500
 11
-101.490876
 21
196.131671
  0
LINE
  8
CrimpValley
 62
5
 10
-103.238594
 20
211.380691
 11
-98.762928
 21
196.473908
  0
LINE
  8
CrimpMountain
 62
1
 10
-99.417553
 20
180.923500
 11
-98.762928
 21
196.473908
  0
LINE
  8
CrimpMountain
 62
1
 10
-58.586476
 20
184.874388
 11
-62.261165
 21
186.054529
  0
LINE
  8
CrimpValley
 62
5
 10
-65.713807
 20
184.329615
 11
-62.261165
 21
186.054529
  0
LINE
  8
CrimpValley
 62
5
 10
-58.586476
 20
184.874388
 11
-61.971061
 21
182.259066
  0
LINE
  8
CrimpMountain
 62
1
 10
-65.713807
 20
184.329615
 11
-61.971061
 21
182.259066
  0
LINE
  8
CrimpMountain
 62
1
 10
-65.713807
 20
184.329615
 11
-66.561539
 21
200.513770
  0
LINE
  8
CrimpValley
 62
5
 10
-69.737958
 20
216.405776
 11
-66.561539
 21
200.513770
  0
LINE
  8
CrimpValley
 62
5
 10
-65.713807
 20
184.329615
 11
-69.638674
 21
200.127724
  0
LINE
  8
CrimpMountain
 62
1
 10
-69.737958
 20
216.405776
 11
-69.638674
 21
200.127724
  0
LINE
  8
CrimpMountain
 62
1
 10
-110.725965
 20
209.997387
 11
-106.602190
 21
208.631741
  0
LINE
  8
CrimpValley
 62
5
 10
-103.238594
 20
211.380691
 11
-106.602190
 21
208.631741
  0
LINE
  8
CrimpValley
 62
5
 10
-110.725965
 20
209.997387
 11
-107.211236
 21
211.928308
  0
LINE
  8
CrimpMountain
 62
1
 10
-103.238594
 20
211.380691
 11
-107.211236
 21
211.928308
  0
LINE
  8
CrimpMountain
 62
1
 10
-118.824395
 20
289.790943
 11
-113.606645
 21
267.598323
  0
LINE
  8
CrimpValley
 62
5
 10
-110.876278
 20
244.964667
 11
-113.606645
 21
267.598323
  0
LINE
  8
CrimpValley
 62
5
 10
-118.824395
 20
289.790943
 11
-109.768959
 21
268.278781
  0
LINE
  8
CrimpMountain
 62
1
 10
-110.876278
 20
244.964667
 11
-109.768959
 21
268.278781
  0
LINE
  8
CrimpMountain
 62
1
 10
-65.855546
 20
251.480053
 11
-69.272802
 21
252.886166
  0
LINE
  8
CrimpValley
 62
5
 10
-72.289880
 20
250.752615
 11
-69.272802
 21
252.886166
  0
LINE
  8
CrimpValley
 62
5
 10
-65.855546
 20
251.480053
 11
-68.905413
 21
249.636533
  0
LINE
  8
CrimpMountain
 62
1
 10
-72.289880
 20
250.752615
 11
-68.905413
 21
249.636533
  0
LINE
  8
CrimpMountain
 62
1
 10
-80.627206
 20
-297.981609
 11
-76.176251
 21
-274.497228
  0
LINE
  8
CrimpValley
 62
5
 10
-72.402790
 20
-250.894513
 11
-76.176251
 21
-274.497228
  0
LINE
  8
CrimpValley
 62
5
 10
-80.627206
 20
-297.981609
 11
-80.593470
 21
-273.725699
  0
LINE
  8
CrimpMountain
 62
1
 10
-72.402790
 20
-250.894513
 11
-80.593470
 21
-273.725699
  0
LINE
  8
CrimpMountain
 62
1
 10
-116.150308
 20
-244.179386
 11
-113.841512
 21
-246.109207
  0
LINE
  8
CrimpValley
 62
5
 10
-110.993754
 20
-245.137084
 11
-113.841512
 21
-246.109207
  0
LINE
  8
CrimpValley
 62
5
 10
-116.150308
 20
-244.179386
 11
-113.351322
 21
-243.469870
  0
LINE
  8
CrimpMountain
 62
1
 10
-110.993754
 20
-245.137084
 11
-113.351322
 21
-243.469870
  0
LINE
  8
CrimpMountain
 62
1
 10
-99.540772
 20
-180.928824
 11
-101.694171
 21
-196.208781
  0
LINE
  8
CrimpValley
 62
5
 10
-103.382632
 20
-211.547077
 11
-101.694171
 21
-196.208781
  0
LINE
  8
CrimpValley
 62
5
 10
-99.540772
 20
-180.928824
 11
-98.895751
 21
-196.559916
  0
LINE
  8
CrimpMountain
 62
1
 10
-103.382632
 20
-211.547077
 11
-98.895751
 21
-196.559916
  0
LINE
  8
CrimpMountain
 62
1
 10
-60.613592
 20
-217.578448
 11
-64.974688
 21
-214.629959
  0
LINE
  8
CrimpValley
 62
5
 10
-69.878035
 20
-216.545665
 11
-64.974688
 21
-214.629959
  0
LINE
  8
CrimpValley
 62
5
 10
-60.613592
 20
-217.578448
 11
-65.418634
 21
-218.612319
  0
LINE
  8
CrimpMountain
 62
1
 10
-69.878035
 20
-216.545665
 11
-65.418634
 21
-218.612319
  0
LINE
  8
CrimpMountain
 62
1
 10
-69.878035
 20
-216.545665
 11
-66.669497
 21
-200.603542
  0
LINE
  8
CrimpValley
 62
5
 10
-65.839869
 20
-184.362922
 11
-66.669497
 21
-200.603542
  0
LINE
  8
CrimpValley
 62
5
 10
-69.878035
 20
-216.545665
 11
-69.791329
 21
-200.211827
  0
LINE
  8
CrimpMountain
 62
1
 10
-65.839869
 20
-184.362922
 11
-69.791329
 21
-200.211827
  0
LINE
  8
CrimpMountain
 62
1
 10
-105.632908
 20
-180.164234
 11
-102.746597
 21
-181.819450
  0
LINE
  8
CrimpValley
 62
5
 10
-99.540772
 20
-180.928824
 11
-102.746597
 21
-181.819450
  0
LINE
  8
CrimpValley
 62
5
 10
-105.632908
 20
-180.164234
 11
-102.334881
 21
-178.538957
  0
LINE
  8
CrimpMountain
 62
1
 10
-99.540772
 20
-180.928824
 11
-102.334881
 21
-178.538957
  0
LINE
  8
CrimpMountain
 62
1
 10
-87.611316
 20
-118.974380
 11
-92.195508
 21
-133.139777
  0
LINE
  8
CrimpValley
 62
5
 10
-89.930712
 20
-147.855210
 11
-92.195508
 21
-133.139777
  0
LINE
  8
CrimpValley
 62
5
 10
-87.611316
 20
-118.974380
 11
-88.327200
 21
-133.450438
  0
LINE
  8
CrimpMountain
 62
1
 10
-89.930712
 20
-147.855210
 11
-88.327200
 21
-133.450438
  0
LINE
  8
CrimpMountain
 62
1
 10
-50.633245
 20
-151.404294
 11
-59.301030
 21
-146.715844
  0
LINE
  8
CrimpValley
 62
5
 10
-68.581320
 20
-150.030700
 11
-59.301030
 21
-146.715844
  0
LINE
  8
CrimpValley
 62
5
 10
-50.633245
 20
-151.404294
 11
-59.738570
 21
-152.432974
  0
LINE
  8
CrimpMountain
 62
1
 10
-68.581320
 20
-150.030700
 11
-59.738570
 21
-152.432974
  0
LINE
  8
CrimpMountain
 62
1
 10
-68.581320
 20
-150.030700
 11
-63.170365
 21
-135.470763
  0
LINE
  8
CrimpValley
 62
5
 10
-66.188363
 20
-120.233903
 11
-63.170365
 21
-135.470763
  0
LINE
  8
CrimpValley
 62
5
 10
-68.581320
 20
-150.030700
 11
-67.204579
 21
-135.146779
  0
LINE
  8
CrimpMountain
 62
1
 10
-66.188363
 20
-120.233903
 11
-67.204579
 21
-135.146779
  0
LINE
  8
CrimpMountain
 62
1
 10
-103.514131
 20
-117.835405
 11
-95.695114
 21
-120.253388
  0
LINE
  8
CrimpValley
 62
5
 10
-87.611316
 20
-118.974380
 11
-95.695114
 21
-120.253388
  0
LINE
  8
CrimpValley
 62
5
 10
-103.514131
 20
-117.835405
 11
-95.165621
 21
-112.860399
  0
LINE
  8
CrimpMountain
 62
1
 10
-87.611316
 20
-118.974380
 11
-95.165621
 21
-112.860399
  0
LINE
  8
CrimpMountain
 62
1
 10
-77.984187
 20
-48.519382
 11
-85.787081
 21
-66.743571
  0
LINE
  8
CrimpValley
 62
5
 10
-79.425950
 20
-85.519680
 11
-85.787081
 21
-66.743571
  0
LINE
  8
CrimpValley
 62
5
 10
-77.984187
 20
-48.519382
 11
-80.815588
 21
-66.937292
  0
LINE
  8
CrimpMountain
 62
1
 10
-79.425950
 20
-85.519680
 11
-80.815588
 21
-66.937292
  0
LINE
  8
CrimpMountain
 62
1
 10
-42.180140
 20
-87.301895
 11
-56.047606
 21
-81.241984
  0
LINE
  8
CrimpValley
 62
5
 10
-70.397072
 20
-86.050516
 11
-56.047606
 21
-81.241984
  0
LINE
  8
CrimpValley
 62
5
 10
-42.180140
 20
-87.301895
 11
-56.409215
 21
-89.395785
  0
LINE
  8
CrimpMountain
 62
1
 10
-70.397072
 20
-86.050516
 11
-56.409215
 21
-89.395785
  0
LINE
  8
CrimpMountain
 62
1
 10
-70.397072
 20
-86.050516
 11
-61.732597
 21
-67.680885
  0
LINE
  8
CrimpValley
 62
5
 10
-68.941379
 20
-48.692732
 11
-61.732597
 21
-67.680885
  0
LINE
  8
CrimpValley
 62
5
 10
-70.397072
 20
-86.050516
 11
-66.786016
 21
-67.483972
  0
LINE
  8
CrimpMountain
 62
1
 10
-68.941379
 20
-48.692732
 11
-66.786016
 21
-67.483972
  0
LINE
  8
CrimpMountain
 62
1
 10
-104.864263
 20
-47.900099
 11
-91.493185
 21
-51.202985
  0
LINE
  8
CrimpValley
 62
5
 10
-77.984187
 20
-48.519382
 11
-91.493185
 21
-51.202985
  0
LINE
  8
CrimpValley
 62
5
 10
-104.864263
 20
-47.900099
 11
-91.255466
 21
-40.884724
  0
LINE
  8
CrimpMountain
 62
1
 10
-77.984187
 20
-48.519382
 11
-91.255466
 21
-40.884724
  0
LINE
  8
CrimpMountain
 62
1
 10
-74.749797
 20
14.241727
 11
-82.596181
 21
0.007521
  0
LINE
  8
CrimpValley
 62
5
 10
-74.755049
 20
-14.229579
 11
-82.596181
 21
0.007521
  0
LINE
  8
CrimpValley
 62
5
 10
-74.749797
 20
14.241727
 11
-77.304164
 21
0.006545
  0
LINE
  8
CrimpMountain
 62
1
 10
-74.755049
 20
-14.229579
 11
-77.304164
 21
0.006545
  0
LINE
  8
CrimpMountain
 62
1
 10
-38.511278
 20
-14.773519
 11
-54.633877
 21
-11.178788
  0
LINE
  8
CrimpValley
 62
5
 10
-70.853958
 20
-14.304363
 11
-54.633877
 21
-11.178788
  0
LINE
  8
CrimpValley
 62
5
 10
-38.511278
 20
-14.773519
 11
-54.761042
 21
-19.945276
  0
LINE
  8
CrimpMountain
 62
1
 10
-70.853958
 20
-14.304363
 11
-54.761042
 21
-19.945276
  0
LINE
  8
CrimpMountain
 62
1
 10
-34.609665
 20
-14.811921
 11
-26.103963
 21
0.000497
  0
LINE
  8
CrimpValley
 62
5
 10
-34.607748
 20
14.814016
 11
-26.103963
 21
0.000497
  0
LINE
  8
CrimpValley
 62
5
 10
-34.609665
 20
-14.811921
 11
-31.511363
 21
0.000847
  0
LINE
  8
CrimpMountain
 62
1
 10
-34.607748
 20
14.814016
 11
-31.511363
 21
0.000847
  0
LINE
  8
CrimpMountain
 62
1
 10
-70.848679
 20
14.315071
 11
-54.631094
 21
11.183771
  0
LINE
  8
CrimpValley
 62
5
 10
-38.509366
 20
14.776119
 11
-54.631094
 21
11.183771
  0
LINE
  8
CrimpValley
 62
5
 10
-70.848679
 20
14.315071
 11
-54.756059
 21
19.949214
  0
LINE
  8
CrimpMountain
 62
1
 10
-38.509366
 20
14.776119
 11
-54.756059
 21
19.949214
  0
LINE
  8
CrimpMountain
 62
1
 10
-42.170802
 20
87.297663
 11
-49.241404
 21
68.048754
  0
LINE
  8
CrimpValley
 62
5
 10
-41.414152
 20
49.094915
 11
-49.241404
 21
68.048754
  0
LINE
  8
CrimpValley
 62
5
 10
-42.170802
 20
87.297663
 11
-44.159261
 21
68.149412
  0
LINE
  8
CrimpMountain
 62
1
 10
-41.414152
 20
49.094915
 11
-44.159261
 21
68.149412
  0
LINE
  8
CrimpMountain
 62
1
 10
-4.522260
 20
49.318002
 11
-18.461685
 21
52.440230
  0
LINE
  8
CrimpValley
 62
5
 10
-32.370126
 20
49.182760
 11
-18.461685
 21
52.440230
  0
LINE
  8
CrimpValley
 62
5
 10
-4.522260
 20
49.318002
 11
-18.409425
 21
41.679493
  0
LINE
  8
CrimpMountain
 62
1
 10
-32.370126
 20
49.182760
 11
-18.409425
 21
41.679493
  0
LINE
  8
CrimpMountain
 62
1
 10
-32.370126
 20
49.182760
 11
-24.852340
 21
68.531808
  0
LINE
  8
CrimpValley
 62
5
 10
-33.130391
 20
87.568001
 11
-24.852340
 21
68.531808
  0
LINE
  8
CrimpValley
 62
5
 10
-32.370126
 20
49.182760
 11
-29.977843
 21
68.430291
  0
LINE
  8
CrimpMountain
 62
1
 10
-33.130391
 20
87.568001
 11
-29.977843
 21
68.430291
  0
LINE
  8
CrimpMountain
 62
1
 10
-70.356391
 20
86.059863
 11
-56.024858
 21
81.242507
  0
LINE
  8
CrimpValley
 62
5
 10
-42.170802
 20
87.297663
 11
-56.024858
 21
81.242507
  0
LINE
  8
CrimpValley
 62
5
 10
-70.356391
 20
86.059863
 11
-56.382633
 21
89.389296
  0
LINE
  8
CrimpMountain
 62
1
 10
-42.170802
 20
87.297663
 11
-56.382633
 21
89.389296
  0
LINE
  8
CrimpMountain
 62
1
 10
-50.631201
 20
151.364225
 11
-53.771111
 21
136.015502
  0
LINE
  8
CrimpValley
 62
5
 10
-49.388353
 20
120.974432
 11
-53.771111
 21
136.015502
  0
LINE
  8
CrimpValley
 62
5
 10
-50.631201
 20
151.364225
 11
-49.701391
 21
136.181940
  0
LINE
  8
CrimpMountain
 62
1
 10
-49.388353
 20
120.974432
 11
-49.701391
 21
136.181940
  0
LINE
  8
CrimpMountain
 62
1
 10
-10.736888
 20
121.874112
 11
-19.367829
 21
123.767866
  0
LINE
  8
CrimpValley
 62
5
 10
-27.938031
 20
121.615867
 11
-19.367829
 21
123.767866
  0
LINE
  8
CrimpValley
 62
5
 10
-10.736888
 20
121.874112
 11
-19.247827
 21
115.774758
  0
LINE
  8
CrimpMountain
 62
1
 10
-27.938031
 20
121.615867
 11
-19.247827
 21
115.774758
  0
LINE
  8
CrimpMountain
 62
1
 10
-27.938031
 20
121.615867
 11
-24.385565
 21
137.217279
  0
LINE
  8
CrimpValley
 62
5
 10
-29.200135
 20
152.476505
 11
-24.385565
 21
137.217279
  0
LINE
  8
CrimpValley
 62
5
 10
-27.938031
 20
121.615867
 11
-28.543363
 21
137.047238
  0
LINE
  8
CrimpMountain
 62
1
 10
-29.200135
 20
152.476505
 11
-28.543363
 21
137.047238
  0
LINE
  8
CrimpMountain
 62
1
 10
-68.483765
 20
149.999675
 11
-59.252134
 21
146.687036
  0
LINE
  8
CrimpValley
 62
5
 10
-50.631201
 20
151.364225
 11
-59.252134
 21
146.687036
  0
LINE
  8
CrimpValley
 62
5
 10
-68.483765
 20
149.999675
 11
-59.687388
 21
152.381510
  0
LINE
  8
CrimpMountain
 62
1
 10
-50.631201
 20
151.364225
 11
-59.687388
 21
152.381510
  0
LINE
  8
CrimpMountain
 62
1
 10
-60.674863
 20
217.430410
 11
-60.219867
 21
201.114604
  0
LINE
  8
CrimpValley
 62
5
 10
-58.586476
 20
184.874388
 11
-60.219867
 21
201.114604
  0
LINE
  8
CrimpValley
 62
5
 10
-60.674863
 20
217.430410
 11
-57.087237
 21
201.315554
  0
LINE
  8
CrimpMountain
 62
1
 10
-58.586476
 20
184.874388
 11
-57.087237
 21
201.315554
  0
LINE
  8
CrimpMountain
 62
1
 10
-16.973176
 20
186.834109
 11
-20.905862
 21
188.295163
  0
LINE
  8
CrimpValley
 62
5
 10
-24.756640
 20
186.630171
 11
-20.905862
 21
188.295163
  0
LINE
  8
CrimpValley
 62
5
 10
-16.973176
 20
186.834109
 11
-20.798047
 21
184.180346
  0
LINE
  8
CrimpMountain
 62
1
 10
-24.756640
 20
186.630171
 11
-20.798047
 21
184.180346
  0
LINE
  8
CrimpMountain
 62
1
 10
-24.756640
 20
186.630171
 11
-24.708269
 21
203.392584
  0
LINE
  8
CrimpValley
 62
5
 10
-26.897964
 20
220.011431
 11
-24.708269
 21
203.392584
  0
LINE
  8
CrimpValley
 62
5
 10
-24.756640
 20
186.630171
 11
-28.019316
 21
203.180188
  0
LINE
  8
CrimpMountain
 62
1
 10
-26.897964
 20
220.011431
 11
-28.019316
 21
203.180188
  0
LINE
  8
CrimpMountain
 62
1
 10
-69.737958
 20
216.405776
 11
-64.935533
 21
214.522120
  0
LINE
  8
CrimpValley
 62
5
 10
-60.674863
 20
217.430410
 11
-64.935533
 21
214.522120
  0
LINE
  8
CrimpValley
 62
5
 10
-69.737958
 20
216.405776
 11
-65.377431
 21
218.430800
  0
LINE
  8
CrimpMountain
 62
1
 10
-60.674863
 20
217.430410
 11
-65.377431
 21
218.430800
  0
LINE
  8
CrimpMountain
 62
1
 10
-70.145425
 20
299.229158
 11
-67.368861
 21
275.411352
  0
LINE
  8
CrimpValley
 62
5
 10
-65.855546
 20
251.480053
 11
-67.368861
 21
275.411352
  0
LINE
  8
CrimpValley
 62
5
 10
-70.145425
 20
299.229158
 11
-62.919658
 21
275.811077
  0
LINE
  8
CrimpMountain
 62
1
 10
-65.855546
 20
251.480053
 11
-62.919658
 21
275.811077
  0
LINE
  8
CrimpMountain
 62
1
 10
-19.624135
 20
254.737496
 11
-23.364680
 21
256.581125
  0
LINE
  8
CrimpValley
 62
5
 10
-26.950946
 20
254.452901
 11
-23.364680
 21
256.581125
  0
LINE
  8
CrimpValley
 62
5
 10
-19.624135
 20
254.737496
 11
-23.222282
 21
252.915154
  0
LINE
  8
CrimpMountain
 62
1
 10
-26.950946
 20
254.452901
 11
-23.222282
 21
252.915154
  0
LINE
  8
CrimpMountain
 62
1
 10
-31.011748
 20
-303.398055
 11
-28.737520
 21
-278.974904
  0
LINE
  8
CrimpValley
 62
5
 10
-26.803704
 20
-254.522444
 11
-28.737520
 21
-278.974904
  0
LINE
  8
CrimpValley
 62
5
 10
-31.011748
 20
-303.398055
 11
-33.465968
 21
-278.567799
  0
LINE
  8
CrimpMountain
 62
1
 10
-26.803704
 20
-254.522444
 11
-33.465968
 21
-278.567799
  0
LINE
  8
CrimpMountain
 62
1
 10
-72.402790
 20
-250.894513
 11
-69.263088
 21
-253.098470
  0
LINE
  8
CrimpValley
 62
5
 10
-65.715109
 20
-251.640044
 11
-69.263088
 21
-253.098470
  0
LINE
  8
CrimpValley
 62
5
 10
-72.402790
 20
-250.894513
 11
-68.887835
 21
-249.732316
  0
LINE
  8
CrimpMountain
 62
1
 10
-65.715109
 20
-251.640044
 11
-68.887835
 21
-249.732316
  0
LINE
  8
CrimpMountain
 62
1
 10
-58.567163
 20
-184.919514
 11
-60.229961
 21
-201.208904
  0
LINE
  8
CrimpValley
 62
5
 10
-60.613592
 20
-217.578448
 11
-60.229961
 21
-201.208904
  0
LINE
  8
CrimpValley
 62
5
 10
-58.567163
 20
-184.919514
 11
-57.053017
 21
-201.407974
  0
LINE
  8
CrimpMountain
 62
1
 10
-60.613592
 20
-217.578448
 11
-57.053017
 21
-201.407974
  0
LINE
  8
CrimpMountain
 62
1
 10
-16.870082
 20
-220.442475
 11
-21.756790
 21
-217.681677
  0
LINE
  8
CrimpValley
 62
5
 10
-26.830787
 20
-220.080943
 11
-21.756790
 21
-217.681677
  0
LINE
  8
CrimpValley
 62
5
 10
-16.870082
 20
-220.442475
 11
-21.911048
 21
-221.931705
  0
LINE
  8
CrimpMountain
 62
1
 10
-26.830787
 20
-220.080943
 11
-21.911048
 21
-221.931705
  0
LINE
  8
CrimpMountain
 62
1
 10
-26.830787
 20
-220.080943
 11
-24.665531
 21
-203.437393
  0
LINE
  8
CrimpValley
 62
5
 10
-24.736218
 20
-186.653738
 11
-24.665531
 21
-203.437393
  0
LINE
  8
CrimpValley
 62
5
 10
-26.830787
 20
-220.080943
 11
-27.992879
 21
-203.228900
  0
LINE
  8
CrimpMountain
 62
1
 10
-24.736218
 20
-186.653738
 11
-27.992879
 21
-203.228900
  0
LINE
  8
CrimpMountain
 62
1
 10
-65.839869
 20
-184.362922
 11
-62.316497
 21
-186.117482
  0
LINE
  8
CrimpValley
 62
5
 10
-58.567163
 20
-184.919514
 11
-62.316497
 21
-186.117482
  0
LINE
  8
CrimpValley
 62
5
 10
-65.839869
 20
-184.362922
 11
-62.020843
 21
-182.254314
  0
LINE
  8
CrimpMountain
 62
1
 10
-58.567163
 20
-184.919514
 11
-62.020843
 21
-182.254314
  0
LINE
  8
CrimpMountain
 62
1
 10
-49.398341
 20
-120.978516
 11
-53.796985
 21
-136.037936
  0
LINE
  8
CrimpValley
 62
5
 10
-50.633245
 20
-151.404294
 11
-53.796985
 21
-136.037936
  0
LINE
  8
CrimpValley
 62
5
 10
-49.398341
 20
-120.978516
 11
-49.712038
 21
-136.203734
  0
LINE
  8
CrimpMountain
 62
1
 10
-50.633245
 20
-151.404294
 11
-49.712038
 21
-136.203734
  0
LINE
  8
CrimpMountain
 62
1
 10
-10.712751
 20
-152.971521
 11
-19.852763
 21
-148.620089
  0
LINE
  8
CrimpValley
 62
5
 10
-29.201476
 20
-152.502917
 11
-19.852763
 21
-148.620089
  0
LINE
  8
CrimpValley
 62
5
 10
-10.712751
 20
-152.971521
 11
-20.002075
 21
-154.511183
  0
LINE
  8
CrimpMountain
 62
1
 10
-29.201476
 20
-152.502917
 11
-20.002075
 21
-154.511183
  0
LINE
  8
CrimpMountain
 62
1
 10
-29.201476
 20
-152.502917
 11
-24.389821
 21
-137.231497
  0
LINE
  8
CrimpValley
 62
5
 10
-27.948033
 20
-121.620366
 11
-24.389821
 21
-137.231497
  0
LINE
  8
CrimpValley
 62
5
 10
-29.201476
 20
-152.502917
 11
-28.554084
 21
-137.062480
  0
LINE
  8
CrimpMountain
 62
1
 10
-27.948033
 20
-121.620366
 11
-28.554084
 21
-137.062480
  0
LINE
  8
CrimpMountain
 62
1
 10
-66.188363
 20
-120.233903
 11
-57.880540
 21
-122.572195
  0
LINE
  8
CrimpValley
 62
5
 10
-49.398341
 20
-120.978516
 11
-57.880540
 21
-122.572195
  0
LINE
  8
CrimpValley
 62
5
 10
-66.188363
 20
-120.233903
 11
-57.534646
 21
-114.772741
  0
LINE
  8
CrimpMountain
 62
1
 10
-49.398341
 20
-120.978516
 11
-57.534646
 21
-114.772741
  0
LINE
  8
CrimpMountain
 62
1
 10
-41.420506
 20
-49.091944
 11
-49.253766
 21
-68.048741
  0
LINE
  8
CrimpValley
 62
5
 10
-42.180140
 20
-87.301895
 11
-49.253766
 21
-68.048741
  0
LINE
  8
CrimpValley
 62
5
 10
-41.420506
 20
-49.091944
 11
-44.168621
 21
-68.149837
  0
LINE
  8
CrimpMountain
 62
1
 10
-42.180140
 20
-87.301895
 11
-44.168621
 21
-68.149837
  0
LINE
  8
CrimpMountain
 62
1
 10
-4.519756
 20
-87.998657
 11
-18.747398
 21
-82.256476
  0
LINE
  8
CrimpValley
 62
5
 10
-33.139734
 20
-87.572408
 11
-18.747398
 21
-82.256476
  0
LINE
  8
CrimpValley
 62
5
 10
-4.519756
 20
-87.998657
 11
-18.870963
 21
-90.553096
  0
LINE
  8
CrimpMountain
 62
1
 10
-33.139734
 20
-87.572408
 11
-18.870963
 21
-90.553096
  0
LINE
  8
CrimpMountain
 62
1
 10
-33.139734
 20
-87.572408
 11
-24.859119
 21
-68.533720
  0
LINE
  8
CrimpValley
 62
5
 10
-32.376491
 20
-49.180960
 11
-24.859119
 21
-68.533720
  0
LINE
  8
CrimpValley
 62
5
 10
-33.139734
 20
-87.572408
 11
-29.986327
 21
-68.431789
  0
LINE
  8
CrimpMountain
 62
1
 10
-32.376491
 20
-49.180960
 11
-29.986327
 21
-68.431789
  0
LINE
  8
CrimpMountain
 62
1
 10
-68.941379
 20
-48.692732
 11
-55.226271
 21
-52.017191
  0
LINE
  8
CrimpValley
 62
5
 10
-41.420506
 20
-49.091944
 11
-55.226271
 21
-52.017191
  0
LINE
  8
CrimpValley
 62
5
 10
-68.941379
 20
-48.692732
 11
-55.072360
 21
-41.406897
  0
LINE
  8
CrimpMountain
 62
1
 10
-41.420506
 20
-49.091944
 11
-55.072360
 21
-41.406897
  0
LINE
  8
CrimpMountain
 62
1
 10
-38.509366
 20
14.776119
 11
-46.683383
 21
0.001829
  0
LINE
  8
CrimpValley
 62
5
 10
-38.511278
 20
-14.773519
 11
-46.683383
 21
0.001829
  0
LINE
  8
CrimpValley
 62
5
 10
-38.509366
 20
14.776119
 11
-41.299326
 21
0.001480
  0
LINE
  8
CrimpMountain
 62
1
 10
-38.511278
 20
-14.773519
 11
-41.299326
 21
0.001480
  0
LINE
  8
CrimpMountain
 62
1
 10
-1.950930
 20
-14.972640
 11
-18.263316
 21
-11.441588
  0
LINE
  8
CrimpValley
 62
5
 10
-34.609665
 20
-14.811921
 11
-18.263316
 21
-11.441588
  0
LINE
  8
CrimpValley
 62
5
 10
-1.950930
 20
-14.972640
 11
-18.307186
 21
-20.356137
  0
LINE
  8
CrimpMountain
 62
1
 10
-34.609665
 20
-14.811921
 11
-18.307186
 21
-20.356137
  0
LINE
  8
Mountain
 62
1
 10
-343.110526
 20
45.975443
 11
-308.936477
 21
50.436247
  0
LINE
  8
Mountain
 62
1
 10
-332.807759
 20
100.840519
 11
-308.555803
 21
103.165206
  0
LINE
  8
Mountain
 62
1
 10
-323.955846
 20
147.979391
 11
-309.708331
 21
150.461535
  0
LINE
  8
Mountain
 62
1
 10
-315.728346
 20
191.793093
 11
-311.360622
 21
195.025678
  0
LINE
  8
Mountain
 62
1
 10
-276.603727
 20
220.613237
 11
-270.964906
 21
211.230216
  0
LINE
  8
Mountain
 62
1
 10
-276.603727
 20
220.613237
 11
-270.964907
 21
211.230215
  0
LINE
  8
Mountain
 62
1
 10
-243.005730
 20
240.452223
 11
-235.229818
 21
227.236664
  0
LINE
  8
Mountain
 62
1
 10
-207.474253
 20
258.626128
 11
-198.753670
 21
242.317160
  0
LINE
  8
Mountain
 62
1
 10
-169.383432
 20
274.397258
 11
-159.855715
 21
255.738106
  0
LINE
  8
Mountain
 62
1
 10
-169.383432
 20
274.397258
 11
-159.855716
 21
255.738106
  0
LINE
  8
Mountain
 62
1
 10
-127.075647
 20
287.680553
 11
-117.372982
 21
266.930517
  0
LINE
  8
Mountain
 62
1
 10
-127.075647
 20
287.680553
 11
-117.372983
 21
266.930516
  0
LINE
  8
Mountain
 62
1
 10
-80.600297
 20
297.622213
 11
-71.774651
 21
275.015527
  0
LINE
  8
Mountain
 62
1
 10
-31.333944
 20
303.238484
 11
-24.246587
 21
279.285547
  0
LINE
  8
Mountain
 62
1
 10
-31.333944
 20
303.238484
 11
-24.246588
 21
279.285546
  0
LINE
  8
Mountain
 62
1
 10
19.294463
 20
303.956016
 11
23.996223
 21
279.383113
  0
LINE
  8
Mountain
 62
1
 10
69.843185
 20
299.587021
 11
71.735053
 21
275.272941
  0
LINE
  8
Mountain
 62
1
 10
69.843185
 20
299.587021
 11
71.735051
 21
275.272941
  0
LINE
  8
Mountain
 62
1
 10
118.884933
 20
290.316336
 11
117.764762
 21
267.233208
  0
LINE
  8
Mountain
 62
1
 10
165.040204
 20
276.703892
 11
160.924514
 21
255.860995
  0
LINE
  8
Mountain
 62
1
 10
165.040204
 20
276.703892
 11
160.924513
 21
255.860995
  0
LINE
  8
Mountain
 62
1
 10
207.038686
 20
259.691305
 11
200.796420
 21
241.850794
  0
LINE
  8
Mountain
 62
1
 10
245.037630
 20
240.021253
 11
238.624824
 21
225.397164
  0
LINE
  8
Mountain
 62
1
 10
245.037630
 20
240.021253
 11
238.624824
 21
225.397164
  0
LINE
  8
Mountain
 62
1
 10
281.050393
 20
217.484411
 11
276.160506
 21
206.392024
  0
LINE
  8
Mountain
 62
1
 10
316.248351
 20
192.209750
 11
312.146936
 21
186.685032
  0
LINE
  8
Mountain
 62
1
 10
347.274321
 20
168.549701
 11
347.274321
 21
168.549701
  0
LINE
  8
Mountain
 62
1
 10
349.077798
 20
134.155441
 11
341.607944
 21
133.763756
  0
LINE
  8
Mountain
 62
1
 10
349.077798
 20
134.155441
 11
341.744064
 21
134.710866
  0
LINE
  8
Mountain
 62
1
 10
350.881274
 20
99.761181
 11
336.824207
 21
99.010200
  0
LINE
  8
Mountain
 62
1
 10
350.881274
 20
99.761181
 11
336.977904
 21
101.548579
  0
LINE
  8
Mountain
 62
1
 10
352.686204
 20
65.339210
 11
335.228514
 21
64.363922
  0
LINE
  8
Mountain
 62
1
 10
352.686204
 20
65.339210
 11
334.831579
 21
66.630040
  0
LINE
  8
Mountain
 62
1
 10
354.495944
 20
30.825506
 11
343.015555
 21
18.994872
  0
LINE
  8
Mountain
 62
1
 10
352.102498
 20
1.909245
 11
326.632174
 21
-0.572721
  0
LINE
  8
Mountain
 62
1
 10
343.110528
 20
-45.975470
 11
308.936481
 21
-50.436264
  0
LINE
  8
Mountain
 62
1
 10
332.807764
 20
-100.840520
 11
308.555806
 21
-103.165199
  0
LINE
  8
Mountain
 62
1
 10
323.955855
 20
-147.979372
 11
309.708332
 21
-150.461516
  0
LINE
  8
Mountain
 62
1
 10
315.728354
 20
-191.793078
 11
311.360624
 21
-195.025668
  0
LINE
  8
Mountain
 62
1
 10
276.603724
 20
-220.613235
 11
270.964899
 21
-211.230207
  0
LINE
  8
Mountain
 62
1
 10
276.603724
 20
-220.613235
 11
270.964899
 21
-211.230207
  0
LINE
  8
Mountain
 62
1
 10
243.005750
 20
-240.452208
 11
235.229835
 21
-227.236646
  0
LINE
  8
Mountain
 62
1
 10
207.474296
 20
-258.626102
 11
198.753712
 21
-242.317131
  0
LINE
  8
Mountain
 62
1
 10
169.383486
 20
-274.397228
 11
159.855746
 21
-255.738084
  0
LINE
  8
Mountain
 62
1
 10
127.075671
 20
-287.680537
 11
117.372991
 21
-266.930504
  0
LINE
  8
Mountain
 62
1
 10
127.075671
 20
-287.680537
 11
117.372992
 21
-266.930503
  0
LINE
  8
Mountain
 62
1
 10
80.600307
 20
-297.622205
 11
71.774645
 21
-275.015520
  0
LINE
  8
Mountain
 62
1
 10
31.333878
 20
-303.238486
 11
24.246514
 21
-279.285548
  0
LINE
  8
Mountain
 62
1
 10
31.333878
 20
-303.238486
 11
24.246515
 21
-279.285547
  0
LINE
  8
Mountain
 62
1
 10
-19.294544
 20
-303.956016
 11
-23.996294
 21
-279.383109
  0
LINE
  8
Mountain
 62
1
 10
-69.843202
 20
-299.587027
 11
-71.735059
 21
-275.272944
  0
LINE
  8
Mountain
 62
1
 10
-69.843202
 20
-299.587027
 11
-71.735058
 21
-275.272944
  0
LINE
  8
Mountain
 62
1
 10
-118.884940
 20
-290.316345
 11
-117.764754
 21
-267.233218
  0
LINE
  8
Mountain
 62
1
 10
-165.040192
 20
-276.703908
 11
-160.924479
 21
-255.861015
  0
LINE
  8
Mountain
 62
1
 10
-207.038639
 20
-259.691334
 11
-200.796379
 21
-241.850819
  0
LINE
  8
Mountain
 62
1
 10
-207.038639
 20
-259.691334
 11
-200.796379
 21
-241.850819
  0
LINE
  8
Mountain
 62
1
 10
-245.037619
 20
-240.021265
 11
-238.624807
 21
-225.397178
  0
LINE
  8
Mountain
 62
1
 10
-245.037619
 20
-240.021265
 11
-238.624807
 21
-225.397178
  0
LINE
  8
Mountain
 62
1
 10
-281.050395
 20
-217.484413
 11
-276.160513
 21
-206.392024
  0
LINE
  8
Mountain
 62
1
 10
-316.248360
 20
-192.209745
 11
-312.146724
 21
-186.685149
  0
LINE
  8
Mountain
 62
1
 10
-347.274329
 20
-168.549695
 11
-347.274329
 21
-168.549695
  0
LINE
  8
Mountain
 62
1
 10
-349.077804
 20
-134.155433
 11
-341.607949
 21
-133.763749
  0
LINE
  8
Mountain
 62
1
 10
-349.077804
 20
-134.155433
 11
-341.744070
 21
-134.710860
  0
LINE
  8
Mountain
 62
1
 10
-350.881279
 20
-99.761181
 11
-336.824210
 21
-99.010209
  0
LINE
  8
Mountain
 62
1
 10
-350.881279
 20
-99.761181
 11
-336.977909
 21
-101.548591
  0
LINE
  8
Mountain
 62
1
 10
-352.686206
 20
-65.339236
 11
-335.228517
 21
-64.363954
  0
LINE
  8
Mountain
 62
1
 10
-352.686206
 20
-65.339236
 11
-334.831582
 21
-66.630073
  0
LINE
  8
Mountain
 62
1
 10
-354.495944
 20
-30.825538
 11
-343.015555
 21
-18.994905
  0
LINE
  8
Mountain
 62
1
 10
-352.102498
 20
-1.909280
 11
-326.632170
 21
0.572692
  0
LINE
  8
Mountain
 62
1
 10
1.950876
 20
14.972612
 11
18.206958
 21
-0.000014
  0
LINE
  8
Mountain
 62
1
 10
-1.950930
 20
14.972612
 11
-18.207010
 21
-0.000014
  0
LINE
  8
Mountain
 62
1
 10
-1.950930
 20
14.972612
 11
-18.207010
 21
-0.000014
  0
LINE
  8
Mountain
 62
1
 10
-4.522260
 20
49.318002
 11
-18.540440
 21
68.656823
  0
LINE
  8
Mountain
 62
1
 10
-4.522260
 20
49.318002
 11
-18.540436
 21
68.656825
  0
LINE
  8
Mountain
 62
1
 10
4.522204
 20
49.318002
 11
18.544839
 21
68.659226
  0
LINE
  8
Mountain
 62
1
 10
4.519700
 20
87.998634
 11
18.544840
 21
68.659226
  0
LINE
  8
Mountain
 62
1
 10
4.519700
 20
87.998634
 11
18.544839
 21
68.659226
  0
LINE
  8
Mountain
 62
1
 10
-4.524764
 20
87.997463
 11
-18.540436
 21
68.656825
  0
LINE
  8
Mountain
 62
1
 10
-10.736888
 20
121.874112
 11
-19.572703
 21
137.414110
  0
LINE
  8
Mountain
 62
1
 10
-10.736888
 20
121.874112
 11
-19.572699
 21
137.414113
  0
LINE
  8
Mountain
 62
1
 10
10.723049
 20
121.876890
 11
19.569015
 21
137.427156
  0
LINE
  8
Mountain
 62
1
 10
10.712687
 20
152.971524
 11
19.569016
 21
137.427157
  0
LINE
  8
Mountain
 62
1
 10
10.712687
 20
152.971524
 11
19.569015
 21
137.427156
  0
LINE
  8
Mountain
 62
1
 10
-10.747247
 20
152.959999
 11
-19.572699
 21
137.414113
  0
LINE
  8
Mountain
 62
1
 10
-16.973176
 20
186.834109
 11
-21.307154
 21
203.610757
  0
LINE
  8
Mountain
 62
1
 10
-16.973176
 20
186.834109
 11
-21.307152
 21
203.610758
  0
LINE
  8
Mountain
 62
1
 10
16.902229
 20
186.852302
 11
21.247490
 21
203.651575
  0
LINE
  8
Mountain
 62
1
 10
16.870010
 20
220.442481
 11
21.247490
 21
203.651575
  0
LINE
  8
Mountain
 62
1
 10
16.870010
 20
220.442481
 11
21.247490
 21
203.651575
  0
LINE
  8
Mountain
 62
1
 10
-17.005368
 20
220.395689
 11
-21.307152
 21
203.610758
  0
LINE
  8
Mountain
 62
1
 10
-19.624135
 20
254.737496
 11
-24.246588
 21
279.285546
  0
LINE
  8
Mountain
 62
1
 10
-19.624135
 20
254.737496
 11
-24.246587
 21
279.285547
  0
LINE
  8
Mountain
 62
1
 10
19.393894
 20
254.791393
 11
23.996223
 21
279.383113
  0
LINE
  8
Mountain
 62
1
 10
19.393894
 20
254.791393
 11
23.996223
 21
279.383113
  0
LINE
  8
Mountain
 62
1
 10
19.624059
 20
-254.737495
 11
24.246515
 21
-279.285547
  0
LINE
  8
Mountain
 62
1
 10
19.624059
 20
-254.737495
 11
24.246514
 21
-279.285548
  0
LINE
  8
Mountain
 62
1
 10
-19.393970
 20
-254.791387
 11
-23.996294
 21
-279.383109
  0
LINE
  8
Mountain
 62
1
 10
-19.393970
 20
-254.791387
 11
-23.996294
 21
-279.383109
  0
LINE
  8
Mountain
 62
1
 10
-16.870082
 20
-220.442475
 11
-21.247556
 21
-203.651566
  0
LINE
  8
Mountain
 62
1
 10
17.005291
 20
-220.395685
 11
21.307082
 21
-203.610754
  0
LINE
  8
Mountain
 62
1
 10
16.973104
 20
-186.834104
 11
21.307082
 21
-203.610754
  0
LINE
  8
Mountain
 62
1
 10
16.973104
 20
-186.834104
 11
21.307082
 21
-203.610754
  0
LINE
  8
Mountain
 62
1
 10
-16.902297
 20
-186.852292
 11
-21.247556
 21
-203.651566
  0
LINE
  8
Mountain
 62
1
 10
-16.902297
 20
-186.852292
 11
-21.247558
 21
-203.651566
  0
LINE
  8
Mountain
 62
1
 10
-10.712751
 20
-152.971521
 11
-19.569074
 21
-137.427161
  0
LINE
  8
Mountain
 62
1
 10
10.747182
 20
-152.959999
 11
19.572640
 21
-137.414122
  0
LINE
  8
Mountain
 62
1
 10
10.747182
 20
-152.959999
 11
19.572641
 21
-137.414123
  0
LINE
  8
Mountain
 62
1
 10
10.736827
 20
-121.874128
 11
19.572640
 21
-137.414122
  0
LINE
  8
Mountain
 62
1
 10
-10.723109
 20
-121.876904
 11
-19.569074
 21
-137.427161
  0
LINE
  8
Mountain
 62
1
 10
-10.723109
 20
-121.876904
 11
-19.569078
 21
-137.427159
  0
LINE
  8
Mountain
 62
1
 10
-4.519756
 20
-87.998657
 11
-18.544889
 21
-68.659254
  0
LINE
  8
Mountain
 62
1
 10
4.524710
 20
-87.997486
 11
18.540384
 21
-68.656853
  0
LINE
  8
Mountain
 62
1
 10
4.522205
 20
-49.318035
 11
18.540385
 21
-68.656853
  0
LINE
  8
Mountain
 62
1
 10
4.522205
 20
-49.318035
 11
18.540384
 21
-68.656853
  0
LINE
  8
Mountain
 62
1
 10
-4.522260
 20
-49.318035
 11
-18.544889
 21
-68.659254
  0
LINE
  8
Mountain
 62
1
 10
-4.522260
 20
-49.318035
 11
-18.544894
 21
-68.659250
  0
LINE
  8
Mountain
 62
1
 10
-1.950930
 20
-14.972640
 11
-18.207010
 21
-0.000014
  0
LINE
  8
Mountain
 62
1
 10
1.950876
 20
-14.972640
 11
18.206958
 21
-0.000014
  0
LINE
  8
Mountain
 62
1
 10
1.950876
 20
-14.972640
 11
18.206958
 21
-0.000014
  0
LINE
  8
Mountain
 62
1
 10
38.511231
 20
14.773493
 11
54.471643
 21
-0.002360
  0
LINE
  8
Mountain
 62
1
 10
38.511231
 20
14.773493
 11
54.471642
 21
-0.002361
  0
LINE
  8
Mountain
 62
1
 10
34.609613
 20
14.811894
 11
18.206958
 21
-0.000014
  0
LINE
  8
Mountain
 62
1
 10
34.609613
 20
14.811894
 11
18.206958
 21
-0.000014
  0
LINE
  8
Mountain
 62
1
 10
32.376438
 20
49.180928
 11
18.544839
 21
68.659226
  0
LINE
  8
Mountain
 62
1
 10
32.376438
 20
49.180928
 11
18.544840
 21
68.659226
  0
LINE
  8
Mountain
 62
1
 10
41.420463
 20
49.091912
 11
55.456995
 21
67.925391
  0
LINE
  8
Mountain
 62
1
 10
41.420463
 20
49.091912
 11
55.456998
 21
67.925389
  0
LINE
  8
Mountain
 62
1
 10
42.180099
 20
87.301877
 11
55.456995
 21
67.925391
  0
LINE
  8
Mountain
 62
1
 10
33.139683
 20
87.572391
 11
18.544840
 21
68.659226
  0
LINE
  8
Mountain
 62
1
 10
27.947973
 20
121.620355
 11
19.569015
 21
137.427156
  0
LINE
  8
Mountain
 62
1
 10
27.947973
 20
121.620355
 11
19.569016
 21
137.427157
  0
LINE
  8
Mountain
 62
1
 10
49.398312
 20
120.978503
 11
58.469297
 21
135.848292
  0
LINE
  8
Mountain
 62
1
 10
49.398312
 20
120.978503
 11
58.469297
 21
135.848291
  0
LINE
  8
Mountain
 62
1
 10
50.633219
 20
151.404296
 11
58.469297
 21
135.848292
  0
LINE
  8
Mountain
 62
1
 10
29.201420
 20
152.502922
 11
19.569016
 21
137.427157
  0
LINE
  8
Mountain
 62
1
 10
24.736155
 20
186.653749
 11
21.247490
 21
203.651575
  0
LINE
  8
Mountain
 62
1
 10
24.736155
 20
186.653749
 11
21.247490
 21
203.651575
  0
LINE
  8
Mountain
 62
1
 10
58.567146
 20
184.919521
 11
63.455987
 21
201.006763
  0
LINE
  8
Mountain
 62
1
 10
60.613576
 20
217.578451
 11
63.455989
 21
201.006764
  0
LINE
  8
Mountain
 62
1
 10
60.613576
 20
217.578451
 11
63.455987
 21
201.006763
  0
LINE
  8
Mountain
 62
1
 10
26.830725
 20
220.080949
 11
21.247490
 21
203.651575
  0
LINE
  8
Mountain
 62
1
 10
26.803641
 20
254.522451
 11
23.996223
 21
279.383113
  0
LINE
  8
Mountain
 62
1
 10
65.715092
 20
251.640045
 11
71.735051
 21
275.272941
  0
LINE
  8
Mountain
 62
1
 10
65.855524
 20
-251.480047
 11
71.774643
 21
-275.015520
  0
LINE
  8
Mountain
 62
1
 10
26.950878
 20
-254.452900
 11
24.246515
 21
-279.285547
  0
LINE
  8
Mountain
 62
1
 10
26.897899
 20
-220.011427
 11
21.307082
 21
-203.610754
  0
LINE
  8
Mountain
 62
1
 10
26.897899
 20
-220.011427
 11
21.307082
 21
-203.610754
  0
LINE
  8
Mountain
 62
1
 10
60.674839
 20
-217.430403
 11
63.396688
 21
-200.910811
  0
LINE
  8
Mountain
 62
1
 10
60.674839
 20
-217.430403
 11
63.396689
 21
-200.910811
  0
LINE
  8
Mountain
 62
1
 10
58.586452
 20
-184.874383
 11
63.396688
 21
-200.910811
  0
LINE
  8
Mountain
 62
1
 10
24.756575
 20
-186.630167
 11
21.307082
 21
-203.610754
  0
LINE
  8
Mountain
 62
1
 10
29.200077
 20
-152.476509
 11
19.572641
 21
-137.414123
  0
LINE
  8
Mountain
 62
1
 10
50.631167
 20
-151.364225
 11
58.421898
 21
-135.825305
  0
LINE
  8
Mountain
 62
1
 10
50.631167
 20
-151.364225
 11
58.421898
 21
-135.825305
  0
LINE
  8
Mountain
 62
1
 10
49.388317
 20
-120.974449
 11
58.421898
 21
-135.825305
  0
LINE
  8
Mountain
 62
1
 10
27.937971
 20
-121.615887
 11
19.572641
 21
-137.414123
  0
LINE
  8
Mountain
 62
1
 10
27.937971
 20
-121.615887
 11
19.572640
 21
-137.414122
  0
LINE
  8
Mountain
 62
1
 10
33.130335
 20
-87.568029
 11
18.540384
 21
-68.656853
  0
LINE
  8
Mountain
 62
1
 10
33.130335
 20
-87.568029
 11
18.540385
 21
-68.656853
  0
LINE
  8
Mountain
 62
1
 10
42.170760
 20
-87.297691
 11
55.440013
 21
-67.926014
  0
LINE
  8
Mountain
 62
1
 10
42.170760
 20
-87.297691
 11
55.440013
 21
-67.926015
  0
LINE
  8
Mountain
 62
1
 10
41.414111
 20
-49.094949
 11
55.440013
 21
-67.926014
  0
LINE
  8
Mountain
 62
1
 10
32.370072
 20
-49.182794
 11
18.540385
 21
-68.656853
  0
LINE
  8
Mountain
 62
1
 10
34.607696
 20
-14.814045
 11
18.206958
 21
-0.000014
  0
LINE
  8
Mountain
 62
1
 10
38.509319
 20
-14.776148
 11
54.471642
 21
-0.002361
  0
LINE
  8
Mountain
 62
1
 10
74.755014
 20
14.229547
 11
90.313308
 21
-0.008972
  0
LINE
  8
Mountain
 62
1
 10
70.853924
 20
14.304332
 11
54.471643
 21
-0.002360
  0
LINE
  8
Mountain
 62
1
 10
68.941348
 20
48.692695
 11
55.456998
 21
67.925389
  0
LINE
  8
Mountain
 62
1
 10
77.984151
 20
48.519345
 11
91.845765
 21
66.507453
  0
LINE
  8
Mountain
 62
1
 10
79.425917
 20
85.519652
 11
91.845766
 21
66.507454
  0
LINE
  8
Mountain
 62
1
 10
79.425917
 20
85.519652
 11
91.845765
 21
66.507453
  0
LINE
  8
Mountain
 62
1
 10
70.397044
 20
86.050489
 11
55.456998
 21
67.925389
  0
LINE
  8
Mountain
 62
1
 10
70.397044
 20
86.050489
 11
55.456995
 21
67.925391
  0
LINE
  8
Mountain
 62
1
 10
66.188344
 20
120.233885
 11
58.469297
 21
135.848291
  0
LINE
  8
Mountain
 62
1
 10
87.611284
 20
118.974359
 11
96.592746
 21
132.786622
  0
LINE
  8
Mountain
 62
1
 10
89.930686
 20
147.855206
 11
96.592747
 21
132.786622
  0
LINE
  8
Mountain
 62
1
 10
89.930686
 20
147.855206
 11
96.592746
 21
132.786622
  0
LINE
  8
Mountain
 62
1
 10
68.581307
 20
150.030698
 11
58.469297
 21
135.848291
  0
LINE
  8
Mountain
 62
1
 10
68.581307
 20
150.030698
 11
58.469297
 21
135.848292
  0
LINE
  8
Mountain
 62
1
 10
65.839863
 20
184.362928
 11
63.455987
 21
201.006763
  0
LINE
  8
Mountain
 62
1
 10
65.839863
 20
184.362928
 11
63.455989
 21
201.006764
  0
LINE
  8
Mountain
 62
1
 10
99.540753
 20
180.928823
 11
104.508209
 21
195.855682
  0
LINE
  8
Mountain
 62
1
 10
99.540753
 20
180.928823
 11
104.508210
 21
195.855682
  0
LINE
  8
Mountain
 62
1
 10
103.382618
 20
211.547074
 11
104.508209
 21
195.855682
  0
LINE
  8
Mountain
 62
1
 10
69.878034
 20
216.545665
 11
63.455989
 21
201.006764
  0
LINE
  8
Mountain
 62
1
 10
72.402792
 20
250.894512
 11
71.735051
 21
275.272941
  0
LINE
  8
Mountain
 62
1
 10
72.402792
 20
250.894512
 11
71.735053
 21
275.272941
  0
LINE
  8
Mountain
 62
1
 10
110.993744
 20
245.137080
 11
117.764762
 21
267.233208
  0
LINE
  8
Mountain
 62
1
 10
110.993744
 20
245.137080
 11
117.764764
 21
267.233207
  0
LINE
  8
Mountain
 62
1
 10
110.876271
 20
-244.964655
 11
117.372992
 21
-266.930503
  0
LINE
  8
Mountain
 62
1
 10
110.876271
 20
-244.964655
 11
117.372991
 21
-266.930504
  0
LINE
  8
Mountain
 62
1
 10
72.289885
 20
-250.752606
 11
71.774645
 21
-275.015520
  0
LINE
  8
Mountain
 62
1
 10
72.289885
 20
-250.752606
 11
71.774643
 21
-275.015520
  0
LINE
  8
Mountain
 62
1
 10
69.737963
 20
-216.405766
 11
63.396689
 21
-200.910811
  0
LINE
  8
Mountain
 62
1
 10
103.238582
 20
-211.380678
 11
104.229310
 21
-195.788101
  0
LINE
  8
Mountain
 62
1
 10
99.417535
 20
-180.923485
 11
104.229310
 21
-195.788101
  0
LINE
  8
Mountain
 62
1
 10
99.417535
 20
-180.923485
 11
104.229310
 21
-195.788101
  0
LINE
  8
Mountain
 62
1
 10
65.713806
 20
-184.329606
 11
63.396689
 21
-200.910811
  0
LINE
  8
Mountain
 62
1
 10
65.713806
 20
-184.329606
 11
63.396688
 21
-200.910811
  0
LINE
  8
Mountain
 62
1
 10
68.483755
 20
-149.999669
 11
58.421898
 21
-135.825305
  0
LINE
  8
Mountain
 62
1
 10
89.834935
 20
-147.841905
 11
96.475629
 21
-132.801294
  0
LINE
  8
Mountain
 62
1
 10
89.834935
 20
-147.841905
 11
96.475629
 21
-132.801294
  0
LINE
  8
Mountain
 62
1
 10
87.542821
 20
-118.998260
 11
96.475629
 21
-132.801294
  0
LINE
  8
Mountain
 62
1
 10
66.118823
 20
-120.239707
 11
58.421898
 21
-135.825305
  0
LINE
  8
Mountain
 62
1
 10
66.118823
 20
-120.239707
 11
58.421898
 21
-135.825305
  0
LINE
  8
Mountain
 62
1
 10
70.356371
 20
-86.059883
 11
55.440013
 21
-67.926015
  0
LINE
  8
Mountain
 62
1
 10
79.385688
 20
-85.536664
 11
91.829147
 21
-66.530157
  0
LINE
  8
Mountain
 62
1
 10
79.385688
 20
-85.536664
 11
91.829147
 21
-66.530158
  0
LINE
  8
Mountain
 62
1
 10
77.966248
 20
-48.532741
 11
91.829147
 21
-66.530157
  0
LINE
  8
Mountain
 62
1
 10
68.923383
 20
-48.702756
 11
55.440013
 21
-67.926015
  0
LINE
  8
Mountain
 62
1
 10
68.923383
 20
-48.702756
 11
55.440013
 21
-67.926014
  0
LINE
  8
Mountain
 62
1
 10
70.848645
 20
-14.315095
 11
54.471642
 21
-0.002361
  0
LINE
  8
Mountain
 62
1
 10
70.848645
 20
-14.315095
 11
54.471643
 21
-0.002360
  0
LINE
  8
Mountain
 62
1
 10
74.749762
 20
-14.241750
 11
90.313308
 21
-0.008972
  0
LINE
  8
Mountain
 62
1
 10
74.749762
 20
-14.241750
 11
90.313309
 21
-0.008972
  0
LINE
  8
Mountain
 62
1
 10
110.411217
 20
13.392980
 11
125.552965
 21
-0.011327
  0
LINE
  8
Mountain
 62
1
 10
110.411217
 20
13.392980
 11
125.552965
 21
-0.011327
  0
LINE
  8
Mountain
 62
1
 10
106.510823
 20
13.497932
 11
90.313309
 21
-0.008972
  0
LINE
  8
Mountain
 62
1
 10
106.510823
 20
13.497932
 11
90.313308
 21
-0.008972
  0
LINE
  8
Mountain
 62
1
 10
104.864263
 20
47.900060
 11
91.845765
 21
66.507453
  0
LINE
  8
Mountain
 62
1
 10
104.864263
 20
47.900060
 11
91.845766
 21
66.507454
  0
LINE
  8
Mountain
 62
1
 10
113.905454
 20
47.656778
 11
127.419850
 21
64.527956
  0
LINE
  8
Mountain
 62
1
 10
115.860662
 20
82.794338
 11
127.419852
 21
64.527957
  0
LINE
  8
Mountain
 62
1
 10
115.860662
 20
82.794338
 11
127.419850
 21
64.527956
  0
LINE
  8
Mountain
 62
1
 10
106.848295
 20
83.555634
 11
91.845766
 21
66.507454
  0
LINE
  8
Mountain
 62
1
 10
103.514138
 20
117.835381
 11
96.592746
 21
132.786622
  0
LINE
  8
Mountain
 62
1
 10
103.514138
 20
117.835381
 11
96.592747
 21
132.786622
  0
LINE
  8
Mountain
 62
1
 10
124.897920
 20
116.029045
 11
133.436054
 21
128.485553
  0
LINE
  8
Mountain
 62
1
 10
124.897920
 20
116.029045
 11
133.436055
 21
128.485552
  0
LINE
  8
Mountain
 62
1
 10
127.996739
 20
142.573781
 11
133.436054
 21
128.485553
  0
LINE
  8
Mountain
 62
1
 10
106.771891
 20
145.741555
 11
96.592747
 21
132.786622
  0
LINE
  8
Mountain
 62
1
 10
105.632925
 20
180.164227
 11
104.508210
 21
195.855682
  0
LINE
  8
Mountain
 62
1
 10
139.137238
 20
175.163762
 11
143.623110
 21
188.589959
  0
LINE
  8
Mountain
 62
1
 10
139.137238
 20
175.163762
 11
143.623111
 21
188.589959
  0
LINE
  8
Mountain
 62
1
 10
144.258034
 20
202.731483
 11
143.623110
 21
188.589959
  0
LINE
  8
Mountain
 62
1
 10
111.192945
 20
210.096505
 11
104.508210
 21
195.855682
  0
LINE
  8
Mountain
 62
1
 10
111.192945
 20
210.096505
 11
104.508209
 21
195.855682
  0
LINE
  8
Mountain
 62
1
 10
116.150331
 20
244.179375
 11
117.764764
 21
267.233207
  0
LINE
  8
Mountain
 62
1
 10
154.235056
 20
235.696263
 11
160.924513
 21
255.860995
  0
LINE
  8
Mountain
 62
1
 10
153.699538
 20
-235.712037
 11
159.855746
 21
-255.738084
  0
LINE
  8
Mountain
 62
1
 10
115.592283
 20
-244.093363
 11
117.372992
 21
-266.930503
  0
LINE
  8
Mountain
 62
1
 10
110.725981
 20
-209.997368
 11
104.229310
 21
-195.788101
  0
LINE
  8
Mountain
 62
1
 10
110.725981
 20
-209.997368
 11
104.229310
 21
-195.788101
  0
LINE
  8
Mountain
 62
1
 10
143.810625
 20
-202.720717
 11
143.074020
 21
-188.704645
  0
LINE
  8
Mountain
 62
1
 10
138.815973
 20
-175.330720
 11
143.074021
 21
-188.704645
  0
LINE
  8
Mountain
 62
1
 10
138.815973
 20
-175.330720
 11
143.074020
 21
-188.704645
  0
LINE
  8
Mountain
 62
1
 10
105.292389
 20
-180.200290
 11
104.229310
 21
-195.788101
  0
LINE
  8
Mountain
 62
1
 10
106.565791
 20
-145.782335
 11
96.475629
 21
-132.801294
  0
LINE
  8
Mountain
 62
1
 10
127.802847
 20
-142.697483
 11
133.317413
 21
-128.613559
  0
LINE
  8
Mountain
 62
1
 10
124.782587
 20
-116.126603
 11
133.317414
 21
-128.613558
  0
LINE
  8
Mountain
 62
1
 10
124.782587
 20
-116.126603
 11
133.317413
 21
-128.613559
  0
LINE
  8
Mountain
 62
1
 10
103.394961
 20
-117.886816
 11
96.475629
 21
-132.801294
  0
LINE
  8
Mountain
 62
1
 10
103.394961
 20
-117.886816
 11
96.475629
 21
-132.801294
  0
LINE
  8
Mountain
 62
1
 10
106.803041
 20
-83.614346
 11
91.829147
 21
-66.530158
  0
LINE
  8
Mountain
 62
1
 10
115.817032
 20
-82.872491
 11
127.485251
 21
-64.587060
  0
LINE
  8
Mountain
 62
1
 10
113.899084
 20
-47.677880
 11
127.485252
 21
-64.587060
  0
LINE
  8
Mountain
 62
1
 10
113.899084
 20
-47.677880
 11
127.485251
 21
-64.587060
  0
LINE
  8
Mountain
 62
1
 10
104.857858
 20
-47.919954
 11
91.829147
 21
-66.530158
  0
LINE
  8
Mountain
 62
1
 10
104.857858
 20
-47.919954
 11
91.829147
 21
-66.530157
  0
LINE
  8
Mountain
 62
1
 10
106.509017
 20
-13.518042
 11
90.313309
 21
-0.008972
  0
LINE
  8
Mountain
 62
1
 10
110.409426
 20
-13.413611
 11
125.552965
 21
-0.011327
  0
LINE
  8
Mountain
 62
1
 10
145.344162
 20
12.374626
 11
160.918170
 21
0.026246
  0
LINE
  8
Mountain
 62
1
 10
145.344162
 20
12.374626
 11
160.918170
 21
0.026246
  0
LINE
  8
Mountain
 62
1
 10
141.444222
 20
12.495309
 11
125.552965
 21
-0.011327
  0
LINE
  8
Mountain
 62
1
 10
139.936422
 20
46.903797
 11
127.419850
 21
64.527956
  0
LINE
  8
Mountain
 62
1
 10
139.936422
 20
46.903797
 11
127.419852
 21
64.527957
  0
LINE
  8
Mountain
 62
1
 10
148.976559
 20
46.624053
 11
162.705674
 21
62.155980
  0
LINE
  8
Mountain
 62
1
 10
148.976559
 20
46.624053
 11
162.705674
 21
62.155980
  0
LINE
  8
Mountain
 62
1
 10
151.178853
 20
79.385657
 11
162.705674
 21
62.155980
  0
LINE
  8
Mountain
 62
1
 10
142.182609
 20
80.318351
 11
127.419852
 21
64.527957
  0
LINE
  8
Mountain
 62
1
 10
139.501518
 20
114.655350
 11
133.436055
 21
128.485552
  0
LINE
  8
Mountain
 62
1
 10
160.847045
 20
112.442334
 11
169.257022
 21
123.237614
  0
LINE
  8
Mountain
 62
1
 10
160.847045
 20
112.442334
 11
169.257023
 21
123.237613
  0
LINE
  8
Mountain
 62
1
 10
164.297128
 20
135.991643
 11
169.257022
 21
123.237614
  0
LINE
  8
Mountain
 62
1
 10
143.213842
 20
139.994644
 11
133.436055
 21
128.485552
  0
LINE
  8
Mountain
 62
1
 10
143.213842
 20
139.994644
 11
133.436054
 21
128.485553
  0
LINE
  8
Mountain
 62
1
 10
143.434347
 20
174.435447
 11
143.623111
 21
188.589959
  0
LINE
  8
Mountain
 62
1
 10
176.715198
 20
168.116542
 11
180.764780
 21
179.659363
  0
LINE
  8
Mountain
 62
1
 10
176.715198
 20
168.116542
 11
180.764782
 21
179.659363
  0
LINE
  8
Mountain
 62
1
 10
182.405343
 20
191.781425
 11
180.764780
 21
179.659363
  0
LINE
  8
Mountain
 62
1
 10
149.889770
 20
201.283060
 11
143.623111
 21
188.589959
  0
LINE
  8
Mountain
 62
1
 10
149.889770
 20
201.283060
 11
143.623110
 21
188.589959
  0
LINE
  8
Mountain
 62
1
 10
157.055119
 20
234.970972
 11
160.924513
 21
255.860995
  0
LINE
  8
Mountain
 62
1
 10
157.055119
 20
234.970972
 11
160.924514
 21
255.860995
  0
LINE
  8
Mountain
 62
1
 10
194.506912
 20
224.026884
 11
200.796420
 21
241.850794
  0
LINE
  8
Mountain
 62
1
 10
194.506912
 20
224.026884
 11
200.796422
 21
241.850793
  0
LINE
  8
Mountain
 62
1
 10
193.411464
 20
-224.611440
 11
198.753714
 21
-242.317130
  0
LINE
  8
Mountain
 62
1
 10
155.850179
 20
-235.173627
 11
159.855746
 21
-255.738084
  0
LINE
  8
Mountain
 62
1
 10
155.850179
 20
-235.173627
 11
159.855746
 21
-255.738084
  0
LINE
  8
Mountain
 62
1
 10
149.028213
 20
-201.414501
 11
143.074020
 21
-188.704645
  0
LINE
  8
Mountain
 62
1
 10
149.028213
 20
-201.414501
 11
143.074021
 21
-188.704645
  0
LINE
  8
Mountain
 62
1
 10
181.638843
 20
-192.244435
 11
180.015880
 21
-180.214785
  0
LINE
  8
Mountain
 62
1
 10
176.224156
 20
-168.683553
 11
180.015882
 21
-180.214784
  0
LINE
  8
Mountain
 62
1
 10
176.224156
 20
-168.683553
 11
180.015880
 21
-180.214785
  0
LINE
  8
Mountain
 62
1
 10
142.882002
 20
-174.670545
 11
143.074021
 21
-188.704645
  0
LINE
  8
Mountain
 62
1
 10
143.004664
 20
-140.229260
 11
133.317413
 21
-128.613559
  0
LINE
  8
Mountain
 62
1
 10
143.004664
 20
-140.229260
 11
133.317414
 21
-128.613558
  0
LINE
  8
Mountain
 62
1
 10
164.126786
 20
-136.436525
 11
169.404965
 21
-123.578965
  0
LINE
  8
Mountain
 62
1
 10
160.809286
 20
-112.656955
 11
169.404966
 21
-123.578965
  0
LINE
  8
Mountain
 62
1
 10
160.809286
 20
-112.656955
 11
169.404965
 21
-123.578965
  0
LINE
  8
Mountain
 62
1
 10
139.455625
 20
-114.790038
 11
133.317414
 21
-128.613558
  0
LINE
  8
Mountain
 62
1
 10
142.265254
 20
-80.463326
 11
127.485251
 21
-64.587060
  0
LINE
  8
Mountain
 62
1
 10
142.265254
 20
-80.463326
 11
127.485252
 21
-64.587060
  0
LINE
  8
Mountain
 62
1
 10
151.264929
 20
-79.564320
 11
163.094714
 21
-62.222282
  0
LINE
  8
Mountain
 62
1
 10
151.264929
 20
-79.564320
 11
163.094716
 21
-62.222283
  0
LINE
  8
Mountain
 62
1
 10
149.075602
 20
-46.596835
 11
163.094714
 21
-62.222282
  0
LINE
  8
Mountain
 62
1
 10
140.036078
 20
-46.895788
 11
127.485252
 21
-64.587060
  0
LINE
  8
Mountain
 62
1
 10
141.470761
 20
-12.484169
 11
125.552965
 21
-0.011327
  0
LINE
  8
Mountain
 62
1
 10
141.470761
 20
-12.484169
 11
125.552965
 21
-0.011327
  0
LINE
  8
Mountain
 62
1
 10
145.370436
 20
-12.355200
 11
160.918170
 21
0.026246
  0
LINE
  8
Mountain
 62
1
 10
181.076794
 20
11.355060
 11
199.284346
 21
0.222917
  0
LINE
  8
Mountain
 62
1
 10
181.076794
 20
11.355060
 11
199.284346
 21
0.222917
  0
LINE
  8
Mountain
 62
1
 10
177.176367
 20
11.458798
 11
160.918170
 21
0.026246
  0
LINE
  8
Mountain
 62
1
 10
175.519096
 20
45.860411
 11
162.705674
 21
62.155980
  0
LINE
  8
Mountain
 62
1
 10
184.560361
 20
45.619944
 11
200.129533
 21
59.588846
  0
LINE
  8
Mountain
 62
1
 10
184.560361
 20
45.619944
 11
200.129533
 21
59.588846
  0
LINE
  8
Mountain
 62
1
 10
186.613645
 20
75.552872
 11
200.129533
 21
59.588846
  0
LINE
  8
Mountain
 62
1
 10
177.624233
 20
76.549240
 11
162.705674
 21
62.155980
  0
LINE
  8
Mountain
 62
1
 10
177.624233
 20
76.549240
 11
162.705674
 21
62.155980
  0
LINE
  8
Mountain
 62
1
 10
175.186337
 20
110.904364
 11
169.257023
 21
123.237613
  0
LINE
  8
Mountain
 62
1
 10
196.515655
 20
108.540265
 11
206.120690
 21
117.191052
  0
LINE
  8
Mountain
 62
1
 10
196.515655
 20
108.540265
 11
206.120690
 21
117.191052
  0
LINE
  8
Mountain
 62
1
 10
199.782484
 20
128.456928
 11
206.120690
 21
117.191052
  0
LINE
  8
Mountain
 62
1
 10
178.815570
 20
133.030466
 11
169.257023
 21
123.237613
  0
LINE
  8
Mountain
 62
1
 10
178.815570
 20
133.030466
 11
169.257022
 21
123.237614
  0
LINE
  8
Mountain
 62
1
 10
179.970411
 20
167.452610
 11
180.764782
 21
179.659363
  0
LINE
  8
Mountain
 62
1
 10
213.067562
 20
160.233086
 11
217.661228
 21
169.175910
  0
LINE
  8
Mountain
 62
1
 10
213.067562
 20
160.233086
 11
217.661228
 21
169.175910
  0
LINE
  8
Mountain
 62
1
 10
218.456121
 20
179.198086
 11
217.661228
 21
169.175910
  0
LINE
  8
Mountain
 62
1
 10
186.507573
 20
190.460111
 11
180.764782
 21
179.659363
  0
LINE
  8
Mountain
 62
1
 10
186.507573
 20
190.460111
 11
180.764780
 21
179.659363
  0
LINE
  8
Mountain
 62
1
 10
195.500783
 20
223.706761
 11
200.796422
 21
241.850793
  0
LINE
  8
Mountain
 62
1
 10
232.299464
 20
210.735040
 11
238.624824
 21
225.397164
  0
LINE
  8
Mountain
 62
1
 10
230.546299
 20
-212.635947
 11
235.229835
 21
-227.236646
  0
LINE
  8
Mountain
 62
1
 10
193.411464
 20
-224.611440
 11
198.753712
 21
-242.317131
  0
LINE
  8
Mountain
 62
1
 10
193.411464
 20
-224.611440
 11
198.753714
 21
-242.317130
  0
LINE
  8
Mountain
 62
1
 10
185.317329
 20
-191.134543
 11
180.015880
 21
-180.214785
  0
LINE
  8
Mountain
 62
1
 10
185.317329
 20
-191.134543
 11
180.015882
 21
-180.214784
  0
LINE
  8
Mountain
 62
1
 10
217.557723
 20
-180.737440
 11
217.080740
 21
-170.657715
  0
LINE
  8
Mountain
 62
1
 10
212.624244
 20
-161.604096
 11
217.080740
 21
-170.657715
  0
LINE
  8
Mountain
 62
1
 10
212.624244
 20
-161.604096
 11
217.080740
 21
-170.657715
  0
LINE
  8
Mountain
 62
1
 10
179.376137
 20
-168.093019
 11
180.015882
 21
-180.214784
  0
LINE
  8
Mountain
 62
1
 10
178.979608
 20
-133.653797
 11
169.404965
 21
-123.578965
  0
LINE
  8
Mountain
 62
1
 10
178.979608
 20
-133.653797
 11
169.404966
 21
-123.578965
  0
LINE
  8
Mountain
 62
1
 10
200.042153
 20
-129.543092
 11
207.242832
 21
-117.896104
  0
LINE
  8
Mountain
 62
1
 10
196.938496
 20
-108.878191
 11
207.242832
 21
-117.896104
  0
LINE
  8
Mountain
 62
1
 10
196.938496
 20
-108.878191
 11
207.242832
 21
-117.896104
  0
LINE
  8
Mountain
 62
1
 10
175.597670
 20
-111.136039
 11
169.404966
 21
-123.578965
  0
LINE
  8
Mountain
 62
1
 10
178.206631
 20
-76.793491
 11
163.094716
 21
-62.222283
  0
LINE
  8
Mountain
 62
1
 10
187.200895
 20
-75.841902
 11
201.444988
 21
-59.490012
  0
LINE
  8
Mountain
 62
1
 10
185.026548
 20
-45.322679
 11
201.444988
 21
-59.490012
  0
LINE
  8
Mountain
 62
1
 10
185.026548
 20
-45.322679
 11
201.444988
 21
-59.490012
  0
LINE
  8
Mountain
 62
1
 10
175.988223
 20
-45.655825
 11
163.094716
 21
-62.222283
  0
LINE
  8
Mountain
 62
1
 10
175.988223
 20
-45.655825
 11
163.094714
 21
-62.222282
  0
LINE
  8
Mountain
 62
1
 10
177.292720
 20
-11.239025
 11
160.918170
 21
0.026246
  0
LINE
  8
Mountain
 62
1
 10
177.292720
 20
-11.239025
 11
160.918170
 21
0.026246
  0
LINE
  8
Mountain
 62
1
 10
181.191878
 20
-11.095305
 11
199.284346
 21
0.222917
  0
LINE
  8
Mountain
 62
1
 10
221.703228
 20
10.824873
 11
244.961760
 21
0.990644
  0
LINE
  8
Mountain
 62
1
 10
217.801429
 20
10.832215
 11
199.284346
 21
0.222917
  0
LINE
  8
Mountain
 62
1
 10
215.294728
 20
45.182382
 11
200.129533
 21
59.588846
  0
LINE
  8
Mountain
 62
1
 10
224.339173
 20
45.165364
 11
242.741192
 21
57.482818
  0
LINE
  8
Mountain
 62
1
 10
224.339173
 20
45.165364
 11
242.741192
 21
57.482818
  0
LINE
  8
Mountain
 62
1
 10
225.643438
 20
71.554803
 11
242.741192
 21
57.482818
  0
LINE
  8
Mountain
 62
1
 10
216.641392
 20
72.429711
 11
200.129533
 21
59.588846
  0
LINE
  8
Mountain
 62
1
 10
216.641392
 20
72.429711
 11
200.129533
 21
59.588846
  0
LINE
  8
Mountain
 62
1
 10
213.739873
 20
106.748788
 11
206.120690
 21
117.191052
  0
LINE
  8
Mountain
 62
1
 10
235.099165
 20
104.672881
 11
246.737131
 21
110.656620
  0
LINE
  8
Mountain
 62
1
 10
237.563182
 20
119.988610
 11
246.737132
 21
110.656621
  0
LINE
  8
Mountain
 62
1
 10
237.563182
 20
119.988610
 11
246.737131
 21
110.656620
  0
LINE
  8
Mountain
 62
1
 10
216.630574
 20
124.716685
 11
206.120690
 21
117.191052
  0
LINE
  8
Mountain
 62
1
 10
216.630574
 20
124.716685
 11
206.120690
 21
117.191052
  0
LINE
  8
Mountain
 62
1
 10
218.039292
 20
159.129372
 11
217.661228
 21
169.175910
  0
LINE
  8
Mountain
 62
1
 10
251.082289
 20
151.665911
 11
256.747446
 21
157.148171
  0
LINE
  8
Mountain
 62
1
 10
255.144564
 20
164.866976
 11
256.747446
 21
157.148172
  0
LINE
  8
Mountain
 62
1
 10
255.144564
 20
164.866976
 11
256.747446
 21
157.148171
  0
LINE
  8
Mountain
 62
1
 10
223.622138
 20
177.271798
 11
217.661228
 21
169.175910
  0
LINE
  8
Mountain
 62
1
 10
223.622138
 20
177.271798
 11
217.661228
 21
169.175910
  0
LINE
  8
Mountain
 62
1
 10
233.806342
 20
210.173160
 11
238.624824
 21
225.397164
  0
LINE
  8
Mountain
 62
1
 10
233.806342
 20
210.173160
 11
238.624824
 21
225.397164
  0
LINE
  8
Mountain
 62
1
 10
270.114213
 20
195.885151
 11
276.160506
 21
206.392024
  0
LINE
  8
Mountain
 62
1
 10
270.114213
 20
195.885151
 11
276.160506
 21
206.392024
  0
LINE
  8
Mountain
 62
1
 10
267.718118
 20
-200.775736
 11
270.964899
 21
-211.230207
  0
LINE
  8
Mountain
 62
1
 10
267.718118
 20
-200.775736
 11
270.964899
 21
-211.230207
  0
LINE
  8
Mountain
 62
1
 10
230.546299
 20
-212.635947
 11
235.229835
 21
-227.236646
  0
LINE
  8
Mountain
 62
1
 10
230.546299
 20
-212.635947
 11
235.229835
 21
-227.236646
  0
LINE
  8
Mountain
 62
1
 10
222.556086
 20
-179.134091
 11
217.080740
 21
-170.657715
  0
LINE
  8
Mountain
 62
1
 10
222.556086
 20
-179.134091
 11
217.080740
 21
-170.657715
  0
LINE
  8
Mountain
 62
1
 10
254.828587
 20
-168.837083
 11
257.436574
 21
-160.679348
  0
LINE
  8
Mountain
 62
1
 10
254.828587
 20
-168.837083
 11
257.436574
 21
-160.679348
  0
LINE
  8
Mountain
 62
1
 10
251.327376
 20
-154.677020
 11
257.436574
 21
-160.679348
  0
LINE
  8
Mountain
 62
1
 10
217.974939
 20
-160.606408
 11
217.080740
 21
-170.657715
  0
LINE
  8
Mountain
 62
1
 10
218.157090
 20
-126.165388
 11
207.242832
 21
-117.896104
  0
LINE
  8
Mountain
 62
1
 10
218.157090
 20
-126.165388
 11
207.242832
 21
-117.896104
  0
LINE
  8
Mountain
 62
1
 10
239.285728
 20
-122.409143
 11
250.445796
 21
-112.062734
  0
LINE
  8
Mountain
 62
1
 10
236.941392
 20
-105.046583
 11
250.445796
 21
-112.062734
  0
LINE
  8
Mountain
 62
1
 10
236.941392
 20
-105.046583
 11
250.445796
 21
-112.062734
  0
LINE
  8
Mountain
 62
1
 10
215.573163
 20
-107.028369
 11
207.242832
 21
-117.896104
  0
LINE
  8
Mountain
 62
1
 10
218.625848
 20
-72.722417
 11
201.444988
 21
-59.490012
  0
LINE
  8
Mountain
 62
1
 10
218.625848
 20
-72.722417
 11
201.444988
 21
-59.490012
  0
LINE
  8
Mountain
 62
1
 10
227.631661
 20
-71.887177
 11
246.402826
 21
-56.609376
  0
LINE
  8
Mountain
 62
1
 10
225.835342
 20
-43.852166
 11
246.402828
 21
-56.609373
  0
LINE
  8
Mountain
 62
1
 10
225.835342
 20
-43.852166
 11
246.402826
 21
-56.609376
  0
LINE
  8
Mountain
 62
1
 10
216.796576
 20
-44.173118
 11
201.444988
 21
-59.490012
  0
LINE
  8
Mountain
 62
1
 10
218.147502
 20
-9.758109
 11
199.284346
 21
0.222917
  0
LINE
  8
Mountain
 62
1
 10
218.147502
 20
-9.758109
 11
199.284346
 21
0.222917
  0
LINE
  8
Mountain
 62
1
 10
222.046850
 20
-9.619649
 11
244.961760
 21
0.990644
  0
LINE
  8
Mountain
 62
1
 10
222.046850
 20
-9.619649
 11
244.961761
 21
0.990643
  0
LINE
  8
Mountain
 62
1
 10
271.265789
 20
12.933767
 11
301.367698
 21
3.671640
  0
LINE
  8
Mountain
 62
1
 10
267.376606
 20
12.620181
 11
244.961761
 21
0.990643
  0
LINE
  8
Mountain
 62
1
 10
267.376606
 20
12.620181
 11
244.961760
 21
0.990644
  0
LINE
  8
Mountain
 62
1
 10
262.053277
 20
46.647813
 11
242.741192
 21
57.482818
  0
LINE
  8
Mountain
 62
1
 10
271.068481
 20
47.374711
 11
289.113891
 21
58.116458
  0
LINE
  8
Mountain
 62
1
 10
271.068481
 20
47.374711
 11
289.113892
 21
58.116457
  0
LINE
  8
Mountain
 62
1
 10
270.781720
 20
68.361139
 11
289.113891
 21
58.116458
  0
LINE
  8
Mountain
 62
1
 10
261.750022
 20
68.841442
 11
242.741192
 21
57.482818
  0
LINE
  8
Mountain
 62
1
 10
261.750022
 20
68.841442
 11
242.741192
 21
57.482818
  0
LINE
  8
Mountain
 62
1
 10
257.350099
 20
103.000753
 11
246.737131
 21
110.656620
  0
LINE
  8
Mountain
 62
1
 10
257.350099
 20
103.000753
 11
246.737132
 21
110.656621
  0
LINE
  8
Mountain
 62
1
 10
278.779751
 20
101.861128
 11
290.222620
 21
105.078882
  0
LINE
  8
Mountain
 62
1
 10
279.962280
 20
111.080435
 11
290.222620
 21
105.078883
  0
LINE
  8
Mountain
 62
1
 10
279.962280
 20
111.080435
 11
290.222620
 21
105.078882
  0
LINE
  8
Mountain
 62
1
 10
258.938731
 20
115.386140
 11
246.737132
 21
110.656621
  0
LINE
  8
Mountain
 62
1
 10
259.654375
 20
149.820215
 11
256.747446
 21
157.148171
  0
LINE
  8
Mountain
 62
1
 10
259.654375
 20
149.820215
 11
256.747446
 21
157.148172
  0
LINE
  8
Mountain
 62
1
 10
292.840928
 20
143.023477
 11
297.466344
 21
145.038535
  0
LINE
  8
Mountain
 62
1
 10
294.693778
 20
149.253722
 11
297.466344
 21
145.038535
  0
LINE
  8
Mountain
 62
1
 10
294.693778
 20
149.253722
 11
297.466344
 21
145.038535
  0
LINE
  8
Mountain
 62
1
 10
263.186394
 20
161.696702
 11
256.747446
 21
157.148172
  0
LINE
  8
Mountain
 62
1
 10
273.410426
 20
194.585708
 11
276.160506
 21
206.392024
  0
LINE
  8
Mountain
 62
1
 10
309.700973
 20
180.253751
 11
312.146936
 21
186.685032
  0
LINE
  8
Mountain
 62
1
 10
309.700973
 20
180.253751
 11
312.146287
 21
186.685388
  0
LINE
  8
Mountain
 62
1
 10
306.683031
 20
-192.260377
 11
311.360624
 21
-195.025668
  0
LINE
  8
Mountain
 62
1
 10
268.556057
 20
-200.551489
 11
270.964899
 21
-211.230207
  0
LINE
  8
Mountain
 62
1
 10
263.770463
 20
-166.444075
 11
257.436574
 21
-160.679348
  0
LINE
  8
Mountain
 62
1
 10
296.872227
 20
-159.245746
 11
309.149852
 21
-152.232631
  0
LINE
  8
Mountain
 62
1
 10
295.278841
 20
-149.490569
 11
309.708332
 21
-150.461516
  0
LINE
  8
Mountain
 62
1
 10
295.278841
 20
-149.490569
 11
309.149852
 21
-152.232631
  0
LINE
  8
Mountain
 62
1
 10
261.607025
 20
-153.198868
 11
257.436574
 21
-160.679348
  0
LINE
  8
Mountain
 62
1
 10
261.607025
 20
-153.198868
 11
257.436574
 21
-160.679348
  0
LINE
  8
Mountain
 62
1
 10
264.068932
 20
-118.845467
 11
250.445796
 21
-112.062734
  0
LINE
  8
Mountain
 62
1
 10
264.068932
 20
-118.845467
 11
250.445796
 21
-112.062734
  0
LINE
  8
Mountain
 62
1
 10
285.399893
 20
-116.496274
 11
307.439857
 21
-107.414114
  0
LINE
  8
Mountain
 62
1
 10
284.219450
 20
-102.023536
 11
308.555806
 21
-103.165199
  0
LINE
  8
Mountain
 62
1
 10
284.219450
 20
-102.023536
 11
307.439857
 21
-107.414114
  0
LINE
  8
Mountain
 62
1
 10
262.789741
 20
-103.162042
 11
250.445796
 21
-112.062734
  0
LINE
  8
Mountain
 62
1
 10
267.191445
 20
-69.002969
 11
246.402826
 21
-56.609376
  0
LINE
  8
Mountain
 62
1
 10
267.191445
 20
-69.002969
 11
246.402828
 21
-56.609373
  0
LINE
  8
Mountain
 62
1
 10
276.223171
 20
-68.523138
 11
307.372075
 21
-54.547506
  0
LINE
  8
Mountain
 62
1
 10
275.350157
 20
-42.708194
 11
308.936481
 21
-50.436264
  0
LINE
  8
Mountain
 62
1
 10
275.350157
 20
-42.708194
 11
307.372075
 21
-54.547506
  0
LINE
  8
Mountain
 62
1
 10
266.306649
 20
-42.839634
 11
246.402828
 21
-56.609373
  0
LINE
  8
Mountain
 62
1
 10
268.378579
 20
-8.460498
 11
244.961761
 21
0.990643
  0
LINE
  8
Mountain
 62
1
 10
272.279972
 20
-8.403795
 11
301.367698
 21
3.671640
  0
LINE
  8
Mountain
 62
1
 10
272.279972
 20
-8.403795
 11
310.829542
 21
-11.175856
  0
LINE
  8
Mountain
 62
1
 10
328.247273
 20
26.320243
 11
343.015555
 21
18.994872
  0
LINE
  8
Mountain
 62
1
 10
324.598760
 20
24.937332
 11
326.632174
 21
-0.572721
  0
LINE
  8
Mountain
 62
1
 10
324.598760
 20
24.937332
 11
310.829542
 21
-11.175856
  0
LINE
  8
Mountain
 62
1
 10
324.598760
 20
24.937332
 11
301.367698
 21
3.671640
  0
LINE
  8
Mountain
 62
1
 10
310.021369
 20
56.141774
 11
289.113892
 21
58.116457
  0
LINE
  8
Mountain
 62
1
 10
318.478692
 20
59.347389
 11
334.831579
 21
66.630040
  0
LINE
  8
Mountain
 62
1
 10
318.478692
 20
59.347389
 11
335.228514
 21
64.363922
  0
LINE
  8
Mountain
 62
1
 10
316.953401
 20
67.538155
 11
334.831579
 21
66.630040
  0
LINE
  8
Mountain
 62
1
 10
307.909098
 20
67.484604
 11
289.113892
 21
58.116457
  0
LINE
  8
Mountain
 62
1
 10
307.909098
 20
67.484604
 11
289.113891
 21
58.116458
  0
LINE
  8
Mountain
 62
1
 10
301.500889
 20
101.324709
 11
290.222620
 21
105.078882
  0
LINE
  8
Mountain
 62
1
 10
301.500889
 20
101.324709
 11
290.222620
 21
105.078883
  0
LINE
  8
Mountain
 62
1
 10
322.960446
 20
101.451768
 11
336.977904
 21
101.548579
  0
LINE
  8
Mountain
 62
1
 10
322.960446
 20
101.451768
 11
336.824207
 21
99.010200
  0
LINE
  8
Mountain
 62
1
 10
323.133909
 20
103.749097
 11
336.977904
 21
101.548579
  0
LINE
  8
Mountain
 62
1
 10
301.936732
 20
107.096995
 11
290.222620
 21
105.078883
  0
LINE
  8
Mountain
 62
1
 10
301.090119
 20
141.528097
 11
297.466344
 21
145.038535
  0
LINE
  8
Mountain
 62
1
 10
301.090119
 20
141.528097
 11
297.466344
 21
145.038535
  0
LINE
  8
Mountain
 62
1
 10
334.550749
 20
136.243302
 11
341.744064
 21
134.710866
  0
LINE
  8
Mountain
 62
1
 10
334.550749
 20
136.243302
 11
341.607944
 21
133.763756
  0
LINE
  8
Mountain
 62
1
 10
334.615072
 20
136.519074
 11
341.744064
 21
134.710866
  0
LINE
  8
Mountain
 62
1
 10
302.269271
 20
146.583465
 11
297.466344
 21
145.038535
  0
LINE
  8
Mountain
 62
1
 10
310.018075
 20
180.141977
 11
312.146287
 21
186.685388
  0
LINE
  8
Mountain
 62
1
 10
347.274321
 20
168.549701
 11
347.274321
 21
168.549701
  0
LINE
  8
Mountain
 62
1
 10
-310.018084
 20
-180.141973
 11
-312.146295
 21
-186.685383
  0
LINE
  8
Mountain
 62
1
 10
-347.274329
 20
-168.549695
 11
-347.274329
 21
-168.549695
  0
LINE
  8
Mountain
 62
1
 10
-334.615077
 20
-136.519067
 11
-341.744070
 21
-134.710860
  0
LINE
  8
Mountain
 62
1
 10
-302.269279
 20
-146.583460
 11
-297.466350
 21
-145.038531
  0
LINE
  8
Mountain
 62
1
 10
-302.269279
 20
-146.583460
 11
-297.466350
 21
-145.038531
  0
LINE
  8
Mountain
 62
1
 10
-301.090127
 20
-141.528092
 11
-297.466350
 21
-145.038531
  0
LINE
  8
Mountain
 62
1
 10
-334.550754
 20
-136.243296
 11
-341.744070
 21
-134.710860
  0
LINE
  8
Mountain
 62
1
 10
-334.550754
 20
-136.243296
 11
-341.607949
 21
-133.763749
  0
LINE
  8
Mountain
 62
1
 10
-323.133911
 20
-103.749099
 11
-336.977909
 21
-101.548591
  0
LINE
  8
Mountain
 62
1
 10
-301.936736
 20
-107.096996
 11
-290.222623
 21
-105.078892
  0
LINE
  8
Mountain
 62
1
 10
-301.936736
 20
-107.096996
 11
-290.222623
 21
-105.078892
  0
LINE
  8
Mountain
 62
1
 10
-301.500895
 20
-101.324726
 11
-290.222623
 21
-105.078892
  0
LINE
  8
Mountain
 62
1
 10
-322.960450
 20
-101.451787
 11
-336.977909
 21
-101.548591
  0
LINE
  8
Mountain
 62
1
 10
-322.960450
 20
-101.451787
 11
-336.824210
 21
-99.010209
  0
LINE
  8
Mountain
 62
1
 10
-316.953405
 20
-67.538182
 11
-334.831582
 21
-66.630073
  0
LINE
  8
Mountain
 62
1
 10
-307.909100
 20
-67.484631
 11
-289.113892
 21
-58.116489
  0
LINE
  8
Mountain
 62
1
 10
-310.021369
 20
-56.141812
 11
-289.113892
 21
-58.116488
  0
LINE
  8
Mountain
 62
1
 10
-310.021369
 20
-56.141812
 11
-289.113892
 21
-58.116489
  0
LINE
  8
Mountain
 62
1
 10
-318.478694
 20
-59.347428
 11
-334.831582
 21
-66.630073
  0
LINE
  8
Mountain
 62
1
 10
-318.478694
 20
-59.347428
 11
-335.228517
 21
-64.363954
  0
LINE
  8
Mountain
 62
1
 10
-328.247275
 20
-26.320277
 11
-343.015555
 21
-18.994905
  0
LINE
  8
Mountain
 62
1
 10
-324.598762
 20
-24.937366
 11
-326.632170
 21
0.572692
  0
LINE
  8
Mountain
 62
1
 10
-324.598762
 20
-24.937366
 11
-310.829539
 21
11.175822
  0
LINE
  8
Mountain
 62
1
 10
-324.598762
 20
-24.937366
 11
-301.367697
 21
-3.671666
  0
LINE
  8
Mountain
 62
1
 10
-268.378573
 20
8.460478
 11
-244.961749
 21
-0.990670
  0
LINE
  8
Mountain
 62
1
 10
-268.378573
 20
8.460478
 11
-244.961749
 21
-0.990671
  0
LINE
  8
Mountain
 62
1
 10
-272.279966
 20
8.403774
 11
-301.367697
 21
-3.671666
  0
LINE
  8
Mountain
 62
1
 10
-272.279966
 20
8.403774
 11
-310.829539
 21
11.175822
  0
LINE
  8
Mountain
 62
1
 10
-275.350152
 20
42.708169
 11
-308.936477
 21
50.436247
  0
LINE
  8
Mountain
 62
1
 10
-275.350152
 20
42.708169
 11
-307.372071
 21
54.547485
  0
LINE
  8
Mountain
 62
1
 10
-266.306646
 20
42.839609
 11
-246.402823
 21
56.609359
  0
LINE
  8
Mountain
 62
1
 10
-266.306646
 20
42.839609
 11
-246.402822
 21
56.609358
  0
LINE
  8
Mountain
 62
1
 10
-267.191446
 20
69.002962
 11
-246.402823
 21
56.609359
  0
LINE
  8
Mountain
 62
1
 10
-276.223169
 20
68.523129
 11
-307.372071
 21
54.547485
  0
LINE
  8
Mountain
 62
1
 10
-284.219449
 20
102.023535
 11
-308.555803
 21
103.165206
  0
LINE
  8
Mountain
 62
1
 10
-284.219449
 20
102.023535
 11
-307.439853
 21
107.414118
  0
LINE
  8
Mountain
 62
1
 10
-262.789739
 20
103.162043
 11
-250.445794
 21
112.062744
  0
LINE
  8
Mountain
 62
1
 10
-264.068932
 20
118.845483
 11
-250.445793
 21
112.062744
  0
LINE
  8
Mountain
 62
1
 10
-264.068932
 20
118.845483
 11
-250.445794
 21
112.062744
  0
LINE
  8
Mountain
 62
1
 10
-285.399895
 20
116.496288
 11
-307.439853
 21
107.414118
  0
LINE
  8
Mountain
 62
1
 10
-295.278848
 20
149.490589
 11
-309.708331
 21
150.461535
  0
LINE
  8
Mountain
 62
1
 10
-295.278848
 20
149.490589
 11
-309.149851
 21
152.232649
  0
LINE
  8
Mountain
 62
1
 10
-261.607028
 20
153.198890
 11
-257.436580
 21
160.679367
  0
LINE
  8
Mountain
 62
1
 10
-263.770467
 20
166.444091
 11
-257.436579
 21
160.679368
  0
LINE
  8
Mountain
 62
1
 10
-263.770467
 20
166.444091
 11
-257.436580
 21
160.679367
  0
LINE
  8
Mountain
 62
1
 10
-296.872234
 20
159.245760
 11
-309.149851
 21
152.232649
  0
LINE
  8
Mountain
 62
1
 10
-306.683037
 20
192.260391
 11
-311.360622
 21
195.025678
  0
LINE
  8
Mountain
 62
1
 10
-268.556064
 20
200.551505
 11
-270.964907
 21
211.230215
  0
LINE
  8
Mountain
 62
1
 10
-273.410438
 20
-194.585708
 11
-276.160514
 21
-206.392024
  0
LINE
  8
Mountain
 62
1
 10
-309.700981
 20
-180.253748
 11
-312.146724
 21
-186.685149
  0
LINE
  8
Mountain
 62
1
 10
-309.700981
 20
-180.253748
 11
-312.146295
 21
-186.685383
  0
LINE
  8
Mountain
 62
1
 10
-294.693782
 20
-149.253719
 11
-297.466350
 21
-145.038531
  0
LINE
  8
Mountain
 62
1
 10
-263.186403
 20
-161.696699
 11
-256.747448
 21
-157.148171
  0
LINE
  8
Mountain
 62
1
 10
-263.186403
 20
-161.696699
 11
-256.747447
 21
-157.148173
  0
LINE
  8
Mountain
 62
1
 10
-259.654383
 20
-149.820213
 11
-256.747448
 21
-157.148171
  0
LINE
  8
Mountain
 62
1
 10
-292.840932
 20
-143.023474
 11
-297.466350
 21
-145.038531
  0
LINE
  8
Mountain
 62
1
 10
-292.840932
 20
-143.023474
 11
-297.466350
 21
-145.038531
  0
LINE
  8
Mountain
 62
1
 10
-279.962281
 20
-111.080439
 11
-290.222623
 21
-105.078892
  0
LINE
  8
Mountain
 62
1
 10
-258.938733
 20
-115.386148
 11
-246.737128
 21
-110.656638
  0
LINE
  8
Mountain
 62
1
 10
-258.938733
 20
-115.386148
 11
-246.737127
 21
-110.656640
  0
LINE
  8
Mountain
 62
1
 10
-257.350101
 20
-103.000775
 11
-246.737128
 21
-110.656638
  0
LINE
  8
Mountain
 62
1
 10
-278.779751
 20
-101.861148
 11
-290.222623
 21
-105.078892
  0
LINE
  8
Mountain
 62
1
 10
-278.779751
 20
-101.861148
 11
-290.222623
 21
-105.078892
  0
LINE
  8
Mountain
 62
1
 10
-270.781721
 20
-68.361168
 11
-289.113892
 21
-58.116489
  0
LINE
  8
Mountain
 62
1
 10
-270.781721
 20
-68.361168
 11
-289.113892
 21
-58.116488
  0
LINE
  8
Mountain
 62
1
 10
-261.750021
 20
-68.841474
 11
-242.741185
 21
-57.482857
  0
LINE
  8
Mountain
 62
1
 10
-262.053272
 20
-46.647853
 11
-242.741184
 21
-57.482856
  0
LINE
  8
Mountain
 62
1
 10
-262.053272
 20
-46.647853
 11
-242.741185
 21
-57.482857
  0
LINE
  8
Mountain
 62
1
 10
-271.068477
 20
-47.374750
 11
-289.113892
 21
-58.116488
  0
LINE
  8
Mountain
 62
1
 10
-271.265783
 20
-12.933801
 11
-301.367697
 21
-3.671666
  0
LINE
  8
Mountain
 62
1
 10
-267.376600
 20
-12.620216
 11
-244.961749
 21
-0.990671
  0
LINE
  8
Mountain
 62
1
 10
-218.147485
 20
9.758094
 11
-199.284328
 21
-0.222943
  0
LINE
  8
Mountain
 62
1
 10
-218.147485
 20
9.758094
 11
-199.284329
 21
-0.222944
  0
LINE
  8
Mountain
 62
1
 10
-222.046835
 20
9.619634
 11
-244.961749
 21
-0.990670
  0
LINE
  8
Mountain
 62
1
 10
-225.835330
 20
43.852145
 11
-246.402822
 21
56.609358
  0
LINE
  8
Mountain
 62
1
 10
-216.796558
 20
44.173099
 11
-201.444969
 21
59.490002
  0
LINE
  8
Mountain
 62
1
 10
-216.796558
 20
44.173099
 11
-201.444969
 21
59.490002
  0
LINE
  8
Mountain
 62
1
 10
-218.625836
 20
72.722411
 11
-201.444969
 21
59.490002
  0
LINE
  8
Mountain
 62
1
 10
-227.631655
 20
71.887169
 11
-246.402822
 21
56.609358
  0
LINE
  8
Mountain
 62
1
 10
-227.631655
 20
71.887169
 11
-246.402823
 21
56.609359
  0
LINE
  8
Mountain
 62
1
 10
-236.941389
 20
105.046583
 11
-250.445794
 21
112.062744
  0
LINE
  8
Mountain
 62
1
 10
-236.941389
 20
105.046583
 11
-250.445793
 21
112.062744
  0
LINE
  8
Mountain
 62
1
 10
-215.573148
 20
107.028370
 11
-207.242816
 21
117.896116
  0
LINE
  8
Mountain
 62
1
 10
-218.157078
 20
126.165410
 11
-207.242815
 21
117.896117
  0
LINE
  8
Mountain
 62
1
 10
-218.157078
 20
126.165410
 11
-207.242816
 21
117.896116
  0
LINE
  8
Mountain
 62
1
 10
-239.285727
 20
122.409163
 11
-250.445793
 21
112.062744
  0
LINE
  8
Mountain
 62
1
 10
-251.327383
 20
154.677043
 11
-257.436580
 21
160.679367
  0
LINE
  8
Mountain
 62
1
 10
-251.327383
 20
154.677043
 11
-257.436579
 21
160.679368
  0
LINE
  8
Mountain
 62
1
 10
-217.974924
 20
160.606436
 11
-217.080727
 21
170.657741
  0
LINE
  8
Mountain
 62
1
 10
-217.974924
 20
160.606436
 11
-217.080727
 21
170.657741
  0
LINE
  8
Mountain
 62
1
 10
-222.556071
 20
179.134115
 11
-217.080727
 21
170.657741
  0
LINE
  8
Mountain
 62
1
 10
-254.828593
 20
168.837099
 11
-257.436579
 21
160.679368
  0
LINE
  8
Mountain
 62
1
 10
-267.718127
 20
200.775752
 11
-270.964907
 21
211.230215
  0
LINE
  8
Mountain
 62
1
 10
-267.718127
 20
200.775752
 11
-270.964906
 21
211.230216
  0
LINE
  8
Mountain
 62
1
 10
-230.546283
 20
212.635969
 11
-235.229818
 21
227.236664
  0
LINE
  8
Mountain
 62
1
 10
-230.546283
 20
212.635969
 11
-235.229818
 21
227.236665
  0
LINE
  8
Mountain
 62
1
 10
-233.806321
 20
-210.173175
 11
-238.624807
 21
-225.397178
  0
LINE
  8
Mountain
 62
1
 10
-233.806321
 20
-210.173175
 11
-238.624807
 21
-225.397178
  0
LINE
  8
Mountain
 62
1
 10
-270.114216
 20
-195.885155
 11
-276.160513
 21
-206.392024
  0
LINE
  8
Mountain
 62
1
 10
-270.114216
 20
-195.885155
 11
-276.160514
 21
-206.392024
  0
LINE
  8
Mountain
 62
1
 10
-255.144558
 20
-164.866980
 11
-256.747447
 21
-157.148173
  0
LINE
  8
Mountain
 62
1
 10
-223.622119
 20
-177.271809
 11
-217.661209
 21
-169.175920
  0
LINE
  8
Mountain
 62
1
 10
-218.039270
 20
-159.129381
 11
-217.661209
 21
-169.175920
  0
LINE
  8
Mountain
 62
1
 10
-218.039270
 20
-159.129381
 11
-217.661209
 21
-169.175920
  0
LINE
  8
Mountain
 62
1
 10
-251.082283
 20
-151.665915
 11
-256.747447
 21
-157.148173
  0
LINE
  8
Mountain
 62
1
 10
-251.082283
 20
-151.665915
 11
-256.747448
 21
-157.148171
  0
LINE
  8
Mountain
 62
1
 10
-237.563170
 20
-119.988626
 11
-246.737127
 21
-110.656640
  0
LINE
  8
Mountain
 62
1
 10
-216.630554
 20
-124.716702
 11
-206.120672
 21
-117.191073
  0
LINE
  8
Mountain
 62
1
 10
-216.630554
 20
-124.716702
 11
-206.120672
 21
-117.191073
  0
LINE
  8
Mountain
 62
1
 10
-213.739855
 20
-106.748814
 11
-206.120672
 21
-117.191073
  0
LINE
  8
Mountain
 62
1
 10
-235.099155
 20
-104.672906
 11
-246.737127
 21
-110.656640
  0
LINE
  8
Mountain
 62
1
 10
-235.099155
 20
-104.672906
 11
-246.737128
 21
-110.656638
  0
LINE
  8
Mountain
 62
1
 10
-225.643426
 20
-71.554839
 11
-242.741185
 21
-57.482857
  0
LINE
  8
Mountain
 62
1
 10
-225.643426
 20
-71.554839
 11
-242.741184
 21
-57.482856
  0
LINE
  8
Mountain
 62
1
 10
-216.641374
 20
-72.429748
 11
-200.129514
 21
-59.588886
  0
LINE
  8
Mountain
 62
1
 10
-216.641374
 20
-72.429748
 11
-200.129514
 21
-59.588886
  0
LINE
  8
Mountain
 62
1
 10
-215.294708
 20
-45.182424
 11
-200.129514
 21
-59.588886
  0
LINE
  8
Mountain
 62
1
 10
-224.339161
 20
-45.165406
 11
-242.741184
 21
-57.482856
  0
LINE
  8
Mountain
 62
1
 10
-221.703212
 20
-10.824910
 11
-244.961749
 21
-0.990671
  0
LINE
  8
Mountain
 62
1
 10
-221.703212
 20
-10.824910
 11
-244.961749
 21
-0.990670
  0
LINE
  8
Mountain
 62
1
 10
-217.801411
 20
-10.832252
 11
-199.284329
 21
-0.222944
  0
LINE
  8
Mountain
 62
1
 10
-177.292700
 20
11.239008
 11
-160.918141
 21
-0.026273
  0
LINE
  8
Mountain
 62
1
 10
-177.292700
 20
11.239008
 11
-160.918141
 21
-0.026273
  0
LINE
  8
Mountain
 62
1
 10
-181.191860
 20
11.095288
 11
-199.284328
 21
-0.222943
  0
LINE
  8
Mountain
 62
1
 10
-185.026528
 20
45.322658
 11
-201.444969
 21
59.490002
  0
LINE
  8
Mountain
 62
1
 10
-175.988199
 20
45.655804
 11
-163.094682
 21
62.222269
  0
LINE
  8
Mountain
 62
1
 10
-175.988199
 20
45.655804
 11
-163.094682
 21
62.222268
  0
LINE
  8
Mountain
 62
1
 10
-178.206604
 20
76.793486
 11
-163.094682
 21
62.222269
  0
LINE
  8
Mountain
 62
1
 10
-187.200872
 20
75.841898
 11
-201.444969
 21
59.490002
  0
LINE
  8
Mountain
 62
1
 10
-187.200872
 20
75.841898
 11
-201.444969
 21
59.490002
  0
LINE
  8
Mountain
 62
1
 10
-196.938477
 20
108.878192
 11
-207.242816
 21
117.896116
  0
LINE
  8
Mountain
 62
1
 10
-196.938477
 20
108.878192
 11
-207.242815
 21
117.896117
  0
LINE
  8
Mountain
 62
1
 10
-175.597638
 20
111.136041
 11
-169.404933
 21
123.578979
  0
LINE
  8
Mountain
 62
1
 10
-175.597638
 20
111.136041
 11
-169.404932
 21
123.578979
  0
LINE
  8
Mountain
 62
1
 10
-178.979578
 20
133.653822
 11
-169.404933
 21
123.578979
  0
LINE
  8
Mountain
 62
1
 10
-200.042137
 20
129.543115
 11
-207.242815
 21
117.896117
  0
LINE
  8
Mountain
 62
1
 10
-212.624233
 20
161.604124
 11
-217.080727
 21
170.657741
  0
LINE
  8
Mountain
 62
1
 10
-179.376103
 20
168.093048
 11
-180.015847
 21
180.214814
  0
LINE
  8
Mountain
 62
1
 10
-179.376103
 20
168.093048
 11
-180.015847
 21
180.214814
  0
LINE
  8
Mountain
 62
1
 10
-185.317294
 20
191.134572
 11
-180.015847
 21
180.214814
  0
LINE
  8
Mountain
 62
1
 10
-217.557709
 20
180.737463
 11
-217.080727
 21
170.657741
  0
LINE
  8
Mountain
 62
1
 10
-217.557709
 20
180.737463
 11
-217.080727
 21
170.657741
  0
LINE
  8
Mountain
 62
1
 10
-230.546283
 20
212.635969
 11
-235.229818
 21
227.236665
  0
LINE
  8
Mountain
 62
1
 10
-193.411423
 20
224.611471
 11
-198.753670
 21
242.317160
  0
LINE
  8
Mountain
 62
1
 10
-193.411423
 20
224.611471
 11
-198.753669
 21
242.317160
  0
LINE
  8
Mountain
 62
1
 10
-195.500746
 20
-223.706782
 11
-200.796379
 21
-241.850819
  0
LINE
  8
Mountain
 62
1
 10
-195.500746
 20
-223.706782
 11
-200.796379
 21
-241.850819
  0
LINE
  8
Mountain
 62
1
 10
-232.299452
 20
-210.735051
 11
-238.624807
 21
-225.397178
  0
LINE
  8
Mountain
 62
1
 10
-218.456105
 20
-179.198096
 11
-217.661209
 21
-169.175920
  0
LINE
  8
Mountain
 62
1
 10
-218.456105
 20
-179.198096
 11
-217.661209
 21
-169.175920
  0
LINE
  8
Mountain
 62
1
 10
-186.507542
 20
-190.460127
 11
-180.764742
 21
-179.659379
  0
LINE
  8
Mountain
 62
1
 10
-179.970378
 20
-167.452623
 11
-180.764742
 21
-179.659379
  0
LINE
  8
Mountain
 62
1
 10
-179.970378
 20
-167.452623
 11
-180.764742
 21
-179.659379
  0
LINE
  8
Mountain
 62
1
 10
-213.067545
 20
-160.233095
 11
-217.661209
 21
-169.175920
  0
LINE
  8
Mountain
 62
1
 10
-199.782467
 20
-128.456945
 11
-206.120672
 21
-117.191073
  0
LINE
  8
Mountain
 62
1
 10
-178.815542
 20
-133.030487
 11
-169.256989
 21
-123.237639
  0
LINE
  8
Mountain
 62
1
 10
-175.186309
 20
-110.904393
 11
-169.256989
 21
-123.237639
  0
LINE
  8
Mountain
 62
1
 10
-175.186309
 20
-110.904393
 11
-169.256989
 21
-123.237639
  0
LINE
  8
Mountain
 62
1
 10
-196.515637
 20
-108.540291
 11
-206.120672
 21
-117.191073
  0
LINE
  8
Mountain
 62
1
 10
-196.515637
 20
-108.540291
 11
-206.120672
 21
-117.191073
  0
LINE
  8
Mountain
 62
1
 10
-186.613628
 20
-75.552910
 11
-200.129514
 21
-59.588886
  0
LINE
  8
Mountain
 62
1
 10
-177.624210
 20
-76.549279
 11
-162.705645
 21
-62.156020
  0
LINE
  8
Mountain
 62
1
 10
-175.519073
 20
-45.860453
 11
-162.705645
 21
-62.156020
  0
LINE
  8
Mountain
 62
1
 10
-175.519073
 20
-45.860453
 11
-162.705645
 21
-62.156020
  0
LINE
  8
Mountain
 62
1
 10
-184.560344
 20
-45.619986
 11
-200.129514
 21
-59.588886
  0
LINE
  8
Mountain
 62
1
 10
-184.560344
 20
-45.619986
 11
-200.129514
 21
-59.588886
  0
LINE
  8
Mountain
 62
1
 10
-181.076776
 20
-11.355096
 11
-199.284329
 21
-0.222944
  0
LINE
  8
Mountain
 62
1
 10
-181.076776
 20
-11.355096
 11
-199.284328
 21
-0.222943
  0
LINE
  8
Mountain
 62
1
 10
-177.176347
 20
-11.458834
 11
-160.918141
 21
-0.026273
  0
LINE
  8
Mountain
 62
1
 10
-141.470722
 20
12.484150
 11
-125.552948
 21
0.011300
  0
LINE
  8
Mountain
 62
1
 10
-141.470722
 20
12.484150
 11
-125.552949
 21
0.011300
  0
LINE
  8
Mountain
 62
1
 10
-145.370399
 20
12.355182
 11
-160.918141
 21
-0.026273
  0
LINE
  8
Mountain
 62
1
 10
-149.075564
 20
46.596813
 11
-163.094682
 21
62.222268
  0
LINE
  8
Mountain
 62
1
 10
-140.036039
 20
46.895765
 11
-127.485234
 21
64.587043
  0
LINE
  8
Mountain
 62
1
 10
-140.036039
 20
46.895765
 11
-127.485234
 21
64.587043
  0
LINE
  8
Mountain
 62
1
 10
-142.265214
 20
80.463321
 11
-127.485234
 21
64.587043
  0
LINE
  8
Mountain
 62
1
 10
-151.264890
 20
79.564315
 11
-163.094682
 21
62.222268
  0
LINE
  8
Mountain
 62
1
 10
-151.264890
 20
79.564315
 11
-163.094682
 21
62.222269
  0
LINE
  8
Mountain
 62
1
 10
-160.809250
 20
112.656957
 11
-169.404932
 21
123.578979
  0
LINE
  8
Mountain
 62
1
 10
-139.455579
 20
114.790041
 11
-133.317392
 21
128.613569
  0
LINE
  8
Mountain
 62
1
 10
-139.455579
 20
114.790041
 11
-133.317392
 21
128.613569
  0
LINE
  8
Mountain
 62
1
 10
-143.004621
 20
140.229285
 11
-133.317392
 21
128.613569
  0
LINE
  8
Mountain
 62
1
 10
-164.126752
 20
136.436549
 11
-169.404932
 21
123.578979
  0
LINE
  8
Mountain
 62
1
 10
-164.126752
 20
136.436549
 11
-169.404933
 21
123.578979
  0
LINE
  8
Mountain
 62
1
 10
-176.224123
 20
168.683583
 11
-180.015847
 21
180.214814
  0
LINE
  8
Mountain
 62
1
 10
-142.881952
 20
174.670575
 11
-143.073993
 21
188.704670
  0
LINE
  8
Mountain
 62
1
 10
-149.028162
 20
201.414532
 11
-143.073993
 21
188.704671
  0
LINE
  8
Mountain
 62
1
 10
-149.028162
 20
201.414532
 11
-143.073993
 21
188.704670
  0
LINE
  8
Mountain
 62
1
 10
-181.638808
 20
192.244463
 11
-180.015847
 21
180.214814
  0
LINE
  8
Mountain
 62
1
 10
-181.638808
 20
192.244463
 11
-180.015847
 21
180.214814
  0
LINE
  8
Mountain
 62
1
 10
-193.411423
 20
224.611471
 11
-198.753669
 21
242.317160
  0
LINE
  8
Mountain
 62
1
 10
-155.850128
 20
235.173657
 11
-159.855716
 21
255.738106
  0
LINE
  8
Mountain
 62
1
 10
-157.055063
 20
-234.970996
 11
-160.924480
 21
-255.861014
  0
LINE
  8
Mountain
 62
1
 10
-194.506866
 20
-224.026907
 11
-200.796379
 21
-241.850819
  0
LINE
  8
Mountain
 62
1
 10
-182.405297
 20
-191.781445
 11
-180.764742
 21
-179.659379
  0
LINE
  8
Mountain
 62
1
 10
-182.405297
 20
-191.781445
 11
-180.764742
 21
-179.659379
  0
LINE
  8
Mountain
 62
1
 10
-149.889715
 20
-201.283080
 11
-143.623076
 21
-188.589971
  0
LINE
  8
Mountain
 62
1
 10
-143.434293
 20
-174.435462
 11
-143.623076
 21
-188.589971
  0
LINE
  8
Mountain
 62
1
 10
-143.434293
 20
-174.435462
 11
-143.623076
 21
-188.589971
  0
LINE
  8
Mountain
 62
1
 10
-176.715153
 20
-168.116558
 11
-180.764742
 21
-179.659379
  0
LINE
  8
Mountain
 62
1
 10
-164.297086
 20
-135.991665
 11
-169.256989
 21
-123.237639
  0
LINE
  8
Mountain
 62
1
 10
-164.297086
 20
-135.991665
 11
-169.256989
 21
-123.237639
  0
LINE
  8
Mountain
 62
1
 10
-143.213794
 20
-139.994666
 11
-133.436029
 21
-128.485574
  0
LINE
  8
Mountain
 62
1
 10
-139.501473
 20
-114.655379
 11
-133.436029
 21
-128.485573
  0
LINE
  8
Mountain
 62
1
 10
-139.501473
 20
-114.655379
 11
-133.436029
 21
-128.485574
  0
LINE
  8
Mountain
 62
1
 10
-160.847006
 20
-112.442363
 11
-169.256989
 21
-123.237639
  0
LINE
  8
Mountain
 62
1
 10
-151.178817
 20
-79.385695
 11
-162.705645
 21
-62.156020
  0
LINE
  8
Mountain
 62
1
 10
-151.178817
 20
-79.385695
 11
-162.705645
 21
-62.156020
  0
LINE
  8
Mountain
 62
1
 10
-142.182568
 20
-80.318389
 11
-127.419832
 21
-64.527995
  0
LINE
  8
Mountain
 62
1
 10
-139.936382
 20
-46.903839
 11
-127.419831
 21
-64.527995
  0
LINE
  8
Mountain
 62
1
 10
-139.936382
 20
-46.903839
 11
-127.419832
 21
-64.527995
  0
LINE
  8
Mountain
 62
1
 10
-148.976524
 20
-46.624095
 11
-162.705645
 21
-62.156020
  0
LINE
  8
Mountain
 62
1
 10
-145.344125
 20
-12.374663
 11
-160.918141
 21
-0.026273
  0
LINE
  8
Mountain
 62
1
 10
-145.344125
 20
-12.374663
 11
-160.918141
 21
-0.026273
  0
LINE
  8
Mountain
 62
1
 10
-141.444184
 20
-12.495345
 11
-125.552949
 21
0.011300
  0
LINE
  8
Mountain
 62
1
 10
-106.509020
 20
13.518022
 11
-90.313328
 21
0.008945
  0
LINE
  8
Mountain
 62
1
 10
-110.409430
 20
13.413590
 11
-125.552948
 21
0.011300
  0
LINE
  8
Mountain
 62
1
 10
-113.899087
 20
47.677856
 11
-127.485234
 21
64.587043
  0
LINE
  8
Mountain
 62
1
 10
-104.857859
 20
47.919929
 11
-91.829163
 21
66.530138
  0
LINE
  8
Mountain
 62
1
 10
-106.803042
 20
83.614333
 11
-91.829161
 21
66.530139
  0
LINE
  8
Mountain
 62
1
 10
-106.803042
 20
83.614333
 11
-91.829163
 21
66.530138
  0
LINE
  8
Mountain
 62
1
 10
-115.817035
 20
82.872478
 11
-127.485234
 21
64.587043
  0
LINE
  8
Mountain
 62
1
 10
-115.817035
 20
82.872478
 11
-127.485234
 21
64.587043
  0
LINE
  8
Mountain
 62
1
 10
-124.782589
 20
116.126599
 11
-133.317392
 21
128.613569
  0
LINE
  8
Mountain
 62
1
 10
-103.394955
 20
117.886810
 11
-96.475637
 21
132.801295
  0
LINE
  8
Mountain
 62
1
 10
-103.394955
 20
117.886810
 11
-96.475636
 21
132.801295
  0
LINE
  8
Mountain
 62
1
 10
-106.565784
 20
145.782349
 11
-96.475637
 21
132.801295
  0
LINE
  8
Mountain
 62
1
 10
-127.802848
 20
142.697498
 11
-133.317392
 21
128.613569
  0
LINE
  8
Mountain
 62
1
 10
-127.802848
 20
142.697498
 11
-133.317392
 21
128.613569
  0
LINE
  8
Mountain
 62
1
 10
-138.815972
 20
175.330742
 11
-143.073993
 21
188.704670
  0
LINE
  8
Mountain
 62
1
 10
-138.815972
 20
175.330742
 11
-143.073993
 21
188.704671
  0
LINE
  8
Mountain
 62
1
 10
-105.292376
 20
180.200309
 11
-104.229311
 21
195.788117
  0
LINE
  8
Mountain
 62
1
 10
-110.725965
 20
209.997387
 11
-104.229310
 21
195.788117
  0
LINE
  8
Mountain
 62
1
 10
-110.725965
 20
209.997387
 11
-104.229311
 21
195.788117
  0
LINE
  8
Mountain
 62
1
 10
-143.810621
 20
202.720736
 11
-143.073993
 21
188.704671
  0
LINE
  8
Mountain
 62
1
 10
-153.699532
 20
235.712056
 11
-159.855716
 21
255.738106
  0
LINE
  8
Mountain
 62
1
 10
-153.699532
 20
235.712056
 11
-159.855715
 21
255.738106
  0
LINE
  8
Mountain
 62
1
 10
-115.592264
 20
244.093381
 11
-117.372983
 21
266.930516
  0
LINE
  8
Mountain
 62
1
 10
-116.150308
 20
-244.179386
 11
-117.764755
 21
-267.233217
  0
LINE
  8
Mountain
 62
1
 10
-154.235046
 20
-235.696274
 11
-160.924479
 21
-255.861015
  0
LINE
  8
Mountain
 62
1
 10
-154.235046
 20
-235.696274
 11
-160.924480
 21
-255.861014
  0
LINE
  8
Mountain
 62
1
 10
-144.258022
 20
-202.731493
 11
-143.623076
 21
-188.589971
  0
LINE
  8
Mountain
 62
1
 10
-144.258022
 20
-202.731493
 11
-143.623076
 21
-188.589971
  0
LINE
  8
Mountain
 62
1
 10
-111.192928
 20
-210.096515
 11
-104.508209
 21
-195.855687
  0
LINE
  8
Mountain
 62
1
 10
-105.632908
 20
-180.164234
 11
-104.508208
 21
-195.855687
  0
LINE
  8
Mountain
 62
1
 10
-105.632908
 20
-180.164234
 11
-104.508209
 21
-195.855687
  0
LINE
  8
Mountain
 62
1
 10
-139.137226
 20
-175.163768
 11
-143.623076
 21
-188.589971
  0
LINE
  8
Mountain
 62
1
 10
-127.996733
 20
-142.573794
 11
-133.436029
 21
-128.485574
  0
LINE
  8
Mountain
 62
1
 10
-127.996733
 20
-142.573794
 11
-133.436029
 21
-128.485573
  0
LINE
  8
Mountain
 62
1
 10
-106.771882
 20
-145.741568
 11
-96.592760
 21
-132.786638
  0
LINE
  8
Mountain
 62
1
 10
-103.514131
 20
-117.835405
 11
-96.592758
 21
-132.786637
  0
LINE
  8
Mountain
 62
1
 10
-103.514131
 20
-117.835405
 11
-96.592760
 21
-132.786638
  0
LINE
  8
Mountain
 62
1
 10
-124.897915
 20
-116.029069
 11
-133.436029
 21
-128.485573
  0
LINE
  8
Mountain
 62
1
 10
-115.860660
 20
-82.794370
 11
-127.419832
 21
-64.527995
  0
LINE
  8
Mountain
 62
1
 10
-115.860660
 20
-82.794370
 11
-127.419831
 21
-64.527995
  0
LINE
  8
Mountain
 62
1
 10
-106.848289
 20
-83.555665
 11
-91.845782
 21
-66.507485
  0
LINE
  8
Mountain
 62
1
 10
-106.848289
 20
-83.555665
 11
-91.845780
 21
-66.507487
  0
LINE
  8
Mountain
 62
1
 10
-104.864263
 20
-47.900099
 11
-91.845782
 21
-66.507485
  0
LINE
  8
Mountain
 62
1
 10
-113.905458
 20
-47.656817
 11
-127.419831
 21
-64.527995
  0
LINE
  8
Mountain
 62
1
 10
-110.411222
 20
-13.393014
 11
-125.552949
 21
0.011300
  0
LINE
  8
Mountain
 62
1
 10
-110.411222
 20
-13.393014
 11
-125.552948
 21
0.011300
  0
LINE
  8
Mountain
 62
1
 10
-106.510826
 20
-13.497966
 11
-90.313328
 21
0.008945
  0
LINE
  8
Mountain
 62
1
 10
-106.510826
 20
-13.497966
 11
-90.313328
 21
0.008945
  0
LINE
  8
Mountain
 62
1
 10
-70.848679
 20
14.315071
 11
-54.471685
 21
0.002333
  0
LINE
  8
Mountain
 62
1
 10
-70.848679
 20
14.315071
 11
-54.471685
 21
0.002332
  0
LINE
  8
Mountain
 62
1
 10
-74.749797
 20
14.241727
 11
-90.313328
 21
0.008945
  0
LINE
  8
Mountain
 62
1
 10
-74.749797
 20
14.241727
 11
-90.313328
 21
0.008945
  0
LINE
  8
Mountain
 62
1
 10
-77.966280
 20
48.532713
 11
-91.829163
 21
66.530138
  0
LINE
  8
Mountain
 62
1
 10
-77.966280
 20
48.532713
 11
-91.829161
 21
66.530139
  0
LINE
  8
Mountain
 62
1
 10
-68.923412
 20
48.702727
 11
-55.440048
 21
67.925986
  0
LINE
  8
Mountain
 62
1
 10
-68.923412
 20
48.702727
 11
-55.440044
 21
67.925983
  0
LINE
  8
Mountain
 62
1
 10
-70.356391
 20
86.059863
 11
-55.440048
 21
67.925986
  0
LINE
  8
Mountain
 62
1
 10
-79.385711
 20
85.536646
 11
-91.829161
 21
66.530139
  0
LINE
  8
Mountain
 62
1
 10
-87.542843
 20
118.998250
 11
-96.475636
 21
132.801295
  0
LINE
  8
Mountain
 62
1
 10
-66.118836
 20
120.239695
 11
-58.421924
 21
135.825300
  0
LINE
  8
Mountain
 62
1
 10
-66.118836
 20
120.239695
 11
-58.421919
 21
135.825298
  0
LINE
  8
Mountain
 62
1
 10
-68.483765
 20
149.999675
 11
-58.421924
 21
135.825300
  0
LINE
  8
Mountain
 62
1
 10
-89.834956
 20
147.841913
 11
-96.475636
 21
132.801295
  0
LINE
  8
Mountain
 62
1
 10
-89.834956
 20
147.841913
 11
-96.475637
 21
132.801295
  0
LINE
  8
Mountain
 62
1
 10
-99.417553
 20
180.923500
 11
-104.229311
 21
195.788117
  0
LINE
  8
Mountain
 62
1
 10
-99.417553
 20
180.923500
 11
-104.229310
 21
195.788117
  0
LINE
  8
Mountain
 62
1
 10
-65.713807
 20
184.329615
 11
-63.396699
 21
200.910818
  0
LINE
  8
Mountain
 62
1
 10
-65.713807
 20
184.329615
 11
-63.396696
 21
200.910818
  0
LINE
  8
Mountain
 62
1
 10
-69.737958
 20
216.405776
 11
-63.396699
 21
200.910818
  0
LINE
  8
Mountain
 62
1
 10
-103.238594
 20
211.380691
 11
-104.229310
 21
195.788117
  0
LINE
  8
Mountain
 62
1
 10
-110.876278
 20
244.964667
 11
-117.372983
 21
266.930516
  0
LINE
  8
Mountain
 62
1
 10
-110.876278
 20
244.964667
 11
-117.372982
 21
266.930517
  0
LINE
  8
Mountain
 62
1
 10
-72.289880
 20
250.752615
 11
-71.774651
 21
275.015527
  0
LINE
  8
Mountain
 62
1
 10
-72.289880
 20
250.752615
 11
-71.774650
 21
275.015527
  0
LINE
  8
Mountain
 62
1
 10
-72.402790
 20
-250.894513
 11
-71.735058
 21
-275.272944
  0
LINE
  8
Mountain
 62
1
 10
-72.402790
 20
-250.894513
 11
-71.735059
 21
-275.272944
  0
LINE
  8
Mountain
 62
1
 10
-110.993754
 20
-245.137084
 11
-117.764754
 21
-267.233218
  0
LINE
  8
Mountain
 62
1
 10
-110.993754
 20
-245.137084
 11
-117.764755
 21
-267.233217
  0
LINE
  8
Mountain
 62
1
 10
-103.382632
 20
-211.547077
 11
-104.508209
 21
-195.855687
  0
LINE
  8
Mountain
 62
1
 10
-103.382632
 20
-211.547077
 11
-104.508208
 21
-195.855687
  0
LINE
  8
Mountain
 62
1
 10
-69.878035
 20
-216.545665
 11
-63.455998
 21
-201.006759
  0
LINE
  8
Mountain
 62
1
 10
-65.839869
 20
-184.362922
 11
-63.455996
 21
-201.006759
  0
LINE
  8
Mountain
 62
1
 10
-65.839869
 20
-184.362922
 11
-63.455998
 21
-201.006759
  0
LINE
  8
Mountain
 62
1
 10
-99.540772
 20
-180.928824
 11
-104.508208
 21
-195.855687
  0
LINE
  8
Mountain
 62
1
 10
-89.930712
 20
-147.855210
 11
-96.592760
 21
-132.786638
  0
LINE
  8
Mountain
 62
1
 10
-89.930712
 20
-147.855210
 11
-96.592758
 21
-132.786637
  0
LINE
  8
Mountain
 62
1
 10
-68.581320
 20
-150.030700
 11
-58.469320
 21
-135.848300
  0
LINE
  8
Mountain
 62
1
 10
-66.188363
 20
-120.233903
 11
-58.469316
 21
-135.848298
  0
LINE
  8
Mountain
 62
1
 10
-66.188363
 20
-120.233903
 11
-58.469320
 21
-135.848300
  0
LINE
  8
Mountain
 62
1
 10
-87.611316
 20
-118.974380
 11
-96.592758
 21
-132.786637
  0
LINE
  8
Mountain
 62
1
 10
-79.425950
 20
-85.519680
 11
-91.845780
 21
-66.507487
  0
LINE
  8
Mountain
 62
1
 10
-70.397072
 20
-86.050516
 11
-55.457036
 21
-67.925420
  0
LINE
  8
Mountain
 62
1
 10
-68.941379
 20
-48.692732
 11
-55.457032
 21
-67.925417
  0
LINE
  8
Mountain
 62
1
 10
-68.941379
 20
-48.692732
 11
-55.457036
 21
-67.925420
  0
LINE
  8
Mountain
 62
1
 10
-77.984187
 20
-48.519382
 11
-91.845780
 21
-66.507487
  0
LINE
  8
Mountain
 62
1
 10
-77.984187
 20
-48.519382
 11
-91.845782
 21
-66.507485
  0
LINE
  8
Mountain
 62
1
 10
-74.755049
 20
-14.229579
 11
-90.313328
 21
0.008945
  0
LINE
  8
Mountain
 62
1
 10
-70.853958
 20
-14.304363
 11
-54.471685
 21
0.002332
  0
LINE
  8
Mountain
 62
1
 10
-34.607748
 20
14.814016
 11
-18.207010
 21
-0.000014
  0
LINE
  8
Mountain
 62
1
 10
-38.509366
 20
14.776119
 11
-54.471685
 21
0.002333
  0
LINE
  8
Mountain
 62
1
 10
-41.414152
 20
49.094915
 11
-55.440044
 21
67.925983
  0
LINE
  8
Mountain
 62
1
 10
-32.370126
 20
49.182760
 11
-18.540440
 21
68.656823
  0
LINE
  8
Mountain
 62
1
 10
-33.130391
 20
87.568001
 11
-18.540436
 21
68.656825
  0
LINE
  8
Mountain
 62
1
 10
-33.130391
 20
87.568001
 11
-18.540440
 21
68.656823
  0
LINE
  8
Mountain
 62
1
 10
-42.170802
 20
87.297663
 11
-55.440044
 21
67.925983
  0
LINE
  8
Mountain
 62
1
 10
-42.170802
 20
87.297663
 11
-55.440048
 21
67.925986
  0
LINE
  8
Mountain
 62
1
 10
-49.388353
 20
120.974432
 11
-58.421919
 21
135.825298
  0
LINE
  8
Mountain
 62
1
 10
-27.938031
 20
121.615867
 11
-19.572703
 21
137.414110
  0
LINE
  8
Mountain
 62
1
 10
-29.200135
 20
152.476505
 11
-19.572699
 21
137.414113
  0
LINE
  8
Mountain
 62
1
 10
-29.200135
 20
152.476505
 11
-19.572703
 21
137.414110
  0
LINE
  8
Mountain
 62
1
 10
-50.631201
 20
151.364225
 11
-58.421919
 21
135.825298
  0
LINE
  8
Mountain
 62
1
 10
-50.631201
 20
151.364225
 11
-58.421924
 21
135.825300
  0
LINE
  8
Mountain
 62
1
 10
-58.586476
 20
184.874388
 11
-63.396696
 21
200.910818
  0
LINE
  8
Mountain
 62
1
 10
-24.756640
 20
186.630171
 11
-21.307154
 21
203.610757
  0
LINE
  8
Mountain
 62
1
 10
-26.897964
 20
220.011431
 11
-21.307152
 21
203.610758
  0
LINE
  8
Mountain
 62
1
 10
-26.897964
 20
220.011431
 11
-21.307154
 21
203.610757
  0
LINE
  8
Mountain
 62
1
 10
-60.674863
 20
217.430410
 11
-63.396696
 21
200.910818
  0
LINE
  8
Mountain
 62
1
 10
-60.674863
 20
217.430410
 11
-63.396699
 21
200.910818
  0
LINE
  8
Mountain
 62
1
 10
-65.855546
 20
251.480053
 11
-71.774650
 21
275.015527
  0
LINE
  8
Mountain
 62
1
 10
-26.950946
 20
254.452901
 11
-24.246588
 21
279.285546
  0
LINE
  8
Mountain
 62
1
 10
-26.803704
 20
-254.522444
 11
-23.996294
 21
-279.383109
  0
LINE
  8
Mountain
 62
1
 10
-65.715109
 20
-251.640044
 11
-71.735058
 21
-275.272944
  0
LINE
  8
Mountain
 62
1
 10
-60.613592
 20
-217.578448
 11
-63.455998
 21
-201.006759
  0
LINE
  8
Mountain
 62
1
 10
-60.613592
 20
-217.578448
 11
-63.455996
 21
-201.006759
  0
LINE
  8
Mountain
 62
1
 10
-26.830787
 20
-220.080943
 11
-21.247558
 21
-203.651566
  0
LINE
  8
Mountain
 62
1
 10
-26.830787
 20
-220.080943
 11
-21.247556
 21
-203.651566
  0
LINE
  8
Mountain
 62
1
 10
-24.736218
 20
-186.653738
 11
-21.247558
 21
-203.651566
  0
LINE
  8
Mountain
 62
1
 10
-58.567163
 20
-184.919514
 11
-63.455996
 21
-201.006759
  0
LINE
  8
Mountain
 62
1
 10
-50.633245
 20
-151.404294
 11
-58.469320
 21
-135.848300
  0
LINE
  8
Mountain
 62
1
 10
-50.633245
 20
-151.404294
 11
-58.469316
 21
-135.848298
  0
LINE
  8
Mountain
 62
1
 10
-29.201476
 20
-152.502917
 11
-19.569078
 21
-137.427159
  0
LINE
  8
Mountain
 62
1
 10
-29.201476
 20
-152.502917
 11
-19.569074
 21
-137.427161
  0
LINE
  8
Mountain
 62
1
 10
-27.948033
 20
-121.620366
 11
-19.569078
 21
-137.427159
  0
LINE
  8
Mountain
 62
1
 10
-49.398341
 20
-120.978516
 11
-58.469316
 21
-135.848298
  0
LINE
  8
Mountain
 62
1
 10
-42.180140
 20
-87.301895
 11
-55.457036
 21
-67.925420
  0
LINE
  8
Mountain
 62
1
 10
-42.180140
 20
-87.301895
 11
-55.457032
 21
-67.925417
  0
LINE
  8
Mountain
 62
1
 10
-33.139734
 20
-87.572408
 11
-18.544894
 21
-68.659250
  0
LINE
  8
Mountain
 62
1
 10
-33.139734
 20
-87.572408
 11
-18.544889
 21
-68.659254
  0
LINE
  8
Mountain
 62
1
 10
-32.376491
 20
-49.180960
 11
-18.544894
 21
-68.659250
  0
LINE
  8
Mountain
 62
1
 10
-41.420506
 20
-49.091944
 11
-55.457032
 21
-67.925417
  0
LINE
  8
Mountain
 62
1
 10
-38.511278
 20
-14.773519
 11
-54.471685
 21
0.002332
  0
LINE
  8
Mountain
 62
1
 10
-38.511278
 20
-14.773519
 11
-54.471685
 21
0.002333
  0
LINE
  8
Mountain
 62
1
 10
-34.609665
 20
-14.811921
 11
-18.207010
 21
-0.000014
  0
LINE
  8
Mountain
 62
1
 10
-34.609665
 20
-14.811921
 11
-18.207010
 21
-0.000014
  0
LINE
  8
Mountain
 62
1
 10
-349.466979
 20
12.125583
 11
-310.829539
 21
11.175822
  0
LINE
  8
Mountain
 62
1
 10
-349.466979
 20
12.125583
 11
-326.632170
 21
0.572692
  0
LINE
  8
Mountain
 62
1
 10
-339.164212
 20
66.990656
 11
-307.372071
 21
54.547485
  0
LINE
  8
Mountain
 62
1
 10
-339.164212
 20
66.990656
 11
-308.936477
 21
50.436247
  0
LINE
  8
Mountain
 62
1
 10
-330.312299
 20
114.129530
 11
-307.439853
 21
107.414118
  0
LINE
  8
Mountain
 62
1
 10
-330.312299
 20
114.129530
 11
-308.555803
 21
103.165206
  0
LINE
  8
Mountain
 62
1
 10
-322.084799
 20
157.943230
 11
-309.149851
 21
152.232649
  0
LINE
  8
Mountain
 62
1
 10
-322.084799
 20
157.943230
 11
-309.708331
 21
150.461535
  0
LINE
  8
Mountain
 62
1
 10
-309.890819
 20
200.256958
 11
-311.360622
 21
195.025678
  0
LINE
  8
Mountain
 62
1
 10
-276.603727
 20
220.613237
 11
-270.964906
 21
211.230216
  0
LINE
  8
Mountain
 62
1
 10
-242.224161
 20
240.881992
 11
-235.229818
 21
227.236665
  0
LINE
  8
Mountain
 62
1
 10
-242.224161
 20
240.881992
 11
-235.229818
 21
227.236664
  0
LINE
  8
Mountain
 62
1
 10
-205.466264
 20
259.550039
 11
-198.753669
 21
242.317160
  0
LINE
  8
Mountain
 62
1
 10
-205.466264
 20
259.550039
 11
-198.753670
 21
242.317160
  0
LINE
  8
Mountain
 62
1
 10
-164.365827
 20
276.197828
 11
-159.855715
 21
255.738106
  0
LINE
  8
Mountain
 62
1
 10
-118.824395
 20
289.790943
 11
-117.372982
 21
266.930517
  0
LINE
  8
Mountain
 62
1
 10
-70.145425
 20
299.229158
 11
-71.774650
 21
275.015527
  0
LINE
  8
Mountain
 62
1
 10
-70.145425
 20
299.229158
 11
-71.774651
 21
275.015527
  0
LINE
  8
Mountain
 62
1
 10
-19.723464
 20
303.852093
 11
-24.246587
 21
279.285547
  0
LINE
  8
Mountain
 62
1
 10
31.011686
 20
303.398054
 11
23.996223
 21
279.383113
  0
LINE
  8
Mountain
 62
1
 10
31.011686
 20
303.398054
 11
23.996223
 21
279.383113
  0
LINE
  8
Mountain
 62
1
 10
80.627211
 20
297.981600
 11
71.735053
 21
275.272941
  0
LINE
  8
Mountain
 62
1
 10
127.720197
 20
288.089260
 11
117.764764
 21
267.233207
  0
LINE
  8
Mountain
 62
1
 10
127.720197
 20
288.089260
 11
117.764762
 21
267.233208
  0
LINE
  8
Mountain
 62
1
 10
170.972895
 20
274.579844
 11
160.924514
 21
255.860995
  0
LINE
  8
Mountain
 62
1
 10
210.458390
 20
258.095671
 11
200.796422
 21
241.850793
  0
LINE
  8
Mountain
 62
1
 10
210.458390
 20
258.095671
 11
200.796420
 21
241.850794
  0
LINE
  8
Mountain
 62
1
 10
248.043518
 20
238.291979
 11
238.624824
 21
225.397164
  0
LINE
  8
Mountain
 62
1
 10
284.626957
 20
215.067925
 11
276.160506
 21
206.392024
  0
LINE
  8
Mountain
 62
1
 10
284.626957
 20
215.067925
 11
276.160506
 21
206.392024
  0
LINE
  8
Mountain
 62
1
 10
316.248351
 20
192.209750
 11
312.146287
 21
186.685388
  0
LINE
  8
Mountain
 62
1
 10
316.248351
 20
192.209750
 11
312.146936
 21
186.685032
  0
LINE
  8
Mountain
 62
1
 10
347.274321
 20
168.549701
 11
347.274321
 21
168.549701
  0
LINE
  8
Mountain
 62
1
 10
349.077798
 20
134.155441
 11
341.607944
 21
133.763756
  0
LINE
  8
Mountain
 62
1
 10
350.882727
 20
99.733470
 11
336.824207
 21
99.010200
  0
LINE
  8
Mountain
 62
1
 10
352.692467
 20
65.219764
 11
335.228514
 21
64.363922
  0
LINE
  8
Mountain
 62
1
 10
352.822607
 20
5.744025
 11
343.015555
 21
18.994872
  0
LINE
  8
Mountain
 62
1
 10
349.466982
 20
-12.125604
 11
310.829542
 21
-11.175856
  0
LINE
  8
Mountain
 62
1
 10
349.466982
 20
-12.125604
 11
326.632174
 21
-0.572721
  0
LINE
  8
Mountain
 62
1
 10
339.164216
 20
-66.990665
 11
307.372075
 21
-54.547506
  0
LINE
  8
Mountain
 62
1
 10
339.164216
 20
-66.990665
 11
308.936481
 21
-50.436264
  0
LINE
  8
Mountain
 62
1
 10
330.312307
 20
-114.129518
 11
307.439857
 21
-107.414114
  0
LINE
  8
Mountain
 62
1
 10
330.312307
 20
-114.129518
 11
308.555806
 21
-103.165199
  0
LINE
  8
Mountain
 62
1
 10
322.084808
 20
-157.943215
 11
309.149852
 21
-152.232631
  0
LINE
  8
Mountain
 62
1
 10
322.084808
 20
-157.943215
 11
309.708332
 21
-150.461516
  0
LINE
  8
Mountain
 62
1
 10
309.890819
 20
-200.256957
 11
311.360624
 21
-195.025668
  0
LINE
  8
Mountain
 62
1
 10
276.603724
 20
-220.613235
 11
270.964899
 21
-211.230207
  0
LINE
  8
Mountain
 62
1
 10
242.224180
 20
-240.881977
 11
235.229835
 21
-227.236646
  0
LINE
  8
Mountain
 62
1
 10
242.224180
 20
-240.881977
 11
235.229835
 21
-227.236646
  0
LINE
  8
Mountain
 62
1
 10
205.466308
 20
-259.550011
 11
198.753714
 21
-242.317130
  0
LINE
  8
Mountain
 62
1
 10
205.466308
 20
-259.550011
 11
198.753712
 21
-242.317131
  0
LINE
  8
Mountain
 62
1
 10
164.365837
 20
-276.197814
 11
159.855746
 21
-255.738084
  0
LINE
  8
Mountain
 62
1
 10
164.365837
 20
-276.197814
 11
159.855746
 21
-255.738084
  0
LINE
  8
Mountain
 62
1
 10
118.824393
 20
-289.790935
 11
117.372991
 21
-266.930504
  0
LINE
  8
Mountain
 62
1
 10
70.145404
 20
-299.229154
 11
71.774643
 21
-275.015520
  0
LINE
  8
Mountain
 62
1
 10
70.145404
 20
-299.229154
 11
71.774645
 21
-275.015520
  0
LINE
  8
Mountain
 62
1
 10
19.723383
 20
-303.852095
 11
24.246514
 21
-279.285548
  0
LINE
  8
Mountain
 62
1
 10
-31.011748
 20
-303.398055
 11
-23.996294
 21
-279.383109
  0
LINE
  8
Mountain
 62
1
 10
-31.011748
 20
-303.398055
 11
-23.996294
 21
-279.383109
  0
LINE
  8
Mountain
 62
1
 10
-80.627206
 20
-297.981609
 11
-71.735059
 21
-275.272944
  0
LINE
  8
Mountain
 62
1
 10
-127.720173
 20
-288.089277
 11
-117.764755
 21
-267.233217
  0
LINE
  8
Mountain
 62
1
 10
-127.720173
 20
-288.089277
 11
-117.764754
 21
-267.233218
  0
LINE
  8
Mountain
 62
1
 10
-170.972839
 20
-274.579876
 11
-160.924480
 21
-255.861014
  0
LINE
  8
Mountain
 62
1
 10
-170.972839
 20
-274.579876
 11
-160.924479
 21
-255.861015
  0
LINE
  8
Mountain
 62
1
 10
-210.458355
 20
-258.095695
 11
-200.796379
 21
-241.850819
  0
LINE
  8
Mountain
 62
1
 10
-248.043498
 20
-238.291996
 11
-238.624807
 21
-225.397178
  0
LINE
  8
Mountain
 62
1
 10
-284.626968
 20
-215.067920
 11
-276.160514
 21
-206.392024
  0
LINE
  8
Mountain
 62
1
 10
-284.626968
 20
-215.067920
 11
-276.160513
 21
-206.392024
  0
LINE
  8
Mountain
 62
1
 10
-316.248360
 20
-192.209745
 11
-312.146295
 21
-186.685383
  0
LINE
  8
Mountain
 62
1
 10
-316.248360
 20
-192.209745
 11
-312.146724
 21
-186.685149
  0
LINE
  8
Mountain
 62
1
 10
-347.274329
 20
-168.549695
 11
-347.274329
 21
-168.549695
  0
LINE
  8
Mountain
 62
1
 10
-349.077804
 20
-134.155433
 11
-341.607949
 21
-133.763749
  0
LINE
  8
Mountain
 62
1
 10
-350.882731
 20
-99.733489
 11
-336.824210
 21
-99.010209
  0
LINE
  8
Mountain
 62
1
 10
-352.692468
 20
-65.219801
 11
-335.228517
 21
-64.363954
  0
LINE
  8
Mountain
 62
1
 10
-352.822607
 20
-5.744059
 11
-343.015555
 21
-18.994905
  0
LINE
  8
Valley
 62
5
 10
-310.829539
 20
11.175822
 11
-301.367697
 21
-3.671666
  0
LINE
  8
Valley
 62
5
 10
-310.829539
 20
11.175822
 11
-326.632170
 21
0.572692
  0
LINE
  8
Valley
 62
5
 10
-310.829539
 20
11.175822
 11
-308.936477
 21
50.436247
  0
LINE
  8
Valley
 62
5
 10
-308.936477
 20
50.436247
 11
-341.137369
 21
56.483050
  0
LINE
  8
Valley
 62
5
 10
-308.936477
 20
50.436247
 11
-307.372071
 21
54.547485
  0
LINE
  8
Valley
 62
5
 10
-308.555803
 20
103.165206
 11
-331.560029
 21
107.485025
  0
LINE
  8
Valley
 62
5
 10
-308.555803
 20
103.165206
 11
-307.439853
 21
107.414118
  0
LINE
  8
Valley
 62
5
 10
-308.555803
 20
103.165206
 11
-307.372071
 21
54.547485
  0
LINE
  8
Valley
 62
5
 10
-309.708331
 20
150.461535
 11
-323.020322
 21
152.961311
  0
LINE
  8
Valley
 62
5
 10
-309.708331
 20
150.461535
 11
-309.149851
 21
152.232649
  0
LINE
  8
Valley
 62
5
 10
-309.708331
 20
150.461535
 11
-307.439853
 21
107.414118
  0
LINE
  8
Valley
 62
5
 10
-311.360622
 20
195.025678
 11
-309.149851
 21
152.232649
  0
LINE
  8
Valley
 62
5
 10
-311.360622
 20
195.025678
 11
-312.809583
 21
196.025026
  0
LINE
  8
Valley
 62
5
 10
-311.360622
 20
195.025678
 11
-270.964907
 21
211.230215
  0
LINE
  8
Valley
 62
5
 10
-270.964906
 20
211.230216
 11
-235.229818
 21
227.236664
  0
LINE
  8
Valley
 62
5
 10
-270.964906
 20
211.230216
 11
-270.964907
 21
211.230215
  0
LINE
  8
Valley
 62
5
 10
-270.964906
 20
211.230216
 11
-276.603727
 21
220.613237
  0
LINE
  8
Valley
 62
5
 10
-235.229818
 20
227.236665
 11
-217.080727
 21
170.657741
  0
LINE
  8
Valley
 62
5
 10
-235.229818
 20
227.236665
 11
-235.229818
 21
227.236664
  0
LINE
  8
Valley
 62
5
 10
-235.229818
 20
227.236665
 11
-198.753670
 21
242.317160
  0
LINE
  8
Valley
 62
5
 10
-198.753669
 20
242.317160
 11
-180.015847
 21
180.214814
  0
LINE
  8
Valley
 62
5
 10
-198.753669
 20
242.317160
 11
-198.753670
 21
242.317160
  0
LINE
  8
Valley
 62
5
 10
-198.753669
 20
242.317160
 11
-159.855716
 21
255.738106
  0
LINE
  8
Valley
 62
5
 10
-159.855716
 20
255.738106
 11
-143.073993
 21
188.704671
  0
LINE
  8
Valley
 62
5
 10
-159.855716
 20
255.738106
 11
-159.855715
 21
255.738106
  0
LINE
  8
Valley
 62
5
 10
-117.372983
 20
266.930516
 11
-104.229310
 21
195.788117
  0
LINE
  8
Valley
 62
5
 10
-117.372983
 20
266.930516
 11
-159.855715
 21
255.738106
  0
LINE
  8
Valley
 62
5
 10
-117.372983
 20
266.930516
 11
-117.372982
 21
266.930517
  0
LINE
  8
Valley
 62
5
 10
-71.774650
 20
275.015527
 11
-63.396699
 21
200.910818
  0
LINE
  8
Valley
 62
5
 10
-71.774650
 20
275.015527
 11
-71.774651
 21
275.015527
  0
LINE
  8
Valley
 62
5
 10
-71.774650
 20
275.015527
 11
-24.246588
 21
279.285546
  0
LINE
  8
Valley
 62
5
 10
-24.246588
 20
279.285546
 11
-21.307152
 21
203.610758
  0
LINE
  8
Valley
 62
5
 10
-24.246588
 20
279.285546
 11
-24.246587
 21
279.285547
  0
LINE
  8
Valley
 62
5
 10
23.996223
 20
279.383113
 11
-24.246587
 21
279.285547
  0
LINE
  8
Valley
 62
5
 10
23.996223
 20
279.383113
 11
25.153075
 21
303.677035
  0
LINE
  8
Valley
 62
5
 10
23.996223
 20
279.383113
 11
23.996223
 21
279.383113
  0
LINE
  8
Valley
 62
5
 10
71.735053
 20
275.272941
 11
75.235198
 21
298.784310
  0
LINE
  8
Valley
 62
5
 10
71.735053
 20
275.272941
 11
117.764762
 21
267.233208
  0
LINE
  8
Valley
 62
5
 10
71.735053
 20
275.272941
 11
71.735051
 21
275.272941
  0
LINE
  8
Valley
 62
5
 10
117.764762
 20
267.233208
 11
123.302565
 21
289.202798
  0
LINE
  8
Valley
 62
5
 10
117.764762
 20
267.233208
 11
117.764764
 21
267.233207
  0
LINE
  8
Valley
 62
5
 10
160.924514
 20
255.860995
 11
168.006549
 21
275.641868
  0
LINE
  8
Valley
 62
5
 10
160.924514
 20
255.860995
 11
200.796420
 21
241.850794
  0
LINE
  8
Valley
 62
5
 10
160.924514
 20
255.860995
 11
160.924513
 21
255.860995
  0
LINE
  8
Valley
 62
5
 10
200.796420
 20
241.850794
 11
208.748538
 21
258.893488
  0
LINE
  8
Valley
 62
5
 10
200.796420
 20
241.850794
 11
200.796422
 21
241.850793
  0
LINE
  8
Valley
 62
5
 10
238.624824
 20
225.397164
 11
246.540574
 21
239.156616
  0
LINE
  8
Valley
 62
5
 10
238.624824
 20
225.397164
 11
276.160506
 21
206.392024
  0
LINE
  8
Valley
 62
5
 10
238.624824
 20
225.397164
 11
238.624824
 21
225.397164
  0
LINE
  8
Valley
 62
5
 10
276.160506
 20
206.392024
 11
282.838675
 21
216.276168
  0
LINE
  8
Valley
 62
5
 10
276.160506
 20
206.392024
 11
276.160506
 21
206.392024
  0
LINE
  8
Valley
 62
5
 10
312.146936
 20
186.685032
 11
276.160506
 21
206.392024
  0
LINE
  8
Valley
 62
5
 10
312.146936
 20
186.685032
 11
316.248351
 21
192.209750
  0
LINE
  8
Valley
 62
5
 10
312.146936
 20
186.685032
 11
312.146287
 21
186.685388
  0
LINE
  8
Valley
 62
5
 10
347.274321
 20
168.549701
 11
312.146287
 21
186.685388
  0
LINE
  8
Valley
 62
5
 10
347.274321
 20
168.549701
 11
347.274321
 21
168.549701
  0
LINE
  8
Valley
 62
5
 10
347.274321
 20
168.549701
 11
341.744064
 21
134.710866
  0
LINE
  8
Valley
 62
5
 10
341.607944
 20
133.763756
 11
336.977904
 21
101.548579
  0
LINE
  8
Valley
 62
5
 10
341.607944
 20
133.763756
 11
341.744064
 21
134.710866
  0
LINE
  8
Valley
 62
5
 10
341.607944
 20
133.763756
 11
349.077798
 21
134.155441
  0
LINE
  8
Valley
 62
5
 10
336.977904
 20
101.548579
 11
336.824207
 21
99.010200
  0
LINE
  8
Valley
 62
5
 10
336.977904
 20
101.548579
 11
290.222620
 21
105.078883
  0
LINE
  8
Valley
 62
5
 10
334.831579
 20
66.630040
 11
336.824207
 21
99.010200
  0
LINE
  8
Valley
 62
5
 10
334.831579
 20
66.630040
 11
335.228514
 21
64.363922
  0
LINE
  8
Valley
 62
5
 10
334.831579
 20
66.630040
 11
289.113892
 21
58.116457
  0
LINE
  8
Valley
 62
5
 10
343.015555
 20
18.994872
 11
335.228514
 21
64.363922
  0
LINE
  8
Valley
 62
5
 10
343.015555
 20
18.994872
 11
353.659276
 21
18.284765
  0
LINE
  8
Valley
 62
5
 10
343.015555
 20
18.994872
 11
326.632174
 21
-0.572721
  0
LINE
  8
Valley
 62
5
 10
310.829542
 20
-11.175856
 11
301.367698
 21
3.671640
  0
LINE
  8
Valley
 62
5
 10
310.829542
 20
-11.175856
 11
326.632174
 21
-0.572721
  0
LINE
  8
Valley
 62
5
 10
310.829542
 20
-11.175856
 11
308.936481
 21
-50.436264
  0
LINE
  8
Valley
 62
5
 10
308.936481
 20
-50.436264
 11
341.137372
 21
-56.483067
  0
LINE
  8
Valley
 62
5
 10
308.936481
 20
-50.436264
 11
307.372075
 21
-54.547506
  0
LINE
  8
Valley
 62
5
 10
308.555806
 20
-103.165199
 11
331.560036
 21
-107.485019
  0
LINE
  8
Valley
 62
5
 10
308.555806
 20
-103.165199
 11
307.439857
 21
-107.414114
  0
LINE
  8
Valley
 62
5
 10
308.555806
 20
-103.165199
 11
307.372075
 21
-54.547506
  0
LINE
  8
Valley
 62
5
 10
309.708332
 20
-150.461516
 11
323.020332
 21
-152.961293
  0
LINE
  8
Valley
 62
5
 10
309.708332
 20
-150.461516
 11
309.149852
 21
-152.232631
  0
LINE
  8
Valley
 62
5
 10
309.708332
 20
-150.461516
 11
307.439857
 21
-107.414114
  0
LINE
  8
Valley
 62
5
 10
311.360624
 20
-195.025668
 11
309.149852
 21
-152.232631
  0
LINE
  8
Valley
 62
5
 10
311.360624
 20
-195.025668
 11
312.809586
 21
-196.025018
  0
LINE
  8
Valley
 62
5
 10
311.360624
 20
-195.025668
 11
270.964899
 21
-211.230207
  0
LINE
  8
Valley
 62
5
 10
270.964899
 20
-211.230207
 11
257.436574
 21
-160.679348
  0
LINE
  8
Valley
 62
5
 10
270.964899
 20
-211.230207
 11
270.964899
 21
-211.230207
  0
LINE
  8
Valley
 62
5
 10
235.229835
 20
-227.236646
 11
217.080740
 21
-170.657715
  0
LINE
  8
Valley
 62
5
 10
235.229835
 20
-227.236646
 11
235.229835
 21
-227.236646
  0
LINE
  8
Valley
 62
5
 10
235.229835
 20
-227.236646
 11
198.753712
 21
-242.317131
  0
LINE
  8
Valley
 62
5
 10
198.753714
 20
-242.317130
 11
159.855746
 21
-255.738084
  0
LINE
  8
Valley
 62
5
 10
198.753714
 20
-242.317130
 11
180.015880
 21
-180.214785
  0
LINE
  8
Valley
 62
5
 10
198.753714
 20
-242.317130
 11
198.753712
 21
-242.317131
  0
LINE
  8
Valley
 62
5
 10
159.855746
 20
-255.738084
 11
143.074020
 21
-188.704645
  0
LINE
  8
Valley
 62
5
 10
159.855746
 20
-255.738084
 11
159.855746
 21
-255.738084
  0
LINE
  8
Valley
 62
5
 10
159.855746
 20
-255.738084
 11
117.372992
 21
-266.930503
  0
LINE
  8
Valley
 62
5
 10
117.372992
 20
-266.930503
 11
104.229310
 21
-195.788101
  0
LINE
  8
Valley
 62
5
 10
117.372992
 20
-266.930503
 11
117.372991
 21
-266.930504
  0
LINE
  8
Valley
 62
5
 10
71.774643
 20
-275.015520
 11
63.396689
 21
-200.910811
  0
LINE
  8
Valley
 62
5
 10
71.774643
 20
-275.015520
 11
71.774645
 21
-275.015520
  0
LINE
  8
Valley
 62
5
 10
71.774643
 20
-275.015520
 11
24.246515
 21
-279.285547
  0
LINE
  8
Valley
 62
5
 10
24.246515
 20
-279.285547
 11
21.307082
 21
-203.610754
  0
LINE
  8
Valley
 62
5
 10
24.246515
 20
-279.285547
 11
24.246514
 21
-279.285548
  0
LINE
  8
Valley
 62
5
 10
-23.996294
 20
-279.383109
 11
24.246514
 21
-279.285548
  0
LINE
  8
Valley
 62
5
 10
-23.996294
 20
-279.383109
 11
-25.153146
 21
-303.677036
  0
LINE
  8
Valley
 62
5
 10
-23.996294
 20
-279.383109
 11
-23.996294
 21
-279.383109
  0
LINE
  8
Valley
 62
5
 10
-71.735059
 20
-275.272944
 11
-75.235204
 21
-298.784318
  0
LINE
  8
Valley
 62
5
 10
-71.735059
 20
-275.272944
 11
-117.764754
 21
-267.233218
  0
LINE
  8
Valley
 62
5
 10
-71.735059
 20
-275.272944
 11
-71.735058
 21
-275.272944
  0
LINE
  8
Valley
 62
5
 10
-117.764754
 20
-267.233218
 11
-123.302556
 21
-289.202811
  0
LINE
  8
Valley
 62
5
 10
-117.764754
 20
-267.233218
 11
-117.764755
 21
-267.233217
  0
LINE
  8
Valley
 62
5
 10
-160.924479
 20
-255.861015
 11
-117.764755
 21
-267.233217
  0
LINE
  8
Valley
 62
5
 10
-160.924479
 20
-255.861015
 11
-168.006515
 21
-275.641892
  0
LINE
  8
Valley
 62
5
 10
-160.924479
 20
-255.861015
 11
-160.924480
 21
-255.861014
  0
LINE
  8
Valley
 62
5
 10
-200.796379
 20
-241.850819
 11
-208.748497
 21
-258.893515
  0
LINE
  8
Valley
 62
5
 10
-200.796379
 20
-241.850819
 11
-238.624807
 21
-225.397178
  0
LINE
  8
Valley
 62
5
 10
-200.796379
 20
-241.850819
 11
-200.796379
 21
-241.850819
  0
LINE
  8
Valley
 62
5
 10
-238.624807
 20
-225.397178
 11
-246.540558
 21
-239.156630
  0
LINE
  8
Valley
 62
5
 10
-238.624807
 20
-225.397178
 11
-276.160513
 21
-206.392024
  0
LINE
  8
Valley
 62
5
 10
-238.624807
 20
-225.397178
 11
-238.624807
 21
-225.397178
  0
LINE
  8
Valley
 62
5
 10
-276.160513
 20
-206.392024
 11
-282.838681
 21
-216.276167
  0
LINE
  8
Valley
 62
5
 10
-276.160513
 20
-206.392024
 11
-276.160514
 21
-206.392024
  0
LINE
  8
Valley
 62
5
 10
-312.146724
 20
-186.685149
 11
-276.160514
 21
-206.392024
  0
LINE
  8
Valley
 62
5
 10
-312.146724
 20
-186.685149
 11
-316.248360
 21
-192.209745
  0
LINE
  8
Valley
 62
5
 10
-312.146724
 20
-186.685149
 11
-312.146295
 21
-186.685383
  0
LINE
  8
Valley
 62
5
 10
-347.274329
 20
-168.549695
 11
-312.146295
 21
-186.685383
  0
LINE
  8
Valley
 62
5
 10
-347.274329
 20
-168.549695
 11
-347.274329
 21
-168.549695
  0
LINE
  8
Valley
 62
5
 10
-347.274329
 20
-168.549695
 11
-341.744070
 21
-134.710860
  0
LINE
  8
Valley
 62
5
 10
-341.607949
 20
-133.763749
 11
-336.977909
 21
-101.548591
  0
LINE
  8
Valley
 62
5
 10
-341.607949
 20
-133.763749
 11
-341.744070
 21
-134.710860
  0
LINE
  8
Valley
 62
5
 10
-341.607949
 20
-133.763749
 11
-349.077804
 21
-134.155433
  0
LINE
  8
Valley
 62
5
 10
-336.977909
 20
-101.548591
 11
-336.824210
 21
-99.010209
  0
LINE
  8
Valley
 62
5
 10
-336.977909
 20
-101.548591
 11
-290.222623
 21
-105.078892
  0
LINE
  8
Valley
 62
5
 10
-334.831582
 20
-66.630073
 11
-336.824210
 21
-99.010209
  0
LINE
  8
Valley
 62
5
 10
-334.831582
 20
-66.630073
 11
-335.228517
 21
-64.363954
  0
LINE
  8
Valley
 62
5
 10
-334.831582
 20
-66.630073
 11
-289.113892
 21
-58.116489
  0
LINE
  8
Valley
 62
5
 10
-343.015555
 20
-18.994905
 11
-335.228517
 21
-64.363954
  0
LINE
  8
Valley
 62
5
 10
-343.015555
 20
-18.994905
 11
-353.659275
 21
-18.284799
  0
LINE
  8
Valley
 62
5
 10
-343.015555
 20
-18.994905
 11
-326.632170
 21
0.572692
  0
LINE
  8
Valley
 62
5
 10
-18.207010
 20
-0.000014
 11
-54.471685
 21
0.002333
  0
LINE
  8
Valley
 62
5
 10
-18.207010
 20
-0.000014
 11
-18.540440
 21
68.656823
  0
LINE
  8
Valley
 62
5
 10
-18.207010
 20
-0.000014
 11
-18.207010
 21
-0.000014
  0
LINE
  8
Valley
 62
5
 10
-18.540436
 20
68.656825
 11
18.544839
 21
68.659226
  0
LINE
  8
Valley
 62
5
 10
-18.540436
 20
68.656825
 11
-18.540440
 21
68.656823
  0
LINE
  8
Valley
 62
5
 10
-18.540436
 20
68.656825
 11
-19.572703
 21
137.414110
  0
LINE
  8
Valley
 62
5
 10
-19.572699
 20
137.414113
 11
19.569015
 21
137.427156
  0
LINE
  8
Valley
 62
5
 10
-19.572699
 20
137.414113
 11
-19.572703
 21
137.414110
  0
LINE
  8
Valley
 62
5
 10
-19.572699
 20
137.414113
 11
-21.307154
 21
203.610757
  0
LINE
  8
Valley
 62
5
 10
-21.307152
 20
203.610758
 11
21.247490
 21
203.651575
  0
LINE
  8
Valley
 62
5
 10
-21.307152
 20
203.610758
 11
-21.307154
 21
203.610757
  0
LINE
  8
Valley
 62
5
 10
-21.247556
 20
-203.651566
 11
-23.996294
 21
-279.383109
  0
LINE
  8
Valley
 62
5
 10
-21.247556
 20
-203.651566
 11
-21.247558
 21
-203.651566
  0
LINE
  8
Valley
 62
5
 10
-21.247556
 20
-203.651566
 11
21.307082
 21
-203.610754
  0
LINE
  8
Valley
 62
5
 10
-19.569074
 20
-137.427161
 11
-21.247558
 21
-203.651566
  0
LINE
  8
Valley
 62
5
 10
-19.569074
 20
-137.427161
 11
-19.569078
 21
-137.427159
  0
LINE
  8
Valley
 62
5
 10
-19.569074
 20
-137.427161
 11
19.572640
 21
-137.414122
  0
LINE
  8
Valley
 62
5
 10
-18.544889
 20
-68.659254
 11
-19.569078
 21
-137.427159
  0
LINE
  8
Valley
 62
5
 10
-18.544889
 20
-68.659254
 11
-18.544894
 21
-68.659250
  0
LINE
  8
Valley
 62
5
 10
-18.544889
 20
-68.659254
 11
18.540384
 21
-68.656853
  0
LINE
  8
Valley
 62
5
 10
18.206958
 20
-0.000014
 11
18.544839
 21
68.659226
  0
LINE
  8
Valley
 62
5
 10
18.206958
 20
-0.000014
 11
18.206958
 21
-0.000014
  0
LINE
  8
Valley
 62
5
 10
18.206958
 20
-0.000014
 11
-18.207010
 21
-0.000014
  0
LINE
  8
Valley
 62
5
 10
18.544839
 20
68.659226
 11
18.544840
 21
68.659226
  0
LINE
  8
Valley
 62
5
 10
19.569015
 20
137.427156
 11
19.569016
 21
137.427157
  0
LINE
  8
Valley
 62
5
 10
19.569015
 20
137.427156
 11
18.544840
 21
68.659226
  0
LINE
  8
Valley
 62
5
 10
21.247490
 20
203.651575
 11
23.996223
 21
279.383113
  0
LINE
  8
Valley
 62
5
 10
21.247490
 20
203.651575
 11
63.455987
 21
201.006763
  0
LINE
  8
Valley
 62
5
 10
21.247490
 20
203.651575
 11
21.247490
 21
203.651575
  0
LINE
  8
Valley
 62
5
 10
21.307082
 20
-203.610754
 11
21.307082
 21
-203.610754
  0
LINE
  8
Valley
 62
5
 10
19.572640
 20
-137.414122
 11
18.540384
 21
-68.656853
  0
LINE
  8
Valley
 62
5
 10
19.572640
 20
-137.414122
 11
19.572641
 21
-137.414123
  0
LINE
  8
Valley
 62
5
 10
18.540384
 20
-68.656853
 11
18.540385
 21
-68.656853
  0
LINE
  8
Valley
 62
5
 10
54.471643
 20
-0.002360
 11
90.313308
 21
-0.008972
  0
LINE
  8
Valley
 62
5
 10
54.471643
 20
-0.002360
 11
54.471642
 21
-0.002361
  0
LINE
  8
Valley
 62
5
 10
54.471643
 20
-0.002360
 11
55.456998
 21
67.925389
  0
LINE
  8
Valley
 62
5
 10
55.456995
 20
67.925391
 11
58.469297
 21
135.848291
  0
LINE
  8
Valley
 62
5
 10
55.456995
 20
67.925391
 11
55.456998
 21
67.925389
  0
LINE
  8
Valley
 62
5
 10
55.456995
 20
67.925391
 11
18.544840
 21
68.659226
  0
LINE
  8
Valley
 62
5
 10
58.469297
 20
135.848292
 11
19.569016
 21
137.427157
  0
LINE
  8
Valley
 62
5
 10
58.469297
 20
135.848292
 11
63.455987
 21
201.006763
  0
LINE
  8
Valley
 62
5
 10
58.469297
 20
135.848292
 11
58.469297
 21
135.848291
  0
LINE
  8
Valley
 62
5
 10
63.455987
 20
201.006763
 11
63.455989
 21
201.006764
  0
LINE
  8
Valley
 62
5
 10
63.396688
 20
-200.910811
 11
58.421898
 21
-135.825305
  0
LINE
  8
Valley
 62
5
 10
63.396688
 20
-200.910811
 11
63.396689
 21
-200.910811
  0
LINE
  8
Valley
 62
5
 10
63.396688
 20
-200.910811
 11
21.307082
 21
-203.610754
  0
LINE
  8
Valley
 62
5
 10
58.421898
 20
-135.825305
 11
19.572641
 21
-137.414123
  0
LINE
  8
Valley
 62
5
 10
58.421898
 20
-135.825305
 11
55.440013
 21
-67.926015
  0
LINE
  8
Valley
 62
5
 10
58.421898
 20
-135.825305
 11
58.421898
 21
-135.825305
  0
LINE
  8
Valley
 62
5
 10
55.440013
 20
-67.926014
 11
54.471642
 21
-0.002361
  0
LINE
  8
Valley
 62
5
 10
55.440013
 20
-67.926014
 11
55.440013
 21
-67.926015
  0
LINE
  8
Valley
 62
5
 10
55.440013
 20
-67.926014
 11
18.540385
 21
-68.656853
  0
LINE
  8
Valley
 62
5
 10
90.313309
 20
-0.008972
 11
91.829147
 21
-66.530157
  0
LINE
  8
Valley
 62
5
 10
90.313309
 20
-0.008972
 11
90.313308
 21
-0.008972
  0
LINE
  8
Valley
 62
5
 10
90.313309
 20
-0.008972
 11
125.552965
 21
-0.011327
  0
LINE
  8
Valley
 62
5
 10
91.845765
 20
66.507453
 11
55.456998
 21
67.925389
  0
LINE
  8
Valley
 62
5
 10
91.845765
 20
66.507453
 11
91.845766
 21
66.507454
  0
LINE
  8
Valley
 62
5
 10
91.845765
 20
66.507453
 11
90.313308
 21
-0.008972
  0
LINE
  8
Valley
 62
5
 10
96.592746
 20
132.786622
 11
58.469297
 21
135.848291
  0
LINE
  8
Valley
 62
5
 10
96.592746
 20
132.786622
 11
96.592747
 21
132.786622
  0
LINE
  8
Valley
 62
5
 10
96.592746
 20
132.786622
 11
91.845766
 21
66.507454
  0
LINE
  8
Valley
 62
5
 10
104.508209
 20
195.855682
 11
117.764764
 21
267.233207
  0
LINE
  8
Valley
 62
5
 10
104.508209
 20
195.855682
 11
104.508210
 21
195.855682
  0
LINE
  8
Valley
 62
5
 10
104.508209
 20
195.855682
 11
63.455989
 21
201.006764
  0
LINE
  8
Valley
 62
5
 10
104.229310
 20
-195.788101
 11
63.396689
 21
-200.910811
  0
LINE
  8
Valley
 62
5
 10
104.229310
 20
-195.788101
 11
104.229310
 21
-195.788101
  0
LINE
  8
Valley
 62
5
 10
96.475629
 20
-132.801294
 11
58.421898
 21
-135.825305
  0
LINE
  8
Valley
 62
5
 10
96.475629
 20
-132.801294
 11
91.829147
 21
-66.530158
  0
LINE
  8
Valley
 62
5
 10
96.475629
 20
-132.801294
 11
96.475629
 21
-132.801294
  0
LINE
  8
Valley
 62
5
 10
91.829147
 20
-66.530157
 11
55.440013
 21
-67.926015
  0
LINE
  8
Valley
 62
5
 10
91.829147
 20
-66.530157
 11
91.829147
 21
-66.530158
  0
LINE
  8
Valley
 62
5
 10
125.552965
 20
-0.011327
 11
127.485252
 21
-64.587060
  0
LINE
  8
Valley
 62
5
 10
125.552965
 20
-0.011327
 11
125.552965
 21
-0.011327
  0
LINE
  8
Valley
 62
5
 10
127.419850
 20
64.527956
 11
91.845766
 21
66.507454
  0
LINE
  8
Valley
 62
5
 10
127.419850
 20
64.527956
 11
127.419852
 21
64.527957
  0
LINE
  8
Valley
 62
5
 10
127.419850
 20
64.527956
 11
125.552965
 21
-0.011327
  0
LINE
  8
Valley
 62
5
 10
133.436054
 20
128.485553
 11
143.623111
 21
188.589959
  0
LINE
  8
Valley
 62
5
 10
133.436054
 20
128.485553
 11
133.436055
 21
128.485552
  0
LINE
  8
Valley
 62
5
 10
133.436054
 20
128.485553
 11
96.592747
 21
132.786622
  0
LINE
  8
Valley
 62
5
 10
143.623110
 20
188.589959
 11
160.924513
 21
255.860995
  0
LINE
  8
Valley
 62
5
 10
143.623110
 20
188.589959
 11
143.623111
 21
188.589959
  0
LINE
  8
Valley
 62
5
 10
143.623110
 20
188.589959
 11
104.508210
 21
195.855682
  0
LINE
  8
Valley
 62
5
 10
143.074020
 20
-188.704645
 11
104.229310
 21
-195.788101
  0
LINE
  8
Valley
 62
5
 10
143.074020
 20
-188.704645
 11
143.074021
 21
-188.704645
  0
LINE
  8
Valley
 62
5
 10
133.317413
 20
-128.613559
 11
96.475629
 21
-132.801294
  0
LINE
  8
Valley
 62
5
 10
133.317413
 20
-128.613559
 11
133.317414
 21
-128.613558
  0
LINE
  8
Valley
 62
5
 10
133.317413
 20
-128.613559
 11
143.074021
 21
-188.704645
  0
LINE
  8
Valley
 62
5
 10
127.485251
 20
-64.587060
 11
91.829147
 21
-66.530158
  0
LINE
  8
Valley
 62
5
 10
127.485251
 20
-64.587060
 11
127.485252
 21
-64.587060
  0
LINE
  8
Valley
 62
5
 10
127.485251
 20
-64.587060
 11
133.317414
 21
-128.613558
  0
LINE
  8
Valley
 62
5
 10
160.918170
 20
0.026246
 11
163.094714
 21
-62.222282
  0
LINE
  8
Valley
 62
5
 10
160.918170
 20
0.026246
 11
125.552965
 21
-0.011327
  0
LINE
  8
Valley
 62
5
 10
160.918170
 20
0.026246
 11
160.918170
 21
0.026246
  0
LINE
  8
Valley
 62
5
 10
162.705674
 20
62.155980
 11
169.257023
 21
123.237613
  0
LINE
  8
Valley
 62
5
 10
162.705674
 20
62.155980
 11
162.705674
 21
62.155980
  0
LINE
  8
Valley
 62
5
 10
162.705674
 20
62.155980
 11
127.419852
 21
64.527957
  0
LINE
  8
Valley
 62
5
 10
169.257022
 20
123.237614
 11
180.764782
 21
179.659363
  0
LINE
  8
Valley
 62
5
 10
169.257022
 20
123.237614
 11
169.257023
 21
123.237613
  0
LINE
  8
Valley
 62
5
 10
169.257022
 20
123.237614
 11
133.436055
 21
128.485552
  0
LINE
  8
Valley
 62
5
 10
180.764780
 20
179.659363
 11
200.796422
 21
241.850793
  0
LINE
  8
Valley
 62
5
 10
180.764780
 20
179.659363
 11
180.764782
 21
179.659363
  0
LINE
  8
Valley
 62
5
 10
180.764780
 20
179.659363
 11
143.623111
 21
188.589959
  0
LINE
  8
Valley
 62
5
 10
180.015880
 20
-180.214785
 11
143.074021
 21
-188.704645
  0
LINE
  8
Valley
 62
5
 10
180.015880
 20
-180.214785
 11
180.015882
 21
-180.214784
  0
LINE
  8
Valley
 62
5
 10
169.404965
 20
-123.578965
 11
133.317414
 21
-128.613558
  0
LINE
  8
Valley
 62
5
 10
169.404965
 20
-123.578965
 11
169.404966
 21
-123.578965
  0
LINE
  8
Valley
 62
5
 10
169.404965
 20
-123.578965
 11
180.015882
 21
-180.214784
  0
LINE
  8
Valley
 62
5
 10
163.094714
 20
-62.222282
 11
127.485252
 21
-64.587060
  0
LINE
  8
Valley
 62
5
 10
163.094714
 20
-62.222282
 11
163.094716
 21
-62.222283
  0
LINE
  8
Valley
 62
5
 10
199.284346
 20
0.222917
 11
201.444988
 21
-59.490012
  0
LINE
  8
Valley
 62
5
 10
199.284346
 20
0.222917
 11
160.918170
 21
0.026246
  0
LINE
  8
Valley
 62
5
 10
199.284346
 20
0.222917
 11
199.284346
 21
0.222917
  0
LINE
  8
Valley
 62
5
 10
200.129533
 20
59.588846
 11
199.284346
 21
0.222917
  0
LINE
  8
Valley
 62
5
 10
200.129533
 20
59.588846
 11
200.129533
 21
59.588846
  0
LINE
  8
Valley
 62
5
 10
200.129533
 20
59.588846
 11
242.741192
 21
57.482818
  0
LINE
  8
Valley
 62
5
 10
206.120690
 20
117.191052
 11
169.257023
 21
123.237613
  0
LINE
  8
Valley
 62
5
 10
206.120690
 20
117.191052
 11
217.661228
 21
169.175910
  0
LINE
  8
Valley
 62
5
 10
206.120690
 20
117.191052
 11
206.120690
 21
117.191052
  0
LINE
  8
Valley
 62
5
 10
217.661228
 20
169.175910
 11
180.764782
 21
179.659363
  0
LINE
  8
Valley
 62
5
 10
217.661228
 20
169.175910
 11
238.624824
 21
225.397164
  0
LINE
  8
Valley
 62
5
 10
217.661228
 20
169.175910
 11
217.661228
 21
169.175910
  0
LINE
  8
Valley
 62
5
 10
217.080740
 20
-170.657715
 11
180.015882
 21
-180.214784
  0
LINE
  8
Valley
 62
5
 10
217.080740
 20
-170.657715
 11
217.080740
 21
-170.657715
  0
LINE
  8
Valley
 62
5
 10
207.242832
 20
-117.896104
 11
169.404966
 21
-123.578965
  0
LINE
  8
Valley
 62
5
 10
207.242832
 20
-117.896104
 11
207.242832
 21
-117.896104
  0
LINE
  8
Valley
 62
5
 10
207.242832
 20
-117.896104
 11
217.080740
 21
-170.657715
  0
LINE
  8
Valley
 62
5
 10
201.444988
 20
-59.490012
 11
246.402826
 21
-56.609376
  0
LINE
  8
Valley
 62
5
 10
201.444988
 20
-59.490012
 11
201.444988
 21
-59.490012
  0
LINE
  8
Valley
 62
5
 10
244.961760
 20
0.990644
 11
199.284346
 21
0.222917
  0
LINE
  8
Valley
 62
5
 10
244.961760
 20
0.990644
 11
242.741192
 21
57.482818
  0
LINE
  8
Valley
 62
5
 10
244.961760
 20
0.990644
 11
244.961761
 21
0.990643
  0
LINE
  8
Valley
 62
5
 10
242.741192
 20
57.482818
 11
242.741192
 21
57.482818
  0
LINE
  8
Valley
 62
5
 10
242.741192
 20
57.482818
 11
289.113891
 21
58.116458
  0
LINE
  8
Valley
 62
5
 10
246.737131
 20
110.656620
 11
242.741192
 21
57.482818
  0
LINE
  8
Valley
 62
5
 10
246.737131
 20
110.656620
 11
206.120690
 21
117.191052
  0
LINE
  8
Valley
 62
5
 10
246.737131
 20
110.656620
 11
246.737132
 21
110.656621
  0
LINE
  8
Valley
 62
5
 10
256.747446
 20
157.148172
 11
276.160506
 21
206.392024
  0
LINE
  8
Valley
 62
5
 10
256.747446
 20
157.148172
 11
297.466344
 21
145.038535
  0
LINE
  8
Valley
 62
5
 10
256.747446
 20
157.148172
 11
256.747446
 21
157.148171
  0
LINE
  8
Valley
 62
5
 10
257.436574
 20
-160.679348
 11
217.080740
 21
-170.657715
  0
LINE
  8
Valley
 62
5
 10
257.436574
 20
-160.679348
 11
250.445796
 21
-112.062734
  0
LINE
  8
Valley
 62
5
 10
257.436574
 20
-160.679348
 11
257.436574
 21
-160.679348
  0
LINE
  8
Valley
 62
5
 10
250.445796
 20
-112.062734
 11
246.402826
 21
-56.609376
  0
LINE
  8
Valley
 62
5
 10
250.445796
 20
-112.062734
 11
307.439857
 21
-107.414114
  0
LINE
  8
Valley
 62
5
 10
250.445796
 20
-112.062734
 11
250.445796
 21
-112.062734
  0
LINE
  8
Valley
 62
5
 10
246.402828
 20
-56.609373
 11
244.961761
 21
0.990643
  0
LINE
  8
Valley
 62
5
 10
246.402828
 20
-56.609373
 11
307.372075
 21
-54.547506
  0
LINE
  8
Valley
 62
5
 10
246.402828
 20
-56.609373
 11
246.402826
 21
-56.609376
  0
LINE
  8
Valley
 62
5
 10
289.113892
 20
58.116457
 11
301.367698
 21
3.671640
  0
LINE
  8
Valley
 62
5
 10
289.113892
 20
58.116457
 11
289.113891
 21
58.116458
  0
LINE
  8
Valley
 62
5
 10
290.222620
 20
105.078882
 11
289.113891
 21
58.116458
  0
LINE
  8
Valley
 62
5
 10
290.222620
 20
105.078882
 11
246.737132
 21
110.656621
  0
LINE
  8
Valley
 62
5
 10
290.222620
 20
105.078882
 11
290.222620
 21
105.078883
  0
LINE
  8
Valley
 62
5
 10
297.466344
 20
145.038535
 11
290.222620
 21
105.078883
  0
LINE
  8
Valley
 62
5
 10
297.466344
 20
145.038535
 11
297.466344
 21
145.038535
  0
LINE
  8
Valley
 62
5
 10
-297.466350
 20
-145.038531
 11
-290.222623
 21
-105.078892
  0
LINE
  8
Valley
 62
5
 10
-297.466350
 20
-145.038531
 11
-297.466350
 21
-145.038531
  0
LINE
  8
Valley
 62
5
 10
-297.466350
 20
-145.038531
 11
-341.744070
 21
-134.710860
  0
LINE
  8
Valley
 62
5
 10
-290.222623
 20
-105.078892
 11
-289.113892
 21
-58.116489
  0
LINE
  8
Valley
 62
5
 10
-290.222623
 20
-105.078892
 11
-290.222623
 21
-105.078892
  0
LINE
  8
Valley
 62
5
 10
-289.113892
 20
-58.116488
 11
-242.741185
 21
-57.482857
  0
LINE
  8
Valley
 62
5
 10
-289.113892
 20
-58.116488
 11
-289.113892
 21
-58.116489
  0
LINE
  8
Valley
 62
5
 10
-289.113892
 20
-58.116488
 11
-301.367697
 21
-3.671666
  0
LINE
  8
Valley
 62
5
 10
-244.961749
 20
-0.990670
 11
-246.402822
 21
56.609358
  0
LINE
  8
Valley
 62
5
 10
-244.961749
 20
-0.990670
 11
-199.284329
 21
-0.222944
  0
LINE
  8
Valley
 62
5
 10
-244.961749
 20
-0.990670
 11
-244.961749
 21
-0.990671
  0
LINE
  8
Valley
 62
5
 10
-246.402823
 20
56.609359
 11
-307.372071
 21
54.547485
  0
LINE
  8
Valley
 62
5
 10
-246.402823
 20
56.609359
 11
-250.445794
 21
112.062744
  0
LINE
  8
Valley
 62
5
 10
-246.402823
 20
56.609359
 11
-246.402822
 21
56.609358
  0
LINE
  8
Valley
 62
5
 10
-250.445794
 20
112.062744
 11
-307.439853
 21
107.414118
  0
LINE
  8
Valley
 62
5
 10
-250.445794
 20
112.062744
 11
-250.445793
 21
112.062744
  0
LINE
  8
Valley
 62
5
 10
-257.436579
 20
160.679368
 11
-217.080727
 21
170.657741
  0
LINE
  8
Valley
 62
5
 10
-257.436579
 20
160.679368
 11
-257.436580
 21
160.679367
  0
LINE
  8
Valley
 62
5
 10
-257.436579
 20
160.679368
 11
-270.964907
 21
211.230215
  0
LINE
  8
Valley
 62
5
 10
-256.747447
 20
-157.148173
 11
-217.661209
 21
-169.175920
  0
LINE
  8
Valley
 62
5
 10
-256.747447
 20
-157.148173
 11
-276.160514
 21
-206.392024
  0
LINE
  8
Valley
 62
5
 10
-256.747447
 20
-157.148173
 11
-256.747448
 21
-157.148171
  0
LINE
  8
Valley
 62
5
 10
-246.737128
 20
-110.656638
 11
-242.741185
 21
-57.482857
  0
LINE
  8
Valley
 62
5
 10
-246.737128
 20
-110.656638
 11
-246.737127
 21
-110.656640
  0
LINE
  8
Valley
 62
5
 10
-246.737128
 20
-110.656638
 11
-290.222623
 21
-105.078892
  0
LINE
  8
Valley
 62
5
 10
-242.741184
 20
-57.482856
 11
-200.129514
 21
-59.588886
  0
LINE
  8
Valley
 62
5
 10
-242.741184
 20
-57.482856
 11
-242.741185
 21
-57.482857
  0
LINE
  8
Valley
 62
5
 10
-242.741184
 20
-57.482856
 11
-244.961749
 21
-0.990671
  0
LINE
  8
Valley
 62
5
 10
-199.284328
 20
-0.222943
 11
-201.444969
 21
59.490002
  0
LINE
  8
Valley
 62
5
 10
-199.284328
 20
-0.222943
 11
-160.918141
 21
-0.026273
  0
LINE
  8
Valley
 62
5
 10
-199.284328
 20
-0.222943
 11
-199.284329
 21
-0.222944
  0
LINE
  8
Valley
 62
5
 10
-201.444969
 20
59.490002
 11
-201.444969
 21
59.490002
  0
LINE
  8
Valley
 62
5
 10
-201.444969
 20
59.490002
 11
-163.094682
 21
62.222269
  0
LINE
  8
Valley
 62
5
 10
-207.242815
 20
117.896117
 11
-169.404933
 21
123.578979
  0
LINE
  8
Valley
 62
5
 10
-207.242815
 20
117.896117
 11
-207.242816
 21
117.896116
  0
LINE
  8
Valley
 62
5
 10
-207.242815
 20
117.896117
 11
-217.080727
 21
170.657741
  0
LINE
  8
Valley
 62
5
 10
-217.080727
 20
170.657741
 11
-180.015847
 21
180.214814
  0
LINE
  8
Valley
 62
5
 10
-217.080727
 20
170.657741
 11
-217.080727
 21
170.657741
  0
LINE
  8
Valley
 62
5
 10
-217.661209
 20
-169.175920
 11
-238.624807
 21
-225.397178
  0
LINE
  8
Valley
 62
5
 10
-217.661209
 20
-169.175920
 11
-217.661209
 21
-169.175920
  0
LINE
  8
Valley
 62
5
 10
-206.120672
 20
-117.191073
 11
-169.256989
 21
-123.237639
  0
LINE
  8
Valley
 62
5
 10
-206.120672
 20
-117.191073
 11
-217.661209
 21
-169.175920
  0
LINE
  8
Valley
 62
5
 10
-206.120672
 20
-117.191073
 11
-206.120672
 21
-117.191073
  0
LINE
  8
Valley
 62
5
 10
-200.129514
 20
-59.588886
 11
-199.284329
 21
-0.222944
  0
LINE
  8
Valley
 62
5
 10
-200.129514
 20
-59.588886
 11
-200.129514
 21
-59.588886
  0
LINE
  8
Valley
 62
5
 10
-160.918141
 20
-0.026273
 11
-163.094682
 21
62.222268
  0
LINE
  8
Valley
 62
5
 10
-160.918141
 20
-0.026273
 11
-125.552949
 21
0.011300
  0
LINE
  8
Valley
 62
5
 10
-160.918141
 20
-0.026273
 11
-160.918141
 21
-0.026273
  0
LINE
  8
Valley
 62
5
 10
-163.094682
 20
62.222268
 11
-127.485234
 21
64.587043
  0
LINE
  8
Valley
 62
5
 10
-163.094682
 20
62.222268
 11
-163.094682
 21
62.222269
  0
LINE
  8
Valley
 62
5
 10
-169.404932
 20
123.578979
 11
-133.317392
 21
128.613569
  0
LINE
  8
Valley
 62
5
 10
-169.404932
 20
123.578979
 11
-163.094682
 21
62.222269
  0
LINE
  8
Valley
 62
5
 10
-169.404932
 20
123.578979
 11
-169.404933
 21
123.578979
  0
LINE
  8
Valley
 62
5
 10
-180.015847
 20
180.214814
 11
-143.073993
 21
188.704670
  0
LINE
  8
Valley
 62
5
 10
-180.015847
 20
180.214814
 11
-169.404933
 21
123.578979
  0
LINE
  8
Valley
 62
5
 10
-180.015847
 20
180.214814
 11
-180.015847
 21
180.214814
  0
LINE
  8
Valley
 62
5
 10
-180.764742
 20
-179.659379
 11
-200.796379
 21
-241.850819
  0
LINE
  8
Valley
 62
5
 10
-180.764742
 20
-179.659379
 11
-217.661209
 21
-169.175920
  0
LINE
  8
Valley
 62
5
 10
-180.764742
 20
-179.659379
 11
-180.764742
 21
-179.659379
  0
LINE
  8
Valley
 62
5
 10
-169.256989
 20
-123.237639
 11
-133.436029
 21
-128.485574
  0
LINE
  8
Valley
 62
5
 10
-169.256989
 20
-123.237639
 11
-169.256989
 21
-123.237639
  0
LINE
  8
Valley
 62
5
 10
-169.256989
 20
-123.237639
 11
-162.705645
 21
-62.156020
  0
LINE
  8
Valley
 62
5
 10
-162.705645
 20
-62.156020
 11
-127.419832
 21
-64.527995
  0
LINE
  8
Valley
 62
5
 10
-162.705645
 20
-62.156020
 11
-162.705645
 21
-62.156020
  0
LINE
  8
Valley
 62
5
 10
-162.705645
 20
-62.156020
 11
-160.918141
 21
-0.026273
  0
LINE
  8
Valley
 62
5
 10
-125.552948
 20
0.011300
 11
-127.485234
 21
64.587043
  0
LINE
  8
Valley
 62
5
 10
-125.552948
 20
0.011300
 11
-90.313328
 21
0.008945
  0
LINE
  8
Valley
 62
5
 10
-125.552948
 20
0.011300
 11
-125.552949
 21
0.011300
  0
LINE
  8
Valley
 62
5
 10
-127.485234
 20
64.587043
 11
-91.829163
 21
66.530138
  0
LINE
  8
Valley
 62
5
 10
-127.485234
 20
64.587043
 11
-127.485234
 21
64.587043
  0
LINE
  8
Valley
 62
5
 10
-133.317392
 20
128.613569
 11
-96.475637
 21
132.801295
  0
LINE
  8
Valley
 62
5
 10
-133.317392
 20
128.613569
 11
-127.485234
 21
64.587043
  0
LINE
  8
Valley
 62
5
 10
-133.317392
 20
128.613569
 11
-133.317392
 21
128.613569
  0
LINE
  8
Valley
 62
5
 10
-143.073993
 20
188.704671
 11
-104.229311
 21
195.788117
  0
LINE
  8
Valley
 62
5
 10
-143.073993
 20
188.704671
 11
-143.073993
 21
188.704670
  0
LINE
  8
Valley
 62
5
 10
-143.623076
 20
-188.589971
 11
-160.924480
 21
-255.861014
  0
LINE
  8
Valley
 62
5
 10
-143.623076
 20
-188.589971
 11
-180.764742
 21
-179.659379
  0
LINE
  8
Valley
 62
5
 10
-143.623076
 20
-188.589971
 11
-143.623076
 21
-188.589971
  0
LINE
  8
Valley
 62
5
 10
-133.436029
 20
-128.485573
 11
-96.592760
 21
-132.786638
  0
LINE
  8
Valley
 62
5
 10
-133.436029
 20
-128.485573
 11
-133.436029
 21
-128.485574
  0
LINE
  8
Valley
 62
5
 10
-133.436029
 20
-128.485573
 11
-127.419832
 21
-64.527995
  0
LINE
  8
Valley
 62
5
 10
-127.419831
 20
-64.527995
 11
-91.845782
 21
-66.507485
  0
LINE
  8
Valley
 62
5
 10
-127.419831
 20
-64.527995
 11
-127.419832
 21
-64.527995
  0
LINE
  8
Valley
 62
5
 10
-127.419831
 20
-64.527995
 11
-125.552949
 21
0.011300
  0
LINE
  8
Valley
 62
5
 10
-90.313328
 20
0.008945
 11
-91.829163
 21
66.530138
  0
LINE
  8
Valley
 62
5
 10
-90.313328
 20
0.008945
 11
-90.313328
 21
0.008945
  0
LINE
  8
Valley
 62
5
 10
-91.829161
 20
66.530139
 11
-55.440048
 21
67.925986
  0
LINE
  8
Valley
 62
5
 10
-91.829161
 20
66.530139
 11
-91.829163
 21
66.530138
  0
LINE
  8
Valley
 62
5
 10
-91.829161
 20
66.530139
 11
-96.475636
 21
132.801295
  0
LINE
  8
Valley
 62
5
 10
-96.475636
 20
132.801295
 11
-58.421924
 21
135.825300
  0
LINE
  8
Valley
 62
5
 10
-96.475636
 20
132.801295
 11
-96.475637
 21
132.801295
  0
LINE
  8
Valley
 62
5
 10
-104.229310
 20
195.788117
 11
-63.396699
 21
200.910818
  0
LINE
  8
Valley
 62
5
 10
-104.229310
 20
195.788117
 11
-104.229311
 21
195.788117
  0
LINE
  8
Valley
 62
5
 10
-104.508209
 20
-195.855687
 11
-117.764755
 21
-267.233217
  0
LINE
  8
Valley
 62
5
 10
-104.508209
 20
-195.855687
 11
-143.623076
 21
-188.589971
  0
LINE
  8
Valley
 62
5
 10
-104.508209
 20
-195.855687
 11
-104.508208
 21
-195.855687
  0
LINE
  8
Valley
 62
5
 10
-96.592758
 20
-132.786637
 11
-58.469320
 21
-135.848300
  0
LINE
  8
Valley
 62
5
 10
-96.592758
 20
-132.786637
 11
-96.592760
 21
-132.786638
  0
LINE
  8
Valley
 62
5
 10
-96.592758
 20
-132.786637
 11
-91.845780
 21
-66.507487
  0
LINE
  8
Valley
 62
5
 10
-91.845780
 20
-66.507487
 11
-91.845782
 21
-66.507485
  0
LINE
  8
Valley
 62
5
 10
-91.845780
 20
-66.507487
 11
-55.457036
 21
-67.925420
  0
LINE
  8
Valley
 62
5
 10
-54.471685
 20
0.002332
 11
-90.313328
 21
0.008945
  0
LINE
  8
Valley
 62
5
 10
-54.471685
 20
0.002332
 11
-54.471685
 21
0.002333
  0
LINE
  8
Valley
 62
5
 10
-54.471685
 20
0.002332
 11
-55.457032
 21
-67.925417
  0
LINE
  8
Valley
 62
5
 10
-55.440044
 20
67.925983
 11
-54.471685
 21
0.002333
  0
LINE
  8
Valley
 62
5
 10
-55.440044
 20
67.925983
 11
-55.440048
 21
67.925986
  0
LINE
  8
Valley
 62
5
 10
-55.440044
 20
67.925983
 11
-18.540440
 21
68.656823
  0
LINE
  8
Valley
 62
5
 10
-58.421919
 20
135.825298
 11
-55.440048
 21
67.925986
  0
LINE
  8
Valley
 62
5
 10
-58.421919
 20
135.825298
 11
-58.421924
 21
135.825300
  0
LINE
  8
Valley
 62
5
 10
-58.421919
 20
135.825298
 11
-19.572703
 21
137.414110
  0
LINE
  8
Valley
 62
5
 10
-63.396696
 20
200.910818
 11
-58.421924
 21
135.825300
  0
LINE
  8
Valley
 62
5
 10
-63.396696
 20
200.910818
 11
-63.396699
 21
200.910818
  0
LINE
  8
Valley
 62
5
 10
-63.396696
 20
200.910818
 11
-21.307154
 21
203.610757
  0
LINE
  8
Valley
 62
5
 10
-63.455996
 20
-201.006759
 11
-21.247558
 21
-203.651566
  0
LINE
  8
Valley
 62
5
 10
-63.455996
 20
-201.006759
 11
-63.455998
 21
-201.006759
  0
LINE
  8
Valley
 62
5
 10
-63.455996
 20
-201.006759
 11
-58.469320
 21
-135.848300
  0
LINE
  8
Valley
 62
5
 10
-58.469316
 20
-135.848298
 11
-19.569078
 21
-137.427159
  0
LINE
  8
Valley
 62
5
 10
-58.469316
 20
-135.848298
 11
-58.469320
 21
-135.848300
  0
LINE
  8
Valley
 62
5
 10
-58.469316
 20
-135.848298
 11
-55.457036
 21
-67.925420
  0
LINE
  8
Valley
 62
5
 10
-55.457032
 20
-67.925417
 11
-18.544894
 21
-68.659250
  0
LINE
  8
Valley
 62
5
 10
-55.457032
 20
-67.925417
 11
-55.457036
 21
-67.925420
  0
LINE
  8
Valley
 62
5
 10
-63.455998
 20
-201.006759
 11
-71.735058
 21
-275.272944
  0
LINE
  8
Valley
 62
5
 10
-63.455998
 20
-201.006759
 11
-104.508208
 21
-195.855687
  0
LINE
  8
Valley
 62
5
 10
-91.845782
 20
-66.507485
 11
-90.313328
 21
0.008945
  0
LINE
  8
Valley
 62
5
 10
-96.592760
 20
-132.786638
 11
-104.508208
 21
-195.855687
  0
LINE
  8
Valley
 62
5
 10
-104.229311
 20
195.788117
 11
-96.475637
 21
132.801295
  0
LINE
  8
Valley
 62
5
 10
-133.436029
 20
-128.485574
 11
-143.623076
 21
-188.589971
  0
LINE
  8
Valley
 62
5
 10
-143.073993
 20
188.704670
 11
-133.317392
 21
128.613569
  0
LINE
  8
Valley
 62
5
 10
-162.705645
 20
-62.156020
 11
-200.129514
 21
-59.588886
  0
LINE
  8
Valley
 62
5
 10
-169.256989
 20
-123.237639
 11
-180.764742
 21
-179.659379
  0
LINE
  8
Valley
 62
5
 10
-200.129514
 20
-59.588886
 11
-206.120672
 21
-117.191073
  0
LINE
  8
Valley
 62
5
 10
-206.120672
 20
-117.191073
 11
-246.737127
 21
-110.656640
  0
LINE
  8
Valley
 62
5
 10
-207.242816
 20
117.896116
 11
-201.444969
 21
59.490002
  0
LINE
  8
Valley
 62
5
 10
-207.242816
 20
117.896116
 11
-250.445793
 21
112.062744
  0
LINE
  8
Valley
 62
5
 10
-201.444969
 20
59.490002
 11
-246.402822
 21
56.609358
  0
LINE
  8
Valley
 62
5
 10
-246.737127
 20
-110.656640
 11
-256.747448
 21
-157.148171
  0
LINE
  8
Valley
 62
5
 10
-256.747448
 20
-157.148171
 11
-297.466350
 21
-145.038531
  0
LINE
  8
Valley
 62
5
 10
-257.436580
 20
160.679367
 11
-250.445793
 21
112.062744
  0
LINE
  8
Valley
 62
5
 10
-257.436580
 20
160.679367
 11
-309.149851
 21
152.232649
  0
LINE
  8
Valley
 62
5
 10
-244.961749
 20
-0.990671
 11
-301.367697
 21
-3.671666
  0
LINE
  8
Valley
 62
5
 10
-297.466350
 20
-145.038531
 11
-312.146295
 21
-186.685383
  0
LINE
  8
Valley
 62
5
 10
297.466344
 20
145.038535
 11
312.146287
 21
186.685388
  0
LINE
  8
Valley
 62
5
 10
297.466344
 20
145.038535
 11
341.744064
 21
134.710866
  0
LINE
  8
Valley
 62
5
 10
250.445796
 20
-112.062734
 11
207.242832
 21
-117.896104
  0
LINE
  8
Valley
 62
5
 10
257.436574
 20
-160.679348
 11
309.149852
 21
-152.232631
  0
LINE
  8
Valley
 62
5
 10
256.747446
 20
157.148171
 11
246.737132
 21
110.656621
  0
LINE
  8
Valley
 62
5
 10
256.747446
 20
157.148171
 11
217.661228
 21
169.175910
  0
LINE
  8
Valley
 62
5
 10
244.961761
 20
0.990643
 11
301.367698
 21
3.671640
  0
LINE
  8
Valley
 62
5
 10
201.444988
 20
-59.490012
 11
207.242832
 21
-117.896104
  0
LINE
  8
Valley
 62
5
 10
201.444988
 20
-59.490012
 11
163.094716
 21
-62.222283
  0
LINE
  8
Valley
 62
5
 10
206.120690
 20
117.191052
 11
200.129533
 21
59.588846
  0
LINE
  8
Valley
 62
5
 10
200.129533
 20
59.588846
 11
162.705674
 21
62.155980
  0
LINE
  8
Valley
 62
5
 10
163.094716
 20
-62.222283
 11
169.404966
 21
-123.578965
  0
LINE
  8
Valley
 62
5
 10
162.705674
 20
62.155980
 11
160.918170
 21
0.026246
  0
LINE
  8
Valley
 62
5
 10
133.436055
 20
128.485552
 11
127.419852
 21
64.527957
  0
LINE
  8
Valley
 62
5
 10
96.475629
 20
-132.801294
 11
104.229310
 21
-195.788101
  0
LINE
  8
Valley
 62
5
 10
104.508210
 20
195.855682
 11
96.592747
 21
132.786622
  0
LINE
  8
Valley
 62
5
 10
63.455989
 20
201.006764
 11
71.735051
 21
275.272941
  0
LINE
  8
Valley
 62
5
 10
54.471642
 20
-0.002361
 11
18.206958
 21
-0.000014
  0
LINE
  8
Valley
 62
5
 10
18.540385
 20
-68.656853
 11
18.206958
 21
-0.000014
  0
LINE
  8
Valley
 62
5
 10
19.572641
 20
-137.414123
 11
21.307082
 21
-203.610754
  0
LINE
  8
Valley
 62
5
 10
21.247490
 20
203.651575
 11
19.569016
 21
137.427157
  0
LINE
  8
Valley
 62
5
 10
-18.544894
 20
-68.659250
 11
-18.207010
 21
-0.000014
  0
LINE
  8
Valley
 62
5
 10
-335.228517
 20
-64.363954
 11
-352.689337
 21
-65.279519
  0
LINE
  8
Valley
 62
5
 10
-336.824210
 20
-99.010209
 11
-350.882005
 21
-99.747335
  0
LINE
  8
Valley
 62
5
 10
-200.796379
 20
-241.850819
 11
-160.924480
 21
-255.861014
  0
LINE
  8
Valley
 62
5
 10
-71.735058
 20
-275.272944
 11
-23.996294
 21
-279.383109
  0
LINE
  8
Valley
 62
5
 10
24.246514
 20
-279.285548
 11
25.528631
 21
-303.545291
  0
LINE
  8
Valley
 62
5
 10
71.774645
 20
-275.015520
 11
117.372991
 21
-266.930504
  0
LINE
  8
Valley
 62
5
 10
71.774645
 20
-275.015520
 11
75.372856
 21
-298.425680
  0
LINE
  8
Valley
 62
5
 10
117.372991
 20
-266.930504
 11
122.950032
 21
-288.735736
  0
LINE
  8
Valley
 62
5
 10
159.855746
 20
-255.738084
 11
166.874662
 21
-275.297521
  0
LINE
  8
Valley
 62
5
 10
198.753712
 20
-242.317131
 11
206.470302
 21
-259.088057
  0
LINE
  8
Valley
 62
5
 10
235.229835
 20
-227.236646
 11
270.964899
 21
-211.230207
  0
LINE
  8
Valley
 62
5
 10
235.229835
 20
-227.236646
 11
242.614965
 21
-240.667093
  0
LINE
  8
Valley
 62
5
 10
270.964899
 20
-211.230207
 11
276.603724
 21
-220.613235
  0
LINE
  8
Valley
 62
5
 10
326.632174
 20
-0.572721
 11
350.784740
 21
-5.108180
  0
LINE
  8
Valley
 62
5
 10
335.228514
 20
64.363922
 11
352.689336
 21
65.279487
  0
LINE
  8
Valley
 62
5
 10
336.824207
 20
99.010200
 11
350.882001
 21
99.747326
  0
LINE
  8
Valley
 62
5
 10
238.624824
 20
225.397164
 11
200.796422
 21
241.850793
  0
LINE
  8
Valley
 62
5
 10
160.924513
 20
255.860995
 11
117.764764
 21
267.233207
  0
LINE
  8
Valley
 62
5
 10
71.735051
 20
275.272941
 11
23.996223
 21
279.383113
  0
LINE
  8
Valley
 62
5
 10
-24.246587
 20
279.285547
 11
-25.528704
 21
303.545288
  0
LINE
  8
Valley
 62
5
 10
-71.774651
 20
275.015527
 11
-117.372982
 21
266.930517
  0
LINE
  8
Valley
 62
5
 10
-71.774651
 20
275.015527
 11
-75.372861
 21
298.425686
  0
LINE
  8
Valley
 62
5
 10
-117.372982
 20
266.930517
 11
-122.950021
 21
288.735748
  0
LINE
  8
Valley
 62
5
 10
-159.855715
 20
255.738106
 11
-166.874629
 21
275.297543
  0
LINE
  8
Valley
 62
5
 10
-198.753670
 20
242.317160
 11
-206.470258
 21
259.088083
  0
LINE
  8
Valley
 62
5
 10
-235.229818
 20
227.236664
 11
-242.614946
 21
240.667107
  0
LINE
  8
Valley
 62
5
 10
-326.632170
 20
0.572692
 11
-350.784738
 21
5.108151
  0
ENDSEC
  0
EOF
